mode: atomic
github.com/a861252012/testnet-wallet-lab/cmd/send-and-verify/main.go:41.107,45.17 4 73
github.com/a861252012/testnet-wallet-lab/cmd/send-and-verify/main.go:45.17,48.17 3 8
github.com/a861252012/testnet-wallet-lab/cmd/send-and-verify/main.go:48.17,50.4 1 0
github.com/a861252012/testnet-wallet-lab/cmd/send-and-verify/main.go:52.2,53.16 2 73
github.com/a861252012/testnet-wallet-lab/cmd/send-and-verify/main.go:53.16,55.3 1 0
github.com/a861252012/testnet-wallet-lab/cmd/send-and-verify/main.go:56.2,58.16 3 73
github.com/a861252012/testnet-wallet-lab/cmd/send-and-verify/main.go:58.16,60.3 1 8
github.com/a861252012/testnet-wallet-lab/cmd/send-and-verify/main.go:61.2,61.19 1 73
github.com/a861252012/testnet-wallet-lab/cmd/send-and-verify/main.go:61.19,63.3 1 31
github.com/a861252012/testnet-wallet-lab/cmd/send-and-verify/main.go:64.2,65.16 2 73
github.com/a861252012/testnet-wallet-lab/cmd/send-and-verify/main.go:65.16,67.3 1 0
github.com/a861252012/testnet-wallet-lab/cmd/send-and-verify/main.go:68.2,70.16 3 73
github.com/a861252012/testnet-wallet-lab/cmd/send-and-verify/main.go:70.16,72.3 1 0
github.com/a861252012/testnet-wallet-lab/cmd/send-and-verify/main.go:73.2,75.40 3 73
github.com/a861252012/testnet-wallet-lab/cmd/send-and-verify/main.go:78.161,86.42 8 16
github.com/a861252012/testnet-wallet-lab/cmd/send-and-verify/main.go:86.42,88.3 1 0
github.com/a861252012/testnet-wallet-lab/cmd/send-and-verify/main.go:89.2,90.16 2 16
github.com/a861252012/testnet-wallet-lab/cmd/send-and-verify/main.go:90.16,92.3 1 9
github.com/a861252012/testnet-wallet-lab/cmd/send-and-verify/main.go:93.2,93.11 1 16
github.com/a861252012/testnet-wallet-lab/cmd/send-and-verify/main.go:93.11,95.3 1 3
github.com/a861252012/testnet-wallet-lab/cmd/send-and-verify/main.go:96.2,96.17 1 16
github.com/a861252012/testnet-wallet-lab/cmd/send-and-verify/main.go:96.17,98.3 1 4
github.com/a861252012/testnet-wallet-lab/cmd/send-and-verify/main.go:99.2,99.37 1 16
github.com/a861252012/testnet-wallet-lab/cmd/send-and-verify/main.go:99.37,101.3 1 2
github.com/a861252012/testnet-wallet-lab/cmd/send-and-verify/main.go:102.2,104.216 3 14
github.com/a861252012/testnet-wallet-lab/cmd/send-and-verify/main.go:104.216,106.3 1 2
github.com/a861252012/testnet-wallet-lab/cmd/send-and-verify/main.go:108.2,109.73 2 12
github.com/a861252012/testnet-wallet-lab/cmd/send-and-verify/main.go:109.73,109.107 1 1
github.com/a861252012/testnet-wallet-lab/cmd/send-and-verify/main.go:110.2,111.17 2 12
github.com/a861252012/testnet-wallet-lab/cmd/send-and-verify/main.go:111.17,112.68 1 4
github.com/a861252012/testnet-wallet-lab/cmd/send-and-verify/main.go:112.68,114.4 1 1
github.com/a861252012/testnet-wallet-lab/cmd/send-and-verify/main.go:115.8,117.17 2 8
github.com/a861252012/testnet-wallet-lab/cmd/send-and-verify/main.go:117.17,119.4 1 1
github.com/a861252012/testnet-wallet-lab/cmd/send-and-verify/main.go:120.3,120.51 1 7
github.com/a861252012/testnet-wallet-lab/cmd/send-and-verify/main.go:120.51,122.4 1 0
github.com/a861252012/testnet-wallet-lab/cmd/send-and-verify/main.go:123.3,124.17 2 7
github.com/a861252012/testnet-wallet-lab/cmd/send-and-verify/main.go:124.17,126.4 1 0
github.com/a861252012/testnet-wallet-lab/cmd/send-and-verify/main.go:127.3,127.38 1 7
github.com/a861252012/testnet-wallet-lab/cmd/send-and-verify/main.go:127.38,129.4 1 0
github.com/a861252012/testnet-wallet-lab/cmd/send-and-verify/main.go:130.3,131.17 2 7
github.com/a861252012/testnet-wallet-lab/cmd/send-and-verify/main.go:131.17,133.4 1 0
github.com/a861252012/testnet-wallet-lab/cmd/send-and-verify/main.go:134.3,134.42 1 7
github.com/a861252012/testnet-wallet-lab/cmd/send-and-verify/main.go:134.42,136.4 1 0
github.com/a861252012/testnet-wallet-lab/cmd/send-and-verify/main.go:137.3,142.17 2 7
github.com/a861252012/testnet-wallet-lab/cmd/send-and-verify/main.go:142.17,144.4 1 0
github.com/a861252012/testnet-wallet-lab/cmd/send-and-verify/main.go:145.3,145.17 1 7
github.com/a861252012/testnet-wallet-lab/cmd/send-and-verify/main.go:145.17,146.27 1 5
github.com/a861252012/testnet-wallet-lab/cmd/send-and-verify/main.go:146.27,147.99 1 3
github.com/a861252012/testnet-wallet-lab/cmd/send-and-verify/main.go:147.99,149.6 1 2
github.com/a861252012/testnet-wallet-lab/cmd/send-and-verify/main.go:150.5,151.15 2 1
github.com/a861252012/testnet-wallet-lab/cmd/send-and-verify/main.go:153.4,153.39 1 2
github.com/a861252012/testnet-wallet-lab/cmd/send-and-verify/main.go:153.39,155.5 1 0
github.com/a861252012/testnet-wallet-lab/cmd/send-and-verify/main.go:156.4,157.14 2 2
github.com/a861252012/testnet-wallet-lab/cmd/send-and-verify/main.go:159.3,159.38 1 2
github.com/a861252012/testnet-wallet-lab/cmd/send-and-verify/main.go:159.38,161.4 1 0
github.com/a861252012/testnet-wallet-lab/cmd/send-and-verify/main.go:162.3,166.7 4 2
github.com/a861252012/testnet-wallet-lab/cmd/send-and-verify/main.go:166.7,168.13 2 8
github.com/a861252012/testnet-wallet-lab/cmd/send-and-verify/main.go:168.13,169.21 1 8
github.com/a861252012/testnet-wallet-lab/cmd/send-and-verify/main.go:169.21,170.11 1 2
github.com/a861252012/testnet-wallet-lab/cmd/send-and-verify/main.go:172.5,172.25 1 6
github.com/a861252012/testnet-wallet-lab/cmd/send-and-verify/main.go:174.4,174.16 1 6
github.com/a861252012/testnet-wallet-lab/cmd/send-and-verify/main.go:174.16,175.20 1 0
github.com/a861252012/testnet-wallet-lab/cmd/send-and-verify/main.go:175.20,177.6 1 0
github.com/a861252012/testnet-wallet-lab/cmd/send-and-verify/main.go:178.5,178.10 1 0
github.com/a861252012/testnet-wallet-lab/cmd/send-and-verify/main.go:181.3,181.56 1 2
github.com/a861252012/testnet-wallet-lab/cmd/send-and-verify/main.go:181.56,183.4 1 1
github.com/a861252012/testnet-wallet-lab/cmd/send-and-verify/main.go:184.3,187.17 4 1
github.com/a861252012/testnet-wallet-lab/cmd/send-and-verify/main.go:187.17,189.4 1 0
github.com/a861252012/testnet-wallet-lab/cmd/send-and-verify/main.go:190.3,195.17 3 1
github.com/a861252012/testnet-wallet-lab/cmd/send-and-verify/main.go:195.17,197.4 1 0
github.com/a861252012/testnet-wallet-lab/cmd/send-and-verify/main.go:198.3,198.41 1 1
github.com/a861252012/testnet-wallet-lab/cmd/send-and-verify/main.go:198.41,200.4 1 0
github.com/a861252012/testnet-wallet-lab/cmd/send-and-verify/main.go:201.3,202.71 2 1
github.com/a861252012/testnet-wallet-lab/cmd/send-and-verify/main.go:204.2,205.15 2 4
github.com/a861252012/testnet-wallet-lab/cmd/send-and-verify/main.go:205.15,207.17 2 43
github.com/a861252012/testnet-wallet-lab/cmd/send-and-verify/main.go:207.17,209.4 1 0
github.com/a861252012/testnet-wallet-lab/cmd/send-and-verify/main.go:210.3,210.85 1 43
github.com/a861252012/testnet-wallet-lab/cmd/send-and-verify/main.go:210.85,212.36 2 3
github.com/a861252012/testnet-wallet-lab/cmd/send-and-verify/main.go:212.36,214.5 1 1
github.com/a861252012/testnet-wallet-lab/cmd/send-and-verify/main.go:215.4,215.14 1 2
github.com/a861252012/testnet-wallet-lab/cmd/send-and-verify/main.go:217.3,217.25 1 40
github.com/a861252012/testnet-wallet-lab/cmd/send-and-verify/main.go:219.2,219.80 1 1
github.com/a861252012/testnet-wallet-lab/cmd/send-and-verify/main.go:221.13,222.145 1 0
github.com/a861252012/testnet-wallet-lab/cmd/send-and-verify/main.go:222.145,222.193 1 0
github.com/a861252012/testnet-wallet-lab/cmd/send-and-verify/main.go:223.2,223.34 1 0
github.com/a861252012/testnet-wallet-lab/cmd/send-and-verify/main.go:223.34,225.3 1 0
github.com/a861252012/testnet-wallet-lab/cmd/send-and-verify/main.go:226.2,226.16 1 0
github.com/a861252012/testnet-wallet-lab/cmd/send-and-verify/main.go:226.16,229.3 2 0
github.com/a861252012/testnet-wallet-lab/cmd/accept-erc4337/main.go:32.13,33.30 1 0
github.com/a861252012/testnet-wallet-lab/cmd/accept-erc4337/main.go:33.30,36.3 2 0
github.com/a861252012/testnet-wallet-lab/cmd/accept-erc4337/main.go:39.18,47.22 8 0
github.com/a861252012/testnet-wallet-lab/cmd/accept-erc4337/main.go:47.22,49.3 1 0
github.com/a861252012/testnet-wallet-lab/cmd/accept-erc4337/main.go:50.2,50.76 1 0
github.com/a861252012/testnet-wallet-lab/cmd/accept-erc4337/main.go:50.76,52.3 1 0
github.com/a861252012/testnet-wallet-lab/cmd/accept-erc4337/main.go:53.2,53.14 1 0
github.com/a861252012/testnet-wallet-lab/cmd/accept-erc4337/main.go:53.14,54.49 1 0
github.com/a861252012/testnet-wallet-lab/cmd/accept-erc4337/main.go:54.49,56.4 1 0
github.com/a861252012/testnet-wallet-lab/cmd/accept-erc4337/main.go:57.3,58.17 2 0
github.com/a861252012/testnet-wallet-lab/cmd/accept-erc4337/main.go:58.17,60.4 1 0
github.com/a861252012/testnet-wallet-lab/cmd/accept-erc4337/main.go:61.3,62.87 2 0
github.com/a861252012/testnet-wallet-lab/cmd/accept-erc4337/main.go:62.87,64.4 1 0
github.com/a861252012/testnet-wallet-lab/cmd/accept-erc4337/main.go:66.2,69.16 4 0
github.com/a861252012/testnet-wallet-lab/cmd/accept-erc4337/main.go:69.16,71.3 1 0
github.com/a861252012/testnet-wallet-lab/cmd/accept-erc4337/main.go:72.2,75.16 4 0
github.com/a861252012/testnet-wallet-lab/cmd/accept-erc4337/main.go:75.16,77.3 1 0
github.com/a861252012/testnet-wallet-lab/cmd/accept-erc4337/main.go:78.2,78.26 1 0
github.com/a861252012/testnet-wallet-lab/cmd/accept-erc4337/main.go:78.26,80.3 1 0
github.com/a861252012/testnet-wallet-lab/cmd/accept-erc4337/main.go:81.2,82.16 2 0
github.com/a861252012/testnet-wallet-lab/cmd/accept-erc4337/main.go:82.16,84.3 1 0
github.com/a861252012/testnet-wallet-lab/cmd/accept-erc4337/main.go:85.2,87.66 3 0
github.com/a861252012/testnet-wallet-lab/cmd/accept-erc4337/main.go:87.66,89.3 1 0
github.com/a861252012/testnet-wallet-lab/cmd/accept-erc4337/main.go:90.2,90.23 1 0
github.com/a861252012/testnet-wallet-lab/cmd/accept-erc4337/main.go:90.23,92.3 1 0
github.com/a861252012/testnet-wallet-lab/cmd/accept-erc4337/main.go:93.2,94.85 2 0
github.com/a861252012/testnet-wallet-lab/cmd/accept-erc4337/main.go:94.85,96.3 1 0
github.com/a861252012/testnet-wallet-lab/cmd/accept-erc4337/main.go:97.2,98.30 2 0
github.com/a861252012/testnet-wallet-lab/cmd/accept-erc4337/main.go:98.30,100.3 1 0
github.com/a861252012/testnet-wallet-lab/cmd/accept-erc4337/main.go:101.2,101.12 1 0
github.com/a861252012/testnet-wallet-lab/cmd/accept-erc4337/main.go:101.12,103.3 1 0
github.com/a861252012/testnet-wallet-lab/cmd/accept-erc4337/main.go:104.2,104.58 1 0
github.com/a861252012/testnet-wallet-lab/cmd/accept-erc4337/main.go:104.58,106.15 2 0
github.com/a861252012/testnet-wallet-lab/cmd/accept-erc4337/main.go:106.15,108.4 1 0
github.com/a861252012/testnet-wallet-lab/cmd/accept-erc4337/main.go:109.3,109.21 1 0
github.com/a861252012/testnet-wallet-lab/cmd/accept-erc4337/main.go:109.21,111.4 1 0
github.com/a861252012/testnet-wallet-lab/cmd/accept-erc4337/main.go:113.2,114.40 2 0
github.com/a861252012/testnet-wallet-lab/cmd/accept-erc4337/main.go:114.40,115.14 1 0
github.com/a861252012/testnet-wallet-lab/cmd/accept-erc4337/main.go:115.14,117.4 1 0
github.com/a861252012/testnet-wallet-lab/cmd/accept-erc4337/main.go:118.3,119.47 2 0
github.com/a861252012/testnet-wallet-lab/cmd/accept-erc4337/main.go:119.47,121.4 1 0
github.com/a861252012/testnet-wallet-lab/cmd/accept-erc4337/main.go:122.3,123.69 2 0
github.com/a861252012/testnet-wallet-lab/cmd/accept-erc4337/main.go:123.69,125.4 1 0
github.com/a861252012/testnet-wallet-lab/cmd/accept-erc4337/main.go:126.3,126.48 1 0
github.com/a861252012/testnet-wallet-lab/cmd/accept-erc4337/main.go:126.48,128.4 1 0
github.com/a861252012/testnet-wallet-lab/cmd/accept-erc4337/main.go:130.2,131.23 2 0
github.com/a861252012/testnet-wallet-lab/cmd/accept-erc4337/main.go:131.23,133.17 2 0
github.com/a861252012/testnet-wallet-lab/cmd/accept-erc4337/main.go:133.17,135.4 1 0
github.com/a861252012/testnet-wallet-lab/cmd/accept-erc4337/main.go:137.2,140.16 4 0
github.com/a861252012/testnet-wallet-lab/cmd/accept-erc4337/main.go:140.16,142.3 1 0
github.com/a861252012/testnet-wallet-lab/cmd/accept-erc4337/main.go:143.2,143.23 1 0
github.com/a861252012/testnet-wallet-lab/cmd/accept-erc4337/main.go:143.23,145.3 1 0
github.com/a861252012/testnet-wallet-lab/cmd/accept-erc4337/main.go:146.2,148.16 3 0
github.com/a861252012/testnet-wallet-lab/cmd/accept-erc4337/main.go:148.16,150.3 1 0
github.com/a861252012/testnet-wallet-lab/cmd/accept-erc4337/main.go:151.2,153.16 3 0
github.com/a861252012/testnet-wallet-lab/cmd/accept-erc4337/main.go:153.16,155.3 1 0
github.com/a861252012/testnet-wallet-lab/cmd/accept-erc4337/main.go:156.2,159.16 4 0
github.com/a861252012/testnet-wallet-lab/cmd/accept-erc4337/main.go:159.16,160.50 1 0
github.com/a861252012/testnet-wallet-lab/cmd/accept-erc4337/main.go:160.50,162.4 1 0
github.com/a861252012/testnet-wallet-lab/cmd/accept-erc4337/main.go:163.8,163.32 1 0
github.com/a861252012/testnet-wallet-lab/cmd/accept-erc4337/main.go:163.32,165.3 1 0
github.com/a861252012/testnet-wallet-lab/cmd/accept-erc4337/main.go:165.8,166.14 1 0
github.com/a861252012/testnet-wallet-lab/cmd/accept-erc4337/main.go:166.14,168.4 1 0
github.com/a861252012/testnet-wallet-lab/cmd/accept-erc4337/main.go:169.3,169.13 1 0
github.com/a861252012/testnet-wallet-lab/cmd/accept-erc4337/main.go:169.13,171.4 1 0
github.com/a861252012/testnet-wallet-lab/cmd/accept-erc4337/main.go:172.3,173.15 2 0
github.com/a861252012/testnet-wallet-lab/cmd/accept-erc4337/main.go:173.15,175.4 1 0
github.com/a861252012/testnet-wallet-lab/cmd/accept-erc4337/main.go:176.3,176.21 1 0
github.com/a861252012/testnet-wallet-lab/cmd/accept-erc4337/main.go:176.21,178.4 1 0
github.com/a861252012/testnet-wallet-lab/cmd/accept-erc4337/main.go:179.3,180.15 2 0
github.com/a861252012/testnet-wallet-lab/cmd/accept-erc4337/main.go:180.15,182.4 1 0
github.com/a861252012/testnet-wallet-lab/cmd/accept-erc4337/main.go:183.3,183.35 1 0
github.com/a861252012/testnet-wallet-lab/cmd/accept-erc4337/main.go:183.35,185.4 1 0
github.com/a861252012/testnet-wallet-lab/cmd/accept-erc4337/main.go:186.3,187.15 2 0
github.com/a861252012/testnet-wallet-lab/cmd/accept-erc4337/main.go:187.15,189.4 1 0
github.com/a861252012/testnet-wallet-lab/cmd/accept-erc4337/main.go:190.3,191.15 2 0
github.com/a861252012/testnet-wallet-lab/cmd/accept-erc4337/main.go:191.15,193.4 1 0
github.com/a861252012/testnet-wallet-lab/cmd/accept-erc4337/main.go:194.3,196.81 3 0
github.com/a861252012/testnet-wallet-lab/cmd/accept-erc4337/main.go:196.81,198.4 1 0
github.com/a861252012/testnet-wallet-lab/cmd/accept-erc4337/main.go:199.3,200.15 2 0
github.com/a861252012/testnet-wallet-lab/cmd/accept-erc4337/main.go:200.15,202.4 1 0
github.com/a861252012/testnet-wallet-lab/cmd/accept-erc4337/main.go:203.3,205.15 3 0
github.com/a861252012/testnet-wallet-lab/cmd/accept-erc4337/main.go:205.15,207.4 1 0
github.com/a861252012/testnet-wallet-lab/cmd/accept-erc4337/main.go:208.3,209.15 2 0
github.com/a861252012/testnet-wallet-lab/cmd/accept-erc4337/main.go:209.15,211.4 1 0
github.com/a861252012/testnet-wallet-lab/cmd/accept-erc4337/main.go:212.3,213.15 2 0
github.com/a861252012/testnet-wallet-lab/cmd/accept-erc4337/main.go:213.15,215.4 1 0
github.com/a861252012/testnet-wallet-lab/cmd/accept-erc4337/main.go:216.3,217.15 2 0
github.com/a861252012/testnet-wallet-lab/cmd/accept-erc4337/main.go:217.15,219.4 1 0
github.com/a861252012/testnet-wallet-lab/cmd/accept-erc4337/main.go:220.3,220.115 1 0
github.com/a861252012/testnet-wallet-lab/cmd/accept-erc4337/main.go:220.115,221.33 1 0
github.com/a861252012/testnet-wallet-lab/cmd/accept-erc4337/main.go:221.33,223.5 1 0
github.com/a861252012/testnet-wallet-lab/cmd/accept-erc4337/main.go:224.4,225.28 2 0
github.com/a861252012/testnet-wallet-lab/cmd/accept-erc4337/main.go:227.3,236.54 8 0
github.com/a861252012/testnet-wallet-lab/cmd/accept-erc4337/main.go:236.54,238.4 1 0
github.com/a861252012/testnet-wallet-lab/cmd/accept-erc4337/main.go:239.3,239.61 1 0
github.com/a861252012/testnet-wallet-lab/cmd/accept-erc4337/main.go:239.61,241.4 1 0
github.com/a861252012/testnet-wallet-lab/cmd/accept-erc4337/main.go:242.3,243.15 2 0
github.com/a861252012/testnet-wallet-lab/cmd/accept-erc4337/main.go:243.15,245.4 1 0
github.com/a861252012/testnet-wallet-lab/cmd/accept-erc4337/main.go:246.3,247.15 2 0
github.com/a861252012/testnet-wallet-lab/cmd/accept-erc4337/main.go:247.15,249.4 1 0
github.com/a861252012/testnet-wallet-lab/cmd/accept-erc4337/main.go:250.3,250.43 1 0
github.com/a861252012/testnet-wallet-lab/cmd/accept-erc4337/main.go:250.43,252.4 1 0
github.com/a861252012/testnet-wallet-lab/cmd/accept-erc4337/main.go:254.2,254.67 1 0
github.com/a861252012/testnet-wallet-lab/cmd/accept-erc4337/main.go:254.67,256.3 1 0
github.com/a861252012/testnet-wallet-lab/cmd/accept-erc4337/main.go:257.2,258.16 2 0
github.com/a861252012/testnet-wallet-lab/cmd/accept-erc4337/main.go:258.16,260.3 1 0
github.com/a861252012/testnet-wallet-lab/cmd/accept-erc4337/main.go:261.2,263.52 3 0
github.com/a861252012/testnet-wallet-lab/cmd/accept-erc4337/main.go:263.52,265.15 2 0
github.com/a861252012/testnet-wallet-lab/cmd/accept-erc4337/main.go:265.15,267.4 1 0
github.com/a861252012/testnet-wallet-lab/cmd/accept-erc4337/main.go:268.3,268.18 1 0
github.com/a861252012/testnet-wallet-lab/cmd/accept-erc4337/main.go:268.18,270.4 1 0
github.com/a861252012/testnet-wallet-lab/cmd/accept-erc4337/main.go:271.3,272.79 2 0
github.com/a861252012/testnet-wallet-lab/cmd/accept-erc4337/main.go:274.2,274.16 1 0
github.com/a861252012/testnet-wallet-lab/cmd/accept-erc4337/main.go:274.16,276.3 1 0
github.com/a861252012/testnet-wallet-lab/cmd/accept-erc4337/main.go:277.2,277.75 1 0
github.com/a861252012/testnet-wallet-lab/cmd/accept-erc4337/main.go:277.75,279.3 1 0
github.com/a861252012/testnet-wallet-lab/cmd/accept-erc4337/main.go:280.2,281.16 2 0
github.com/a861252012/testnet-wallet-lab/cmd/accept-erc4337/main.go:281.16,283.3 1 0
github.com/a861252012/testnet-wallet-lab/cmd/accept-erc4337/main.go:284.2,284.14 1 0
github.com/a861252012/testnet-wallet-lab/cmd/accept-erc4337/main.go:284.14,285.90 1 0
github.com/a861252012/testnet-wallet-lab/cmd/accept-erc4337/main.go:285.90,287.4 1 0
github.com/a861252012/testnet-wallet-lab/cmd/accept-erc4337/main.go:289.2,290.12 2 0
github.com/a861252012/testnet-wallet-lab/cmd/accept-erc4337/main.go:293.47,295.16 2 2
github.com/a861252012/testnet-wallet-lab/cmd/accept-erc4337/main.go:295.16,297.3 1 1
github.com/a861252012/testnet-wallet-lab/cmd/accept-erc4337/main.go:298.2,298.40 1 1
github.com/a861252012/testnet-wallet-lab/cmd/accept-erc4337/main.go:298.40,301.3 2 0
github.com/a861252012/testnet-wallet-lab/cmd/accept-erc4337/main.go:302.2,302.32 1 1
github.com/a861252012/testnet-wallet-lab/cmd/accept-erc4337/main.go:302.32,305.3 2 0
github.com/a861252012/testnet-wallet-lab/cmd/accept-erc4337/main.go:306.2,306.33 1 1
github.com/a861252012/testnet-wallet-lab/cmd/accept-erc4337/main.go:306.33,308.3 1 0
github.com/a861252012/testnet-wallet-lab/cmd/accept-erc4337/main.go:309.2,310.16 2 1
github.com/a861252012/testnet-wallet-lab/cmd/accept-erc4337/main.go:310.16,312.3 1 0
github.com/a861252012/testnet-wallet-lab/cmd/accept-erc4337/main.go:313.2,314.17 2 1
github.com/a861252012/testnet-wallet-lab/cmd/accept-erc4337/main.go:317.95,318.38 1 6
github.com/a861252012/testnet-wallet-lab/cmd/accept-erc4337/main.go:318.38,320.3 1 0
github.com/a861252012/testnet-wallet-lab/cmd/accept-erc4337/main.go:321.2,322.75 2 6
github.com/a861252012/testnet-wallet-lab/cmd/accept-erc4337/main.go:322.75,324.3 1 0
github.com/a861252012/testnet-wallet-lab/cmd/accept-erc4337/main.go:325.2,326.16 2 6
github.com/a861252012/testnet-wallet-lab/cmd/accept-erc4337/main.go:326.16,328.3 1 0
github.com/a861252012/testnet-wallet-lab/cmd/accept-erc4337/main.go:329.2,330.169 2 6
github.com/a861252012/testnet-wallet-lab/cmd/accept-erc4337/main.go:330.169,332.3 1 4
github.com/a861252012/testnet-wallet-lab/cmd/accept-erc4337/main.go:333.2,334.16 2 2
github.com/a861252012/testnet-wallet-lab/cmd/accept-erc4337/main.go:334.16,336.3 1 0
github.com/a861252012/testnet-wallet-lab/cmd/accept-erc4337/main.go:337.2,338.16 2 2
github.com/a861252012/testnet-wallet-lab/cmd/accept-erc4337/main.go:338.16,340.3 1 1
github.com/a861252012/testnet-wallet-lab/cmd/accept-erc4337/main.go:341.2,341.12 1 1
github.com/a861252012/testnet-wallet-lab/cmd/accept-erc4337/main.go:341.12,343.3 1 0
github.com/a861252012/testnet-wallet-lab/cmd/accept-erc4337/main.go:344.2,344.12 1 1
github.com/a861252012/testnet-wallet-lab/cmd/accept-erc4337/main.go:347.161,348.175 1 13
github.com/a861252012/testnet-wallet-lab/cmd/accept-erc4337/main.go:348.175,350.3 1 3
github.com/a861252012/testnet-wallet-lab/cmd/accept-erc4337/main.go:351.2,352.16 2 10
github.com/a861252012/testnet-wallet-lab/cmd/accept-erc4337/main.go:352.16,354.3 1 1
github.com/a861252012/testnet-wallet-lab/cmd/accept-erc4337/main.go:355.2,355.235 1 9
github.com/a861252012/testnet-wallet-lab/cmd/accept-erc4337/main.go:355.235,357.3 1 1
github.com/a861252012/testnet-wallet-lab/cmd/accept-erc4337/main.go:358.2,359.16 2 8
github.com/a861252012/testnet-wallet-lab/cmd/accept-erc4337/main.go:359.16,361.3 1 0
github.com/a861252012/testnet-wallet-lab/cmd/accept-erc4337/main.go:362.2,362.34 1 8
github.com/a861252012/testnet-wallet-lab/cmd/accept-erc4337/main.go:362.34,364.3 1 1
github.com/a861252012/testnet-wallet-lab/cmd/accept-erc4337/main.go:365.2,369.29 5 7
github.com/a861252012/testnet-wallet-lab/cmd/accept-erc4337/main.go:369.29,370.15 1 14
github.com/a861252012/testnet-wallet-lab/cmd/accept-erc4337/main.go:370.15,372.4 1 0
github.com/a861252012/testnet-wallet-lab/cmd/accept-erc4337/main.go:373.3,373.320 1 14
github.com/a861252012/testnet-wallet-lab/cmd/accept-erc4337/main.go:373.320,375.4 1 6
github.com/a861252012/testnet-wallet-lab/cmd/accept-erc4337/main.go:376.3,376.346 1 14
github.com/a861252012/testnet-wallet-lab/cmd/accept-erc4337/main.go:376.346,378.4 1 6
github.com/a861252012/testnet-wallet-lab/cmd/accept-erc4337/main.go:380.2,380.14 1 7
github.com/a861252012/testnet-wallet-lab/cmd/accept-erc4337/main.go:380.14,382.3 1 1
github.com/a861252012/testnet-wallet-lab/cmd/accept-erc4337/main.go:383.2,383.15 1 6
github.com/a861252012/testnet-wallet-lab/cmd/accept-erc4337/main.go:383.15,385.3 1 1
github.com/a861252012/testnet-wallet-lab/cmd/accept-erc4337/main.go:386.2,388.16 3 5
github.com/a861252012/testnet-wallet-lab/cmd/accept-erc4337/main.go:388.16,390.3 1 0
github.com/a861252012/testnet-wallet-lab/cmd/accept-erc4337/main.go:391.2,392.16 2 5
github.com/a861252012/testnet-wallet-lab/cmd/accept-erc4337/main.go:392.16,394.3 1 0
github.com/a861252012/testnet-wallet-lab/cmd/accept-erc4337/main.go:395.2,395.41 1 5
github.com/a861252012/testnet-wallet-lab/cmd/accept-erc4337/main.go:395.41,397.3 1 1
github.com/a861252012/testnet-wallet-lab/cmd/accept-erc4337/main.go:398.2,398.100 1 4
github.com/a861252012/testnet-wallet-lab/cmd/accept-erc4337/main.go:398.100,400.15 2 7
github.com/a861252012/testnet-wallet-lab/cmd/accept-erc4337/main.go:400.15,402.4 1 0
github.com/a861252012/testnet-wallet-lab/cmd/accept-erc4337/main.go:403.3,403.59 1 7
github.com/a861252012/testnet-wallet-lab/cmd/accept-erc4337/main.go:403.59,405.4 1 2
github.com/a861252012/testnet-wallet-lab/cmd/accept-erc4337/main.go:407.2,408.16 2 2
github.com/a861252012/testnet-wallet-lab/cmd/accept-erc4337/main.go:408.16,410.3 1 0
github.com/a861252012/testnet-wallet-lab/cmd/accept-erc4337/main.go:411.2,412.16 2 2
github.com/a861252012/testnet-wallet-lab/cmd/accept-erc4337/main.go:412.16,414.3 1 0
github.com/a861252012/testnet-wallet-lab/cmd/accept-erc4337/main.go:415.2,415.83 1 2
github.com/a861252012/testnet-wallet-lab/cmd/accept-erc4337/main.go:415.83,417.3 1 1
github.com/a861252012/testnet-wallet-lab/cmd/accept-erc4337/main.go:418.2,419.16 2 1
github.com/a861252012/testnet-wallet-lab/cmd/accept-erc4337/main.go:419.16,421.3 1 0
github.com/a861252012/testnet-wallet-lab/cmd/accept-erc4337/main.go:422.2,422.34 1 1
github.com/a861252012/testnet-wallet-lab/cmd/accept-erc4337/main.go:422.34,424.3 1 0
github.com/a861252012/testnet-wallet-lab/cmd/accept-erc4337/main.go:426.2,427.12 2 1
github.com/a861252012/testnet-wallet-lab/cmd/testnet-wallet-lab/config.go:64.68,67.44 3 22
github.com/a861252012/testnet-wallet-lab/cmd/testnet-wallet-lab/config.go:67.44,69.3 1 2
github.com/a861252012/testnet-wallet-lab/cmd/testnet-wallet-lab/config.go:71.2,72.46 2 20
github.com/a861252012/testnet-wallet-lab/cmd/testnet-wallet-lab/config.go:72.46,74.3 1 1
github.com/a861252012/testnet-wallet-lab/cmd/testnet-wallet-lab/config.go:76.2,77.48 2 19
github.com/a861252012/testnet-wallet-lab/cmd/testnet-wallet-lab/config.go:77.48,79.3 1 1
github.com/a861252012/testnet-wallet-lab/cmd/testnet-wallet-lab/config.go:80.2,82.88 3 18
github.com/a861252012/testnet-wallet-lab/cmd/testnet-wallet-lab/config.go:82.88,84.3 1 1
github.com/a861252012/testnet-wallet-lab/cmd/testnet-wallet-lab/config.go:85.2,85.38 1 17
github.com/a861252012/testnet-wallet-lab/cmd/testnet-wallet-lab/config.go:85.38,87.3 1 1
github.com/a861252012/testnet-wallet-lab/cmd/testnet-wallet-lab/config.go:88.2,88.24 1 16
github.com/a861252012/testnet-wallet-lab/cmd/testnet-wallet-lab/config.go:88.24,90.208 2 13
github.com/a861252012/testnet-wallet-lab/cmd/testnet-wallet-lab/config.go:90.208,92.4 1 9
github.com/a861252012/testnet-wallet-lab/cmd/testnet-wallet-lab/config.go:93.3,93.43 1 4
github.com/a861252012/testnet-wallet-lab/cmd/testnet-wallet-lab/config.go:93.43,95.4 1 1
github.com/a861252012/testnet-wallet-lab/cmd/testnet-wallet-lab/config.go:98.2,99.24 2 6
github.com/a861252012/testnet-wallet-lab/cmd/testnet-wallet-lab/config.go:99.24,101.17 2 1
github.com/a861252012/testnet-wallet-lab/cmd/testnet-wallet-lab/config.go:101.17,103.4 1 1
github.com/a861252012/testnet-wallet-lab/cmd/testnet-wallet-lab/config.go:104.3,104.33 1 0
github.com/a861252012/testnet-wallet-lab/cmd/testnet-wallet-lab/config.go:107.2,123.48 3 5
github.com/a861252012/testnet-wallet-lab/cmd/testnet-wallet-lab/config.go:123.48,130.3 2 20
github.com/a861252012/testnet-wallet-lab/cmd/testnet-wallet-lab/config.go:132.2,132.20 1 5
github.com/a861252012/testnet-wallet-lab/cmd/testnet-wallet-lab/config.go:135.49,137.20 2 25
github.com/a861252012/testnet-wallet-lab/cmd/testnet-wallet-lab/config.go:137.20,139.3 1 23
github.com/a861252012/testnet-wallet-lab/cmd/testnet-wallet-lab/config.go:140.2,140.56 1 2
github.com/a861252012/testnet-wallet-lab/cmd/testnet-wallet-lab/config.go:140.56,142.3 1 3
github.com/a861252012/testnet-wallet-lab/cmd/testnet-wallet-lab/config.go:143.2,143.13 1 2
github.com/a861252012/testnet-wallet-lab/cmd/testnet-wallet-lab/config.go:154.62,156.76 2 4
github.com/a861252012/testnet-wallet-lab/cmd/testnet-wallet-lab/config.go:156.76,158.3 1 2
github.com/a861252012/testnet-wallet-lab/cmd/testnet-wallet-lab/config.go:159.2,160.16 2 2
github.com/a861252012/testnet-wallet-lab/cmd/testnet-wallet-lab/config.go:160.16,162.3 1 0
github.com/a861252012/testnet-wallet-lab/cmd/testnet-wallet-lab/config.go:163.2,164.105 2 2
github.com/a861252012/testnet-wallet-lab/cmd/testnet-wallet-lab/config.go:164.105,166.3 1 1
github.com/a861252012/testnet-wallet-lab/cmd/testnet-wallet-lab/config.go:167.2,167.20 1 1
github.com/a861252012/testnet-wallet-lab/cmd/testnet-wallet-lab/main.go:26.13,27.30 1 0
github.com/a861252012/testnet-wallet-lab/cmd/testnet-wallet-lab/main.go:27.30,30.3 2 0
github.com/a861252012/testnet-wallet-lab/cmd/testnet-wallet-lab/main.go:33.18,34.23 1 0
github.com/a861252012/testnet-wallet-lab/cmd/testnet-wallet-lab/main.go:34.23,35.21 1 0
github.com/a861252012/testnet-wallet-lab/cmd/testnet-wallet-lab/main.go:36.20,38.14 2 0
github.com/a861252012/testnet-wallet-lab/cmd/testnet-wallet-lab/main.go:39.24,41.18 2 0
github.com/a861252012/testnet-wallet-lab/cmd/testnet-wallet-lab/main.go:41.18,43.5 1 0
github.com/a861252012/testnet-wallet-lab/cmd/testnet-wallet-lab/main.go:44.4,46.18 3 0
github.com/a861252012/testnet-wallet-lab/cmd/testnet-wallet-lab/main.go:46.18,48.5 1 0
github.com/a861252012/testnet-wallet-lab/cmd/testnet-wallet-lab/main.go:49.4,50.44 2 0
github.com/a861252012/testnet-wallet-lab/cmd/testnet-wallet-lab/main.go:50.44,52.5 1 0
github.com/a861252012/testnet-wallet-lab/cmd/testnet-wallet-lab/main.go:53.4,53.14 1 0
github.com/a861252012/testnet-wallet-lab/cmd/testnet-wallet-lab/main.go:56.2,57.16 2 0
github.com/a861252012/testnet-wallet-lab/cmd/testnet-wallet-lab/main.go:57.16,59.3 1 0
github.com/a861252012/testnet-wallet-lab/cmd/testnet-wallet-lab/main.go:60.2,61.16 2 0
github.com/a861252012/testnet-wallet-lab/cmd/testnet-wallet-lab/main.go:61.16,63.3 1 0
github.com/a861252012/testnet-wallet-lab/cmd/testnet-wallet-lab/main.go:64.2,66.16 3 0
github.com/a861252012/testnet-wallet-lab/cmd/testnet-wallet-lab/main.go:66.16,68.3 1 0
github.com/a861252012/testnet-wallet-lab/cmd/testnet-wallet-lab/main.go:69.2,70.31 2 0
github.com/a861252012/testnet-wallet-lab/cmd/testnet-wallet-lab/main.go:70.31,71.76 1 0
github.com/a861252012/testnet-wallet-lab/cmd/testnet-wallet-lab/main.go:71.76,73.4 1 0
github.com/a861252012/testnet-wallet-lab/cmd/testnet-wallet-lab/main.go:75.2,75.23 1 0
github.com/a861252012/testnet-wallet-lab/cmd/testnet-wallet-lab/main.go:75.23,77.17 2 0
github.com/a861252012/testnet-wallet-lab/cmd/testnet-wallet-lab/main.go:77.17,79.4 1 0
github.com/a861252012/testnet-wallet-lab/cmd/testnet-wallet-lab/main.go:80.3,80.19 1 0
github.com/a861252012/testnet-wallet-lab/cmd/testnet-wallet-lab/main.go:80.19,82.4 1 0
github.com/a861252012/testnet-wallet-lab/cmd/testnet-wallet-lab/main.go:84.2,85.16 2 0
github.com/a861252012/testnet-wallet-lab/cmd/testnet-wallet-lab/main.go:85.16,87.3 1 0
github.com/a861252012/testnet-wallet-lab/cmd/testnet-wallet-lab/main.go:88.2,89.42 2 0
github.com/a861252012/testnet-wallet-lab/cmd/testnet-wallet-lab/main.go:89.42,91.17 2 0
github.com/a861252012/testnet-wallet-lab/cmd/testnet-wallet-lab/main.go:91.17,93.4 1 0
github.com/a861252012/testnet-wallet-lab/cmd/testnet-wallet-lab/main.go:94.3,95.33 2 0
github.com/a861252012/testnet-wallet-lab/cmd/testnet-wallet-lab/main.go:98.2,98.122 1 0
github.com/a861252012/testnet-wallet-lab/cmd/testnet-wallet-lab/main.go:98.122,102.37 4 0
github.com/a861252012/testnet-wallet-lab/cmd/testnet-wallet-lab/main.go:102.37,104.18 2 0
github.com/a861252012/testnet-wallet-lab/cmd/testnet-wallet-lab/main.go:104.18,105.32 1 0
github.com/a861252012/testnet-wallet-lab/cmd/testnet-wallet-lab/main.go:105.32,107.6 1 0
github.com/a861252012/testnet-wallet-lab/cmd/testnet-wallet-lab/main.go:108.5,108.25 1 0
github.com/a861252012/testnet-wallet-lab/cmd/testnet-wallet-lab/main.go:110.4,112.18 3 0
github.com/a861252012/testnet-wallet-lab/cmd/testnet-wallet-lab/main.go:112.18,113.32 1 0
github.com/a861252012/testnet-wallet-lab/cmd/testnet-wallet-lab/main.go:113.32,115.6 1 0
github.com/a861252012/testnet-wallet-lab/cmd/testnet-wallet-lab/main.go:116.5,116.25 1 0
github.com/a861252012/testnet-wallet-lab/cmd/testnet-wallet-lab/main.go:118.4,119.55 2 0
github.com/a861252012/testnet-wallet-lab/cmd/testnet-wallet-lab/main.go:121.3,121.28 1 0
github.com/a861252012/testnet-wallet-lab/cmd/testnet-wallet-lab/main.go:123.2,124.16 2 0
github.com/a861252012/testnet-wallet-lab/cmd/testnet-wallet-lab/main.go:124.16,126.3 1 0
github.com/a861252012/testnet-wallet-lab/cmd/testnet-wallet-lab/main.go:127.2,127.15 1 0
github.com/a861252012/testnet-wallet-lab/cmd/testnet-wallet-lab/main.go:127.15,128.34 1 0
github.com/a861252012/testnet-wallet-lab/cmd/testnet-wallet-lab/main.go:128.34,130.4 1 0
github.com/a861252012/testnet-wallet-lab/cmd/testnet-wallet-lab/main.go:132.2,134.52 3 0
github.com/a861252012/testnet-wallet-lab/cmd/testnet-wallet-lab/main.go:134.52,135.25 1 0
github.com/a861252012/testnet-wallet-lab/cmd/testnet-wallet-lab/main.go:135.25,137.4 1 0
github.com/a861252012/testnet-wallet-lab/cmd/testnet-wallet-lab/main.go:139.2,140.33 2 0
github.com/a861252012/testnet-wallet-lab/cmd/testnet-wallet-lab/main.go:140.33,142.3 1 0
github.com/a861252012/testnet-wallet-lab/cmd/testnet-wallet-lab/main.go:143.2,147.15 5 0
github.com/a861252012/testnet-wallet-lab/cmd/testnet-wallet-lab/main.go:147.15,154.36 7 0
github.com/a861252012/testnet-wallet-lab/cmd/testnet-wallet-lab/main.go:154.36,156.4 1 0
github.com/a861252012/testnet-wallet-lab/cmd/testnet-wallet-lab/main.go:158.2,159.16 2 0
github.com/a861252012/testnet-wallet-lab/cmd/testnet-wallet-lab/main.go:159.16,161.3 1 0
github.com/a861252012/testnet-wallet-lab/cmd/testnet-wallet-lab/main.go:162.2,164.16 3 0
github.com/a861252012/testnet-wallet-lab/cmd/testnet-wallet-lab/main.go:164.16,166.3 1 0
github.com/a861252012/testnet-wallet-lab/cmd/testnet-wallet-lab/main.go:167.2,168.16 2 0
github.com/a861252012/testnet-wallet-lab/cmd/testnet-wallet-lab/main.go:168.16,170.3 1 0
github.com/a861252012/testnet-wallet-lab/cmd/testnet-wallet-lab/main.go:171.2,173.16 3 0
github.com/a861252012/testnet-wallet-lab/cmd/testnet-wallet-lab/main.go:173.16,175.3 1 0
github.com/a861252012/testnet-wallet-lab/cmd/testnet-wallet-lab/main.go:176.2,177.29 2 0
github.com/a861252012/testnet-wallet-lab/cmd/testnet-wallet-lab/main.go:177.29,179.17 2 0
github.com/a861252012/testnet-wallet-lab/cmd/testnet-wallet-lab/main.go:179.17,181.4 1 0
github.com/a861252012/testnet-wallet-lab/cmd/testnet-wallet-lab/main.go:182.3,183.17 2 0
github.com/a861252012/testnet-wallet-lab/cmd/testnet-wallet-lab/main.go:183.17,185.4 1 0
github.com/a861252012/testnet-wallet-lab/cmd/testnet-wallet-lab/main.go:186.3,188.17 3 0
github.com/a861252012/testnet-wallet-lab/cmd/testnet-wallet-lab/main.go:188.17,190.4 1 0
github.com/a861252012/testnet-wallet-lab/cmd/testnet-wallet-lab/main.go:191.3,192.17 2 0
github.com/a861252012/testnet-wallet-lab/cmd/testnet-wallet-lab/main.go:192.17,194.4 1 0
github.com/a861252012/testnet-wallet-lab/cmd/testnet-wallet-lab/main.go:195.3,197.68 3 0
github.com/a861252012/testnet-wallet-lab/cmd/testnet-wallet-lab/main.go:197.68,199.18 2 0
github.com/a861252012/testnet-wallet-lab/cmd/testnet-wallet-lab/main.go:199.18,201.5 1 0
github.com/a861252012/testnet-wallet-lab/cmd/testnet-wallet-lab/main.go:202.4,203.112 2 0
github.com/a861252012/testnet-wallet-lab/cmd/testnet-wallet-lab/main.go:205.3,206.75 2 0
github.com/a861252012/testnet-wallet-lab/cmd/testnet-wallet-lab/main.go:206.75,208.18 2 0
github.com/a861252012/testnet-wallet-lab/cmd/testnet-wallet-lab/main.go:208.18,210.5 1 0
github.com/a861252012/testnet-wallet-lab/cmd/testnet-wallet-lab/main.go:211.4,212.29 2 0
github.com/a861252012/testnet-wallet-lab/cmd/testnet-wallet-lab/main.go:215.2,216.77 2 0
github.com/a861252012/testnet-wallet-lab/cmd/testnet-wallet-lab/main.go:216.77,217.31 1 0
github.com/a861252012/testnet-wallet-lab/cmd/testnet-wallet-lab/main.go:217.31,219.4 1 0
github.com/a861252012/testnet-wallet-lab/cmd/testnet-wallet-lab/main.go:220.3,220.83 1 0
github.com/a861252012/testnet-wallet-lab/cmd/testnet-wallet-lab/main.go:220.83,223.4 2 0
github.com/a861252012/testnet-wallet-lab/cmd/testnet-wallet-lab/main.go:224.3,224.67 1 0
github.com/a861252012/testnet-wallet-lab/cmd/testnet-wallet-lab/main.go:224.67,225.28 1 0
github.com/a861252012/testnet-wallet-lab/cmd/testnet-wallet-lab/main.go:225.28,227.5 1 0
github.com/a861252012/testnet-wallet-lab/cmd/testnet-wallet-lab/main.go:228.4,229.10 2 0
github.com/a861252012/testnet-wallet-lab/cmd/testnet-wallet-lab/main.go:231.3,231.46 1 0
github.com/a861252012/testnet-wallet-lab/cmd/testnet-wallet-lab/main.go:231.46,234.4 2 0
github.com/a861252012/testnet-wallet-lab/cmd/testnet-wallet-lab/main.go:235.3,235.48 1 0
github.com/a861252012/testnet-wallet-lab/cmd/testnet-wallet-lab/main.go:235.48,238.4 2 0
github.com/a861252012/testnet-wallet-lab/cmd/testnet-wallet-lab/main.go:239.3,239.51 1 0
github.com/a861252012/testnet-wallet-lab/cmd/testnet-wallet-lab/main.go:239.51,242.4 2 0
github.com/a861252012/testnet-wallet-lab/cmd/testnet-wallet-lab/main.go:243.3,244.42 2 0
github.com/a861252012/testnet-wallet-lab/cmd/testnet-wallet-lab/main.go:244.42,247.4 2 0
github.com/a861252012/testnet-wallet-lab/cmd/testnet-wallet-lab/main.go:248.3,250.19 3 0
github.com/a861252012/testnet-wallet-lab/cmd/testnet-wallet-lab/main.go:250.19,254.4 3 0
github.com/a861252012/testnet-wallet-lab/cmd/testnet-wallet-lab/main.go:255.3,256.28 2 0
github.com/a861252012/testnet-wallet-lab/cmd/testnet-wallet-lab/main.go:256.28,258.18 2 0
github.com/a861252012/testnet-wallet-lab/cmd/testnet-wallet-lab/main.go:258.18,262.5 3 0
github.com/a861252012/testnet-wallet-lab/cmd/testnet-wallet-lab/main.go:263.4,264.18 2 0
github.com/a861252012/testnet-wallet-lab/cmd/testnet-wallet-lab/main.go:264.18,269.5 4 0
github.com/a861252012/testnet-wallet-lab/cmd/testnet-wallet-lab/main.go:270.4,271.18 2 0
github.com/a861252012/testnet-wallet-lab/cmd/testnet-wallet-lab/main.go:271.18,276.5 4 0
github.com/a861252012/testnet-wallet-lab/cmd/testnet-wallet-lab/main.go:278.4,283.37 6 0
github.com/a861252012/testnet-wallet-lab/cmd/testnet-wallet-lab/main.go:283.37,285.5 1 0
github.com/a861252012/testnet-wallet-lab/cmd/testnet-wallet-lab/main.go:287.3,288.33 2 0
github.com/a861252012/testnet-wallet-lab/cmd/testnet-wallet-lab/main.go:290.2,291.23 2 0
github.com/a861252012/testnet-wallet-lab/cmd/testnet-wallet-lab/main.go:291.23,293.3 1 0
github.com/a861252012/testnet-wallet-lab/cmd/testnet-wallet-lab/main.go:294.2,303.12 5 0
github.com/a861252012/testnet-wallet-lab/cmd/testnet-wallet-lab/main.go:303.12,303.54 1 0
github.com/a861252012/testnet-wallet-lab/cmd/testnet-wallet-lab/main.go:304.2,305.9 2 0
github.com/a861252012/testnet-wallet-lab/cmd/testnet-wallet-lab/main.go:306.28,307.44 1 0
github.com/a861252012/testnet-wallet-lab/cmd/testnet-wallet-lab/main.go:307.44,309.4 1 0
github.com/a861252012/testnet-wallet-lab/cmd/testnet-wallet-lab/main.go:310.20,313.35 3 0
github.com/a861252012/testnet-wallet-lab/cmd/testnet-wallet-lab/main.go:315.2,315.12 1 0
github.com/a861252012/testnet-wallet-lab/cmd/verify-onchain-evidence/main.go:61.65,63.16 2 70
github.com/a861252012/testnet-wallet-lab/cmd/verify-onchain-evidence/main.go:63.16,65.3 1 0
github.com/a861252012/testnet-wallet-lab/cmd/verify-onchain-evidence/main.go:66.2,67.16 2 70
github.com/a861252012/testnet-wallet-lab/cmd/verify-onchain-evidence/main.go:67.16,69.3 1 0
github.com/a861252012/testnet-wallet-lab/cmd/verify-onchain-evidence/main.go:70.2,71.51 2 70
github.com/a861252012/testnet-wallet-lab/cmd/verify-onchain-evidence/main.go:71.51,73.3 1 0
github.com/a861252012/testnet-wallet-lab/cmd/verify-onchain-evidence/main.go:74.2,74.49 1 70
github.com/a861252012/testnet-wallet-lab/cmd/verify-onchain-evidence/main.go:76.80,87.16 3 45
github.com/a861252012/testnet-wallet-lab/cmd/verify-onchain-evidence/main.go:87.16,89.3 1 0
github.com/a861252012/testnet-wallet-lab/cmd/verify-onchain-evidence/main.go:90.2,90.65 1 45
github.com/a861252012/testnet-wallet-lab/cmd/verify-onchain-evidence/main.go:90.65,92.3 1 1
github.com/a861252012/testnet-wallet-lab/cmd/verify-onchain-evidence/main.go:93.2,93.48 1 44
github.com/a861252012/testnet-wallet-lab/cmd/verify-onchain-evidence/main.go:95.43,96.33 1 31
github.com/a861252012/testnet-wallet-lab/cmd/verify-onchain-evidence/main.go:96.33,98.3 1 0
github.com/a861252012/testnet-wallet-lab/cmd/verify-onchain-evidence/main.go:99.2,100.25 2 31
github.com/a861252012/testnet-wallet-lab/cmd/verify-onchain-evidence/main.go:100.25,102.3 1 0
github.com/a861252012/testnet-wallet-lab/cmd/verify-onchain-evidence/main.go:103.2,103.15 1 31
github.com/a861252012/testnet-wallet-lab/cmd/verify-onchain-evidence/main.go:105.56,107.27 2 26
github.com/a861252012/testnet-wallet-lab/cmd/verify-onchain-evidence/main.go:107.27,109.3 1 10
github.com/a861252012/testnet-wallet-lab/cmd/verify-onchain-evidence/main.go:110.2,111.9 2 16
github.com/a861252012/testnet-wallet-lab/cmd/verify-onchain-evidence/main.go:111.9,113.3 1 2
github.com/a861252012/testnet-wallet-lab/cmd/verify-onchain-evidence/main.go:114.2,114.97 1 14
github.com/a861252012/testnet-wallet-lab/cmd/verify-onchain-evidence/main.go:114.97,116.3 1 0
github.com/a861252012/testnet-wallet-lab/cmd/verify-onchain-evidence/main.go:117.2,118.76 2 14
github.com/a861252012/testnet-wallet-lab/cmd/verify-onchain-evidence/main.go:118.76,120.3 1 1
github.com/a861252012/testnet-wallet-lab/cmd/verify-onchain-evidence/main.go:121.2,122.62 2 13
github.com/a861252012/testnet-wallet-lab/cmd/verify-onchain-evidence/main.go:122.62,124.3 1 0
github.com/a861252012/testnet-wallet-lab/cmd/verify-onchain-evidence/main.go:125.2,136.100 2 13
github.com/a861252012/testnet-wallet-lab/cmd/verify-onchain-evidence/main.go:136.100,138.3 1 0
github.com/a861252012/testnet-wallet-lab/cmd/verify-onchain-evidence/main.go:139.2,139.57 1 13
github.com/a861252012/testnet-wallet-lab/cmd/verify-onchain-evidence/main.go:139.57,141.3 1 2
github.com/a861252012/testnet-wallet-lab/cmd/verify-onchain-evidence/main.go:142.2,143.94 2 11
github.com/a861252012/testnet-wallet-lab/cmd/verify-onchain-evidence/main.go:143.94,145.3 1 0
github.com/a861252012/testnet-wallet-lab/cmd/verify-onchain-evidence/main.go:146.2,146.66 1 11
github.com/a861252012/testnet-wallet-lab/cmd/verify-onchain-evidence/main.go:146.66,148.3 1 1
github.com/a861252012/testnet-wallet-lab/cmd/verify-onchain-evidence/main.go:149.2,149.59 1 10
github.com/a861252012/testnet-wallet-lab/cmd/verify-onchain-evidence/main.go:149.59,151.3 1 1
github.com/a861252012/testnet-wallet-lab/cmd/verify-onchain-evidence/main.go:152.2,152.70 1 9
github.com/a861252012/testnet-wallet-lab/cmd/verify-onchain-evidence/main.go:152.70,154.3 1 1
github.com/a861252012/testnet-wallet-lab/cmd/verify-onchain-evidence/main.go:155.2,155.23 1 8
github.com/a861252012/testnet-wallet-lab/cmd/verify-onchain-evidence/main.go:156.67,159.72 3 5
github.com/a861252012/testnet-wallet-lab/cmd/verify-onchain-evidence/main.go:159.72,161.4 1 1
github.com/a861252012/testnet-wallet-lab/cmd/verify-onchain-evidence/main.go:162.27,163.26 1 3
github.com/a861252012/testnet-wallet-lab/cmd/verify-onchain-evidence/main.go:163.26,165.4 1 0
github.com/a861252012/testnet-wallet-lab/cmd/verify-onchain-evidence/main.go:166.3,168.36 3 3
github.com/a861252012/testnet-wallet-lab/cmd/verify-onchain-evidence/main.go:168.36,169.212 1 3
github.com/a861252012/testnet-wallet-lab/cmd/verify-onchain-evidence/main.go:169.212,171.17 2 2
github.com/a861252012/testnet-wallet-lab/cmd/verify-onchain-evidence/main.go:171.17,173.6 1 0
github.com/a861252012/testnet-wallet-lab/cmd/verify-onchain-evidence/main.go:174.5,174.30 1 2
github.com/a861252012/testnet-wallet-lab/cmd/verify-onchain-evidence/main.go:177.3,178.62 2 3
github.com/a861252012/testnet-wallet-lab/cmd/verify-onchain-evidence/main.go:178.62,180.4 1 2
github.com/a861252012/testnet-wallet-lab/cmd/verify-onchain-evidence/main.go:182.2,183.109 2 5
github.com/a861252012/testnet-wallet-lab/cmd/verify-onchain-evidence/main.go:183.109,185.3 1 1
github.com/a861252012/testnet-wallet-lab/cmd/verify-onchain-evidence/main.go:186.2,190.111 2 4
github.com/a861252012/testnet-wallet-lab/cmd/verify-onchain-evidence/main.go:190.111,192.3 1 0
github.com/a861252012/testnet-wallet-lab/cmd/verify-onchain-evidence/main.go:193.2,193.87 1 4
github.com/a861252012/testnet-wallet-lab/cmd/verify-onchain-evidence/main.go:193.87,195.3 1 1
github.com/a861252012/testnet-wallet-lab/cmd/verify-onchain-evidence/main.go:196.2,197.36 2 3
github.com/a861252012/testnet-wallet-lab/cmd/verify-onchain-evidence/main.go:197.36,199.3 1 0
github.com/a861252012/testnet-wallet-lab/cmd/verify-onchain-evidence/main.go:200.2,202.103 3 3
github.com/a861252012/testnet-wallet-lab/cmd/verify-onchain-evidence/main.go:202.103,204.3 1 0
github.com/a861252012/testnet-wallet-lab/cmd/verify-onchain-evidence/main.go:205.2,205.18 1 3
github.com/a861252012/testnet-wallet-lab/cmd/verify-onchain-evidence/main.go:205.18,207.15 2 3
github.com/a861252012/testnet-wallet-lab/cmd/verify-onchain-evidence/main.go:207.15,209.4 1 0
github.com/a861252012/testnet-wallet-lab/cmd/verify-onchain-evidence/main.go:210.3,210.37 1 3
github.com/a861252012/testnet-wallet-lab/cmd/verify-onchain-evidence/main.go:212.2,212.17 1 3
github.com/a861252012/testnet-wallet-lab/cmd/verify-onchain-evidence/main.go:214.60,216.65 2 10
github.com/a861252012/testnet-wallet-lab/cmd/verify-onchain-evidence/main.go:216.65,218.3 1 0
github.com/a861252012/testnet-wallet-lab/cmd/verify-onchain-evidence/main.go:219.2,222.28 2 10
github.com/a861252012/testnet-wallet-lab/cmd/verify-onchain-evidence/main.go:222.28,224.3 1 0
github.com/a861252012/testnet-wallet-lab/cmd/verify-onchain-evidence/main.go:225.2,225.30 1 10
github.com/a861252012/testnet-wallet-lab/cmd/verify-onchain-evidence/main.go:225.30,227.3 1 1
github.com/a861252012/testnet-wallet-lab/cmd/verify-onchain-evidence/main.go:228.2,238.37 2 9
github.com/a861252012/testnet-wallet-lab/cmd/verify-onchain-evidence/main.go:238.37,240.3 1 0
github.com/a861252012/testnet-wallet-lab/cmd/verify-onchain-evidence/main.go:241.2,241.56 1 9
github.com/a861252012/testnet-wallet-lab/cmd/verify-onchain-evidence/main.go:241.56,243.3 1 1
github.com/a861252012/testnet-wallet-lab/cmd/verify-onchain-evidence/main.go:244.2,244.105 1 8
github.com/a861252012/testnet-wallet-lab/cmd/verify-onchain-evidence/main.go:244.105,246.3 1 1
github.com/a861252012/testnet-wallet-lab/cmd/verify-onchain-evidence/main.go:247.2,247.106 1 7
github.com/a861252012/testnet-wallet-lab/cmd/verify-onchain-evidence/main.go:247.106,249.3 1 1
github.com/a861252012/testnet-wallet-lab/cmd/verify-onchain-evidence/main.go:250.2,267.38 2 6
github.com/a861252012/testnet-wallet-lab/cmd/verify-onchain-evidence/main.go:267.38,269.3 1 0
github.com/a861252012/testnet-wallet-lab/cmd/verify-onchain-evidence/main.go:270.2,270.58 1 6
github.com/a861252012/testnet-wallet-lab/cmd/verify-onchain-evidence/main.go:270.58,272.3 1 1
github.com/a861252012/testnet-wallet-lab/cmd/verify-onchain-evidence/main.go:273.2,274.29 2 5
github.com/a861252012/testnet-wallet-lab/cmd/verify-onchain-evidence/main.go:274.29,276.3 1 1
github.com/a861252012/testnet-wallet-lab/cmd/verify-onchain-evidence/main.go:277.2,277.24 1 4
github.com/a861252012/testnet-wallet-lab/cmd/verify-onchain-evidence/main.go:277.24,278.37 1 2
github.com/a861252012/testnet-wallet-lab/cmd/verify-onchain-evidence/main.go:278.37,280.4 1 1
github.com/a861252012/testnet-wallet-lab/cmd/verify-onchain-evidence/main.go:281.8,281.31 1 2
github.com/a861252012/testnet-wallet-lab/cmd/verify-onchain-evidence/main.go:281.31,283.3 1 1
github.com/a861252012/testnet-wallet-lab/cmd/verify-onchain-evidence/main.go:284.2,287.17 4 2
github.com/a861252012/testnet-wallet-lab/cmd/verify-onchain-evidence/main.go:289.70,294.42 5 3
github.com/a861252012/testnet-wallet-lab/cmd/verify-onchain-evidence/main.go:294.42,296.3 1 0
github.com/a861252012/testnet-wallet-lab/cmd/verify-onchain-evidence/main.go:297.2,297.23 1 3
github.com/a861252012/testnet-wallet-lab/cmd/verify-onchain-evidence/main.go:297.23,299.3 1 0
github.com/a861252012/testnet-wallet-lab/cmd/verify-onchain-evidence/main.go:300.2,300.75 1 3
github.com/a861252012/testnet-wallet-lab/cmd/verify-onchain-evidence/main.go:300.75,302.3 1 1
github.com/a861252012/testnet-wallet-lab/cmd/verify-onchain-evidence/main.go:303.2,304.16 2 2
github.com/a861252012/testnet-wallet-lab/cmd/verify-onchain-evidence/main.go:304.16,306.3 1 0
github.com/a861252012/testnet-wallet-lab/cmd/verify-onchain-evidence/main.go:307.2,308.56 2 2
github.com/a861252012/testnet-wallet-lab/cmd/verify-onchain-evidence/main.go:308.56,310.3 1 0
github.com/a861252012/testnet-wallet-lab/cmd/verify-onchain-evidence/main.go:311.2,314.44 4 2
github.com/a861252012/testnet-wallet-lab/cmd/verify-onchain-evidence/main.go:314.44,315.46 1 1
github.com/a861252012/testnet-wallet-lab/cmd/verify-onchain-evidence/main.go:315.46,316.12 1 0
github.com/a861252012/testnet-wallet-lab/cmd/verify-onchain-evidence/main.go:318.3,320.17 3 1
github.com/a861252012/testnet-wallet-lab/cmd/verify-onchain-evidence/main.go:320.17,326.53 2 1
github.com/a861252012/testnet-wallet-lab/cmd/verify-onchain-evidence/main.go:326.53,328.5 1 0
github.com/a861252012/testnet-wallet-lab/cmd/verify-onchain-evidence/main.go:329.9,329.55 1 0
github.com/a861252012/testnet-wallet-lab/cmd/verify-onchain-evidence/main.go:329.55,331.4 1 0
github.com/a861252012/testnet-wallet-lab/cmd/verify-onchain-evidence/main.go:333.2,333.16 1 2
github.com/a861252012/testnet-wallet-lab/cmd/verify-onchain-evidence/main.go:333.16,335.3 1 1
github.com/a861252012/testnet-wallet-lab/cmd/verify-onchain-evidence/main.go:336.2,336.18 1 1
github.com/a861252012/testnet-wallet-lab/cmd/verify-onchain-evidence/main.go:336.18,338.3 1 1
github.com/a861252012/testnet-wallet-lab/cmd/verify-onchain-evidence/main.go:339.2,340.12 2 0
github.com/a861252012/testnet-wallet-lab/cmd/verify-onchain-evidence/main.go:342.13,343.93 1 0
github.com/a861252012/testnet-wallet-lab/cmd/verify-onchain-evidence/main.go:343.93,344.35 1 0
github.com/a861252012/testnet-wallet-lab/cmd/verify-onchain-evidence/main.go:344.35,346.4 1 0
github.com/a861252012/testnet-wallet-lab/cmd/verify-onchain-evidence/main.go:347.3,348.13 2 0
github.com/a861252012/testnet-wallet-lab/internal/chain/activity.go:30.137,31.36 1 14
github.com/a861252012/testnet-wallet-lab/internal/chain/activity.go:31.36,33.3 1 0
github.com/a861252012/testnet-wallet-lab/internal/chain/activity.go:34.2,34.44 1 14
github.com/a861252012/testnet-wallet-lab/internal/chain/activity.go:34.44,36.3 1 0
github.com/a861252012/testnet-wallet-lab/internal/chain/activity.go:37.2,39.39 3 14
github.com/a861252012/testnet-wallet-lab/internal/chain/activity.go:39.39,41.3 1 0
github.com/a861252012/testnet-wallet-lab/internal/chain/activity.go:42.2,42.16 1 14
github.com/a861252012/testnet-wallet-lab/internal/chain/activity.go:42.16,44.3 1 0
github.com/a861252012/testnet-wallet-lab/internal/chain/activity.go:45.2,45.71 1 14
github.com/a861252012/testnet-wallet-lab/internal/chain/activity.go:45.71,47.3 1 0
github.com/a861252012/testnet-wallet-lab/internal/chain/activity.go:48.2,49.16 2 14
github.com/a861252012/testnet-wallet-lab/internal/chain/activity.go:49.16,51.3 1 0
github.com/a861252012/testnet-wallet-lab/internal/chain/activity.go:52.2,54.13 3 14
github.com/a861252012/testnet-wallet-lab/internal/chain/activity.go:54.13,55.15 1 1
github.com/a861252012/testnet-wallet-lab/internal/chain/activity.go:55.15,57.4 1 0
github.com/a861252012/testnet-wallet-lab/internal/chain/activity.go:58.3,58.33 1 1
github.com/a861252012/testnet-wallet-lab/internal/chain/activity.go:60.2,61.39 2 13
github.com/a861252012/testnet-wallet-lab/internal/chain/activity.go:61.39,62.15 1 0
github.com/a861252012/testnet-wallet-lab/internal/chain/activity.go:62.15,64.4 1 0
github.com/a861252012/testnet-wallet-lab/internal/chain/activity.go:65.3,66.33 2 0
github.com/a861252012/testnet-wallet-lab/internal/chain/activity.go:68.2,68.16 1 13
github.com/a861252012/testnet-wallet-lab/internal/chain/activity.go:68.16,70.3 1 0
github.com/a861252012/testnet-wallet-lab/internal/chain/activity.go:71.2,71.124 1 13
github.com/a861252012/testnet-wallet-lab/internal/chain/activity.go:71.124,73.3 1 0
github.com/a861252012/testnet-wallet-lab/internal/chain/activity.go:74.2,75.16 2 13
github.com/a861252012/testnet-wallet-lab/internal/chain/activity.go:75.16,77.3 1 0
github.com/a861252012/testnet-wallet-lab/internal/chain/activity.go:78.2,78.29 1 13
github.com/a861252012/testnet-wallet-lab/internal/chain/activity.go:78.29,81.3 2 2
github.com/a861252012/testnet-wallet-lab/internal/chain/activity.go:82.2,85.47 4 11
github.com/a861252012/testnet-wallet-lab/internal/chain/activity.go:85.47,87.3 1 9
github.com/a861252012/testnet-wallet-lab/internal/chain/activity.go:88.2,89.16 2 11
github.com/a861252012/testnet-wallet-lab/internal/chain/activity.go:89.16,91.3 1 1
github.com/a861252012/testnet-wallet-lab/internal/chain/activity.go:93.2,93.217 1 10
github.com/a861252012/testnet-wallet-lab/internal/chain/activity.go:93.217,94.30 1 5
github.com/a861252012/testnet-wallet-lab/internal/chain/activity.go:94.30,95.142 1 5
github.com/a861252012/testnet-wallet-lab/internal/chain/activity.go:95.142,96.13 1 3
github.com/a861252012/testnet-wallet-lab/internal/chain/activity.go:98.4,99.65 2 2
github.com/a861252012/testnet-wallet-lab/internal/chain/activity.go:99.65,101.5 1 1
github.com/a861252012/testnet-wallet-lab/internal/chain/activity.go:102.4,102.75 1 2
github.com/a861252012/testnet-wallet-lab/internal/chain/activity.go:102.75,103.26 1 1
github.com/a861252012/testnet-wallet-lab/internal/chain/activity.go:103.26,104.66 1 2
github.com/a861252012/testnet-wallet-lab/internal/chain/activity.go:104.66,106.7 1 1
github.com/a861252012/testnet-wallet-lab/internal/chain/activity.go:111.2,111.36 1 10
github.com/a861252012/testnet-wallet-lab/internal/chain/activity.go:111.36,113.17 2 0
github.com/a861252012/testnet-wallet-lab/internal/chain/activity.go:113.17,115.4 1 0
github.com/a861252012/testnet-wallet-lab/internal/chain/activity.go:116.3,116.24 1 0
github.com/a861252012/testnet-wallet-lab/internal/chain/activity.go:116.24,117.36 1 0
github.com/a861252012/testnet-wallet-lab/internal/chain/activity.go:117.36,120.5 2 0
github.com/a861252012/testnet-wallet-lab/internal/chain/activity.go:123.2,123.33 1 10
github.com/a861252012/testnet-wallet-lab/internal/chain/activity.go:123.33,125.3 1 1
github.com/a861252012/testnet-wallet-lab/internal/chain/activity.go:127.2,128.16 2 9
github.com/a861252012/testnet-wallet-lab/internal/chain/activity.go:128.16,130.3 1 0
github.com/a861252012/testnet-wallet-lab/internal/chain/activity.go:131.2,131.33 1 9
github.com/a861252012/testnet-wallet-lab/internal/chain/activity.go:131.33,135.3 3 0
github.com/a861252012/testnet-wallet-lab/internal/chain/activity.go:136.2,137.32 2 9
github.com/a861252012/testnet-wallet-lab/internal/chain/activity.go:140.137,143.47 3 22
github.com/a861252012/testnet-wallet-lab/internal/chain/activity.go:143.47,145.3 1 1
github.com/a861252012/testnet-wallet-lab/internal/chain/activity.go:146.2,146.103 1 22
github.com/a861252012/testnet-wallet-lab/internal/chain/activity.go:146.103,147.24 1 36
github.com/a861252012/testnet-wallet-lab/internal/chain/activity.go:147.24,149.4 1 27
github.com/a861252012/testnet-wallet-lab/internal/chain/activity.go:151.2,151.19 1 22
github.com/a861252012/testnet-wallet-lab/internal/chain/activity.go:151.19,154.3 2 16
github.com/a861252012/testnet-wallet-lab/internal/chain/activity.go:155.2,155.47 1 22
github.com/a861252012/testnet-wallet-lab/internal/chain/activity.go:155.47,157.3 1 3
github.com/a861252012/testnet-wallet-lab/internal/chain/activity.go:158.2,158.19 1 19
github.com/a861252012/testnet-wallet-lab/internal/chain/activity.go:158.19,160.21 2 13
github.com/a861252012/testnet-wallet-lab/internal/chain/activity.go:160.21,162.4 1 13
github.com/a861252012/testnet-wallet-lab/internal/chain/activity.go:163.3,163.69 1 13
github.com/a861252012/testnet-wallet-lab/internal/chain/activity.go:165.2,165.41 1 19
github.com/a861252012/testnet-wallet-lab/internal/chain/activity.go:165.41,167.3 1 4
github.com/a861252012/testnet-wallet-lab/internal/chain/activity.go:168.2,170.27 3 19
github.com/a861252012/testnet-wallet-lab/internal/chain/activity.go:170.27,171.125 1 14
github.com/a861252012/testnet-wallet-lab/internal/chain/activity.go:171.125,173.4 1 2
github.com/a861252012/testnet-wallet-lab/internal/chain/activity.go:174.3,174.20 1 12
github.com/a861252012/testnet-wallet-lab/internal/chain/activity.go:174.20,176.4 1 1
github.com/a861252012/testnet-wallet-lab/internal/chain/activity.go:177.3,178.24 2 11
github.com/a861252012/testnet-wallet-lab/internal/chain/activity.go:178.24,179.12 1 1
github.com/a861252012/testnet-wallet-lab/internal/chain/activity.go:181.3,183.57 3 10
github.com/a861252012/testnet-wallet-lab/internal/chain/activity.go:183.57,184.104 1 1
github.com/a861252012/testnet-wallet-lab/internal/chain/activity.go:184.104,185.13 1 0
github.com/a861252012/testnet-wallet-lab/internal/chain/activity.go:187.4,187.33 1 1
github.com/a861252012/testnet-wallet-lab/internal/chain/activity.go:187.33,189.5 1 0
github.com/a861252012/testnet-wallet-lab/internal/chain/activity.go:190.4,190.33 1 1
github.com/a861252012/testnet-wallet-lab/internal/chain/activity.go:190.33,192.5 1 1
github.com/a861252012/testnet-wallet-lab/internal/chain/activity.go:195.3,195.155 1 10
github.com/a861252012/testnet-wallet-lab/internal/chain/activity.go:195.155,196.35 1 1
github.com/a861252012/testnet-wallet-lab/internal/chain/activity.go:196.35,198.5 1 0
github.com/a861252012/testnet-wallet-lab/internal/chain/activity.go:199.4,199.38 1 1
github.com/a861252012/testnet-wallet-lab/internal/chain/activity.go:199.38,202.5 2 1
github.com/a861252012/testnet-wallet-lab/internal/chain/activity.go:205.2,205.19 1 16
github.com/a861252012/testnet-wallet-lab/internal/chain/activity.go:209.154,210.44 1 1
github.com/a861252012/testnet-wallet-lab/internal/chain/activity.go:210.44,212.3 1 0
github.com/a861252012/testnet-wallet-lab/internal/chain/activity.go:213.2,214.16 2 1
github.com/a861252012/testnet-wallet-lab/internal/chain/activity.go:214.16,216.3 1 0
github.com/a861252012/testnet-wallet-lab/internal/chain/activity.go:217.2,218.15 2 1
github.com/a861252012/testnet-wallet-lab/internal/chain/activity.go:218.15,219.15 1 0
github.com/a861252012/testnet-wallet-lab/internal/chain/activity.go:219.15,221.4 1 0
github.com/a861252012/testnet-wallet-lab/internal/chain/activity.go:221.9,223.4 1 0
github.com/a861252012/testnet-wallet-lab/internal/chain/activity.go:225.2,225.16 1 1
github.com/a861252012/testnet-wallet-lab/internal/chain/activity.go:225.16,227.3 1 0
github.com/a861252012/testnet-wallet-lab/internal/chain/activity.go:228.2,228.19 1 1
github.com/a861252012/testnet-wallet-lab/internal/chain/activity.go:228.19,230.3 1 0
github.com/a861252012/testnet-wallet-lab/internal/chain/activity.go:231.2,233.30 3 1
github.com/a861252012/testnet-wallet-lab/internal/chain/activity.go:233.30,234.16 1 2
github.com/a861252012/testnet-wallet-lab/internal/chain/activity.go:234.16,237.4 2 1
github.com/a861252012/testnet-wallet-lab/internal/chain/activity.go:239.2,239.34 1 1
github.com/a861252012/testnet-wallet-lab/internal/chain/activity.go:239.34,240.31 1 2
github.com/a861252012/testnet-wallet-lab/internal/chain/activity.go:240.31,244.121 2 0
github.com/a861252012/testnet-wallet-lab/internal/chain/activity.go:244.121,246.5 1 0
github.com/a861252012/testnet-wallet-lab/internal/chain/activity.go:247.4,248.18 2 0
github.com/a861252012/testnet-wallet-lab/internal/chain/activity.go:248.18,250.5 1 0
github.com/a861252012/testnet-wallet-lab/internal/chain/activity.go:251.4,252.58 2 0
github.com/a861252012/testnet-wallet-lab/internal/chain/activity.go:252.58,254.5 1 0
github.com/a861252012/testnet-wallet-lab/internal/chain/activity.go:255.4,255.48 1 0
github.com/a861252012/testnet-wallet-lab/internal/chain/activity.go:255.48,256.62 1 0
github.com/a861252012/testnet-wallet-lab/internal/chain/activity.go:256.62,258.6 1 0
github.com/a861252012/testnet-wallet-lab/internal/chain/activity.go:260.4,260.12 1 0
github.com/a861252012/testnet-wallet-lab/internal/chain/activity.go:263.3,264.17 2 2
github.com/a861252012/testnet-wallet-lab/internal/chain/activity.go:264.17,266.4 1 0
github.com/a861252012/testnet-wallet-lab/internal/chain/activity.go:267.3,267.39 1 2
github.com/a861252012/testnet-wallet-lab/internal/chain/activity.go:267.39,269.18 2 0
github.com/a861252012/testnet-wallet-lab/internal/chain/activity.go:269.18,270.13 1 0
github.com/a861252012/testnet-wallet-lab/internal/chain/activity.go:272.4,272.64 1 0
github.com/a861252012/testnet-wallet-lab/internal/chain/activity.go:272.64,274.5 1 0
github.com/a861252012/testnet-wallet-lab/internal/chain/activity.go:277.2,278.30 2 1
github.com/a861252012/testnet-wallet-lab/internal/chain/activity.go:278.30,280.3 1 0
github.com/a861252012/testnet-wallet-lab/internal/chain/activity.go:281.2,282.36 2 1
github.com/a861252012/testnet-wallet-lab/internal/chain/activity.go:282.36,284.3 1 2
github.com/a861252012/testnet-wallet-lab/internal/chain/activity.go:285.2,285.36 1 1
github.com/a861252012/testnet-wallet-lab/internal/chain/activity.go:285.36,286.60 1 2
github.com/a861252012/testnet-wallet-lab/internal/chain/activity.go:286.60,289.4 2 1
github.com/a861252012/testnet-wallet-lab/internal/chain/activity.go:291.2,291.25 1 1
github.com/a861252012/testnet-wallet-lab/internal/chain/activity.go:291.25,293.3 1 0
github.com/a861252012/testnet-wallet-lab/internal/chain/activity.go:294.2,294.25 1 1
github.com/a861252012/testnet-wallet-lab/internal/chain/activity.go:294.25,296.3 1 0
github.com/a861252012/testnet-wallet-lab/internal/chain/activity.go:297.2,298.16 2 1
github.com/a861252012/testnet-wallet-lab/internal/chain/activity.go:298.16,300.3 1 0
github.com/a861252012/testnet-wallet-lab/internal/chain/activity.go:301.2,301.25 1 1
github.com/a861252012/testnet-wallet-lab/internal/chain/activity.go:301.25,302.218 1 2
github.com/a861252012/testnet-wallet-lab/internal/chain/activity.go:302.218,304.4 1 2
github.com/a861252012/testnet-wallet-lab/internal/chain/activity.go:306.2,306.20 1 1
github.com/a861252012/testnet-wallet-lab/internal/chain/activity.go:306.20,308.3 1 0
github.com/a861252012/testnet-wallet-lab/internal/chain/activity.go:309.2,309.28 1 1
github.com/a861252012/testnet-wallet-lab/internal/chain/boundary.go:73.51,80.2 1 1
github.com/a861252012/testnet-wallet-lab/internal/chain/boundary.go:89.51,97.2 1 2
github.com/a861252012/testnet-wallet-lab/internal/chain/boundary.go:121.63,128.24 2 4
github.com/a861252012/testnet-wallet-lab/internal/chain/boundary.go:128.24,131.3 2 3
github.com/a861252012/testnet-wallet-lab/internal/chain/boundary.go:132.2,132.32 1 4
github.com/a861252012/testnet-wallet-lab/internal/chain/boundary.go:132.32,134.3 1 3
github.com/a861252012/testnet-wallet-lab/internal/chain/boundary.go:135.2,135.25 1 4
github.com/a861252012/testnet-wallet-lab/internal/chain/boundary.go:135.25,138.3 2 3
github.com/a861252012/testnet-wallet-lab/internal/chain/boundary.go:139.2,139.15 1 4
github.com/a861252012/testnet-wallet-lab/internal/chain/boundary.go:158.57,160.31 2 13
github.com/a861252012/testnet-wallet-lab/internal/chain/boundary.go:160.31,168.3 1 11
github.com/a861252012/testnet-wallet-lab/internal/chain/boundary.go:169.2,169.15 1 13
github.com/a861252012/testnet-wallet-lab/internal/chain/boundary.go:183.52,191.24 2 13
github.com/a861252012/testnet-wallet-lab/internal/chain/boundary.go:191.24,194.3 2 9
github.com/a861252012/testnet-wallet-lab/internal/chain/boundary.go:195.2,195.28 1 13
github.com/a861252012/testnet-wallet-lab/internal/chain/boundary.go:195.28,197.3 1 9
github.com/a861252012/testnet-wallet-lab/internal/chain/boundary.go:198.2,198.15 1 13
github.com/a861252012/testnet-wallet-lab/internal/chain/boundary.go:224.60,226.16 2 2
github.com/a861252012/testnet-wallet-lab/internal/chain/boundary.go:226.16,228.3 1 0
github.com/a861252012/testnet-wallet-lab/internal/chain/boundary.go:229.2,233.40 2 2
github.com/a861252012/testnet-wallet-lab/internal/chain/boundary.go:233.40,235.87 2 2
github.com/a861252012/testnet-wallet-lab/internal/chain/boundary.go:235.87,237.4 1 1
github.com/a861252012/testnet-wallet-lab/internal/chain/boundary.go:238.3,242.19 2 1
github.com/a861252012/testnet-wallet-lab/internal/chain/boundary.go:242.19,243.72 1 1
github.com/a861252012/testnet-wallet-lab/internal/chain/boundary.go:243.72,245.5 1 0
github.com/a861252012/testnet-wallet-lab/internal/chain/boundary.go:246.4,246.64 1 1
github.com/a861252012/testnet-wallet-lab/internal/chain/boundary.go:249.2,249.20 1 1
github.com/a861252012/testnet-wallet-lab/internal/chain/boundary.go:252.57,253.37 1 24
github.com/a861252012/testnet-wallet-lab/internal/chain/boundary.go:253.37,255.3 1 3
github.com/a861252012/testnet-wallet-lab/internal/chain/boundary.go:256.2,256.37 1 21
github.com/a861252012/testnet-wallet-lab/internal/chain/boundary.go:271.70,272.40 1 11
github.com/a861252012/testnet-wallet-lab/internal/chain/boundary.go:272.40,274.3 1 2
github.com/a861252012/testnet-wallet-lab/internal/chain/boundary.go:275.2,276.16 2 9
github.com/a861252012/testnet-wallet-lab/internal/chain/boundary.go:276.16,278.3 1 1
github.com/a861252012/testnet-wallet-lab/internal/chain/boundary.go:279.2,280.16 2 8
github.com/a861252012/testnet-wallet-lab/internal/chain/boundary.go:280.16,282.3 1 1
github.com/a861252012/testnet-wallet-lab/internal/chain/boundary.go:283.2,284.16 2 7
github.com/a861252012/testnet-wallet-lab/internal/chain/boundary.go:284.16,286.3 1 2
github.com/a861252012/testnet-wallet-lab/internal/chain/boundary.go:287.2,287.99 1 5
github.com/a861252012/testnet-wallet-lab/internal/chain/boundary.go:296.68,302.36 2 1
github.com/a861252012/testnet-wallet-lab/internal/chain/boundary.go:302.36,304.3 1 1
github.com/a861252012/testnet-wallet-lab/internal/chain/boundary.go:305.2,305.37 1 1
github.com/a861252012/testnet-wallet-lab/internal/chain/boundary.go:305.37,307.3 1 1
github.com/a861252012/testnet-wallet-lab/internal/chain/boundary.go:308.2,308.15 1 1
github.com/a861252012/testnet-wallet-lab/internal/chain/chain.go:28.40,29.17 1 0
github.com/a861252012/testnet-wallet-lab/internal/chain/chain.go:30.17,31.19 1 0
github.com/a861252012/testnet-wallet-lab/internal/chain/chain.go:32.25,33.20 1 0
github.com/a861252012/testnet-wallet-lab/internal/chain/chain.go:34.21,35.16 1 0
github.com/a861252012/testnet-wallet-lab/internal/chain/chain.go:36.25,37.20 1 0
github.com/a861252012/testnet-wallet-lab/internal/chain/chain.go:38.21,39.19 1 0
github.com/a861252012/testnet-wallet-lab/internal/chain/chain.go:40.10,41.19 1 0
github.com/a861252012/testnet-wallet-lab/internal/chain/chain.go:63.34,64.20 1 148
github.com/a861252012/testnet-wallet-lab/internal/chain/chain.go:64.20,66.3 1 130
github.com/a861252012/testnet-wallet-lab/internal/chain/chain.go:67.2,67.18 1 18
github.com/a861252012/testnet-wallet-lab/internal/chain/chain.go:70.40,71.34 1 0
github.com/a861252012/testnet-wallet-lab/internal/chain/chain.go:71.34,73.3 1 0
github.com/a861252012/testnet-wallet-lab/internal/chain/chain.go:74.2,74.14 1 0
github.com/a861252012/testnet-wallet-lab/internal/chain/chain.go:77.44,79.79 2 43
github.com/a861252012/testnet-wallet-lab/internal/chain/chain.go:79.79,81.3 1 0
github.com/a861252012/testnet-wallet-lab/internal/chain/chain.go:82.2,83.16 2 43
github.com/a861252012/testnet-wallet-lab/internal/chain/chain.go:83.16,85.3 1 0
github.com/a861252012/testnet-wallet-lab/internal/chain/chain.go:86.2,86.29 1 43
github.com/a861252012/testnet-wallet-lab/internal/chain/chain.go:89.26,89.43 1 51
github.com/a861252012/testnet-wallet-lab/internal/chain/chain.go:91.59,93.24 2 66
github.com/a861252012/testnet-wallet-lab/internal/chain/chain.go:93.24,95.3 1 5
github.com/a861252012/testnet-wallet-lab/internal/chain/chain.go:96.2,97.16 2 66
github.com/a861252012/testnet-wallet-lab/internal/chain/chain.go:97.16,99.3 1 5
github.com/a861252012/testnet-wallet-lab/internal/chain/chain.go:100.2,100.48 1 61
github.com/a861252012/testnet-wallet-lab/internal/chain/chain.go:100.48,103.3 2 1
github.com/a861252012/testnet-wallet-lab/internal/chain/chain.go:104.2,106.12 3 60
github.com/a861252012/testnet-wallet-lab/internal/chain/chain.go:109.58,111.24 2 84
github.com/a861252012/testnet-wallet-lab/internal/chain/chain.go:111.24,113.3 1 11
github.com/a861252012/testnet-wallet-lab/internal/chain/chain.go:114.2,114.80 1 84
github.com/a861252012/testnet-wallet-lab/internal/chain/chain.go:114.80,116.3 1 22
github.com/a861252012/testnet-wallet-lab/internal/chain/chain.go:117.2,117.29 1 62
github.com/a861252012/testnet-wallet-lab/internal/chain/chain.go:120.65,121.44 1 4
github.com/a861252012/testnet-wallet-lab/internal/chain/chain.go:121.44,123.3 1 4
github.com/a861252012/testnet-wallet-lab/internal/chain/chain.go:124.2,125.16 2 0
github.com/a861252012/testnet-wallet-lab/internal/chain/chain.go:125.16,127.3 1 0
github.com/a861252012/testnet-wallet-lab/internal/chain/chain.go:128.2,133.9 1 0
github.com/a861252012/testnet-wallet-lab/internal/chain/chain.go:136.81,137.72 1 2
github.com/a861252012/testnet-wallet-lab/internal/chain/chain.go:137.72,139.3 1 1
github.com/a861252012/testnet-wallet-lab/internal/chain/chain.go:140.2,140.44 1 1
github.com/a861252012/testnet-wallet-lab/internal/chain/chain.go:140.44,142.3 1 0
github.com/a861252012/testnet-wallet-lab/internal/chain/chain.go:143.2,144.16 2 1
github.com/a861252012/testnet-wallet-lab/internal/chain/chain.go:144.16,146.3 1 0
github.com/a861252012/testnet-wallet-lab/internal/chain/chain.go:147.2,149.16 3 1
github.com/a861252012/testnet-wallet-lab/internal/chain/chain.go:149.16,151.3 1 0
github.com/a861252012/testnet-wallet-lab/internal/chain/chain.go:152.2,152.114 1 1
github.com/a861252012/testnet-wallet-lab/internal/chain/chain.go:156.37,159.26 3 10
github.com/a861252012/testnet-wallet-lab/internal/chain/chain.go:159.26,161.3 1 2
github.com/a861252012/testnet-wallet-lab/internal/chain/chain.go:162.2,163.98 2 8
github.com/a861252012/testnet-wallet-lab/internal/chain/chain.go:166.86,167.36 1 5
github.com/a861252012/testnet-wallet-lab/internal/chain/chain.go:167.36,169.3 1 1
github.com/a861252012/testnet-wallet-lab/internal/chain/chain.go:170.2,170.44 1 4
github.com/a861252012/testnet-wallet-lab/internal/chain/chain.go:170.44,172.3 1 0
github.com/a861252012/testnet-wallet-lab/internal/chain/chain.go:173.2,175.39 3 4
github.com/a861252012/testnet-wallet-lab/internal/chain/chain.go:175.39,177.46 2 1
github.com/a861252012/testnet-wallet-lab/internal/chain/chain.go:177.46,179.4 1 1
github.com/a861252012/testnet-wallet-lab/internal/chain/chain.go:180.3,180.23 1 0
github.com/a861252012/testnet-wallet-lab/internal/chain/chain.go:180.23,182.4 1 0
github.com/a861252012/testnet-wallet-lab/internal/chain/chain.go:183.3,184.14 2 0
github.com/a861252012/testnet-wallet-lab/internal/chain/chain.go:184.14,186.4 1 0
github.com/a861252012/testnet-wallet-lab/internal/chain/chain.go:187.3,187.105 1 0
github.com/a861252012/testnet-wallet-lab/internal/chain/chain.go:189.2,189.16 1 3
github.com/a861252012/testnet-wallet-lab/internal/chain/chain.go:189.16,191.3 1 0
github.com/a861252012/testnet-wallet-lab/internal/chain/chain.go:192.2,192.74 1 3
github.com/a861252012/testnet-wallet-lab/internal/chain/chain.go:192.74,194.3 1 0
github.com/a861252012/testnet-wallet-lab/internal/chain/chain.go:195.2,196.16 2 3
github.com/a861252012/testnet-wallet-lab/internal/chain/chain.go:196.16,198.3 1 0
github.com/a861252012/testnet-wallet-lab/internal/chain/chain.go:199.2,199.37 1 3
github.com/a861252012/testnet-wallet-lab/internal/chain/chain.go:199.37,201.3 1 1
github.com/a861252012/testnet-wallet-lab/internal/chain/chain.go:202.2,203.16 2 2
github.com/a861252012/testnet-wallet-lab/internal/chain/chain.go:203.16,205.3 1 0
github.com/a861252012/testnet-wallet-lab/internal/chain/chain.go:206.2,206.40 1 2
github.com/a861252012/testnet-wallet-lab/internal/chain/chain.go:206.40,208.3 1 0
github.com/a861252012/testnet-wallet-lab/internal/chain/chain.go:209.2,210.47 2 2
github.com/a861252012/testnet-wallet-lab/internal/chain/chain.go:210.47,212.3 1 1
github.com/a861252012/testnet-wallet-lab/internal/chain/chain.go:213.2,216.141 4 2
github.com/a861252012/testnet-wallet-lab/internal/chain/chain.go:216.141,218.110 1 2
github.com/a861252012/testnet-wallet-lab/internal/chain/chain.go:218.110,220.4 1 2
github.com/a861252012/testnet-wallet-lab/internal/chain/chain.go:222.2,223.16 2 2
github.com/a861252012/testnet-wallet-lab/internal/chain/chain.go:223.16,225.3 1 0
github.com/a861252012/testnet-wallet-lab/internal/chain/chain.go:226.2,236.9 1 2
github.com/a861252012/testnet-wallet-lab/internal/chain/chain.go:239.32,240.46 1 11
github.com/a861252012/testnet-wallet-lab/internal/chain/chain.go:240.46,242.3 1 3
github.com/a861252012/testnet-wallet-lab/internal/chain/chain.go:243.2,243.23 1 8
github.com/a861252012/testnet-wallet-lab/internal/chain/diagnostics.go:19.44,21.32 2 2
github.com/a861252012/testnet-wallet-lab/internal/chain/diagnostics.go:21.32,30.3 1 1
github.com/a861252012/testnet-wallet-lab/internal/chain/diagnostics.go:31.2,31.15 1 2
github.com/a861252012/testnet-wallet-lab/internal/chain/fallback.go:19.55,19.98 1 3
github.com/a861252012/testnet-wallet-lab/internal/chain/fallback.go:21.69,22.146 1 15
github.com/a861252012/testnet-wallet-lab/internal/chain/fallback.go:22.146,24.3 1 7
github.com/a861252012/testnet-wallet-lab/internal/chain/fallback.go:25.2,25.47 1 8
github.com/a861252012/testnet-wallet-lab/internal/chain/fallback.go:25.47,27.3 1 0
github.com/a861252012/testnet-wallet-lab/internal/chain/fallback.go:28.2,29.37 2 8
github.com/a861252012/testnet-wallet-lab/internal/chain/fallback.go:29.37,31.80 2 10
github.com/a861252012/testnet-wallet-lab/internal/chain/fallback.go:31.80,33.4 1 0
github.com/a861252012/testnet-wallet-lab/internal/chain/fallback.go:34.3,34.17 1 10
github.com/a861252012/testnet-wallet-lab/internal/chain/fallback.go:36.2,38.16 3 8
github.com/a861252012/testnet-wallet-lab/internal/chain/fallback.go:38.16,40.3 1 0
github.com/a861252012/testnet-wallet-lab/internal/chain/fallback.go:41.2,41.90 1 8
github.com/a861252012/testnet-wallet-lab/internal/chain/fallback.go:56.86,64.26 8 5
github.com/a861252012/testnet-wallet-lab/internal/chain/fallback.go:64.26,67.3 2 0
github.com/a861252012/testnet-wallet-lab/internal/chain/fallback.go:68.2,71.16 4 5
github.com/a861252012/testnet-wallet-lab/internal/chain/fallback.go:71.16,73.3 1 0
github.com/a861252012/testnet-wallet-lab/internal/chain/fallback.go:74.2,79.100 4 5
github.com/a861252012/testnet-wallet-lab/internal/chain/fallback.go:79.100,81.3 1 0
github.com/a861252012/testnet-wallet-lab/internal/chain/fallback.go:82.2,83.47 2 5
github.com/a861252012/testnet-wallet-lab/internal/chain/fallback.go:83.47,85.3 1 1
github.com/a861252012/testnet-wallet-lab/internal/chain/fallback.go:86.2,86.13 1 4
github.com/a861252012/testnet-wallet-lab/internal/chain/fallback.go:89.139,95.26 6 17
github.com/a861252012/testnet-wallet-lab/internal/chain/fallback.go:95.26,98.3 2 0
github.com/a861252012/testnet-wallet-lab/internal/chain/fallback.go:99.2,102.16 4 17
github.com/a861252012/testnet-wallet-lab/internal/chain/fallback.go:102.16,105.3 2 1
github.com/a861252012/testnet-wallet-lab/internal/chain/fallback.go:106.2,106.85 1 16
github.com/a861252012/testnet-wallet-lab/internal/chain/fallback.go:106.85,110.3 3 1
github.com/a861252012/testnet-wallet-lab/internal/chain/fallback.go:111.2,111.30 1 15
github.com/a861252012/testnet-wallet-lab/internal/chain/fallback.go:114.82,118.15 4 16
github.com/a861252012/testnet-wallet-lab/internal/chain/fallback.go:118.15,120.15 2 16
github.com/a861252012/testnet-wallet-lab/internal/chain/fallback.go:120.15,122.4 1 1
github.com/a861252012/testnet-wallet-lab/internal/chain/fallback.go:124.2,126.44 3 16
github.com/a861252012/testnet-wallet-lab/internal/chain/fallback.go:126.44,128.3 1 0
github.com/a861252012/testnet-wallet-lab/internal/chain/fallback.go:130.2,131.22 2 16
github.com/a861252012/testnet-wallet-lab/internal/chain/fallback.go:131.22,134.33 3 13
github.com/a861252012/testnet-wallet-lab/internal/chain/fallback.go:134.33,136.4 1 0
github.com/a861252012/testnet-wallet-lab/internal/chain/fallback.go:137.3,138.21 2 13
github.com/a861252012/testnet-wallet-lab/internal/chain/fallback.go:138.21,142.4 3 11
github.com/a861252012/testnet-wallet-lab/internal/chain/fallback.go:143.3,143.33 1 2
github.com/a861252012/testnet-wallet-lab/internal/chain/fallback.go:143.33,145.4 1 1
github.com/a861252012/testnet-wallet-lab/internal/chain/fallback.go:146.3,147.18 2 1
github.com/a861252012/testnet-wallet-lab/internal/chain/fallback.go:150.2,151.53 2 4
github.com/a861252012/testnet-wallet-lab/internal/chain/fallback.go:151.53,154.33 3 5
github.com/a861252012/testnet-wallet-lab/internal/chain/fallback.go:154.33,156.4 1 0
github.com/a861252012/testnet-wallet-lab/internal/chain/fallback.go:157.3,157.38 1 5
github.com/a861252012/testnet-wallet-lab/internal/chain/fallback.go:157.38,158.12 1 1
github.com/a861252012/testnet-wallet-lab/internal/chain/fallback.go:160.3,161.21 2 4
github.com/a861252012/testnet-wallet-lab/internal/chain/fallback.go:161.21,162.12 1 0
github.com/a861252012/testnet-wallet-lab/internal/chain/fallback.go:164.3,165.21 2 4
github.com/a861252012/testnet-wallet-lab/internal/chain/fallback.go:165.21,166.61 1 2
github.com/a861252012/testnet-wallet-lab/internal/chain/fallback.go:166.61,168.5 1 2
github.com/a861252012/testnet-wallet-lab/internal/chain/fallback.go:169.9,171.4 1 2
github.com/a861252012/testnet-wallet-lab/internal/chain/fallback.go:172.3,174.19 3 4
github.com/a861252012/testnet-wallet-lab/internal/chain/fallback.go:176.2,176.28 1 0
github.com/a861252012/testnet-wallet-lab/internal/chain/fallback.go:184.36,184.91 3 15
github.com/a861252012/testnet-wallet-lab/internal/chain/opfees.go:19.35,19.93 1 17
github.com/a861252012/testnet-wallet-lab/internal/chain/opfees.go:22.90,23.20 1 2
github.com/a861252012/testnet-wallet-lab/internal/chain/opfees.go:23.20,25.3 1 0
github.com/a861252012/testnet-wallet-lab/internal/chain/opfees.go:26.2,27.16 2 2
github.com/a861252012/testnet-wallet-lab/internal/chain/opfees.go:27.16,29.3 1 0
github.com/a861252012/testnet-wallet-lab/internal/chain/opfees.go:30.2,31.16 2 2
github.com/a861252012/testnet-wallet-lab/internal/chain/opfees.go:31.16,33.3 1 0
github.com/a861252012/testnet-wallet-lab/internal/chain/opfees.go:34.2,35.16 2 2
github.com/a861252012/testnet-wallet-lab/internal/chain/opfees.go:35.16,37.3 1 0
github.com/a861252012/testnet-wallet-lab/internal/chain/opfees.go:38.2,38.44 1 2
github.com/a861252012/testnet-wallet-lab/internal/chain/opfees.go:41.122,46.22 5 6
github.com/a861252012/testnet-wallet-lab/internal/chain/opfees.go:46.22,48.3 1 4
github.com/a861252012/testnet-wallet-lab/internal/chain/opfees.go:48.8,50.3 1 2
github.com/a861252012/testnet-wallet-lab/internal/chain/opfees.go:51.2,51.16 1 6
github.com/a861252012/testnet-wallet-lab/internal/chain/opfees.go:51.16,53.3 1 0
github.com/a861252012/testnet-wallet-lab/internal/chain/opfees.go:54.2,54.20 1 6
github.com/a861252012/testnet-wallet-lab/internal/chain/opfees.go:54.20,56.3 1 0
github.com/a861252012/testnet-wallet-lab/internal/chain/opfees.go:57.2,57.40 1 6
github.com/a861252012/testnet-wallet-lab/internal/chain/opfees.go:61.92,63.20 2 7
github.com/a861252012/testnet-wallet-lab/internal/chain/opfees.go:63.20,65.3 1 2
github.com/a861252012/testnet-wallet-lab/internal/chain/opfees.go:66.2,67.108 2 5
github.com/a861252012/testnet-wallet-lab/internal/chain/opfees.go:67.108,69.3 1 1
github.com/a861252012/testnet-wallet-lab/internal/chain/opfees.go:70.2,71.99 2 4
github.com/a861252012/testnet-wallet-lab/internal/chain/opfees.go:71.99,73.3 1 2
github.com/a861252012/testnet-wallet-lab/internal/chain/opfees.go:74.2,75.16 2 2
github.com/a861252012/testnet-wallet-lab/internal/chain/opfees.go:75.16,77.3 1 0
github.com/a861252012/testnet-wallet-lab/internal/chain/opfees.go:78.2,78.67 1 2
github.com/a861252012/testnet-wallet-lab/internal/chain/rpc.go:16.39,17.16 1 8
github.com/a861252012/testnet-wallet-lab/internal/chain/rpc.go:17.16,19.3 1 0
github.com/a861252012/testnet-wallet-lab/internal/chain/rpc.go:20.2,20.49 1 8
github.com/a861252012/testnet-wallet-lab/internal/chain/rpc.go:20.49,22.3 1 1
github.com/a861252012/testnet-wallet-lab/internal/chain/rpc.go:23.2,24.103 2 7
github.com/a861252012/testnet-wallet-lab/internal/chain/rpc.go:28.58,30.2 1 4
github.com/a861252012/testnet-wallet-lab/internal/chain/rpc.go:33.94,34.44 1 11
github.com/a861252012/testnet-wallet-lab/internal/chain/rpc.go:34.44,36.3 1 0
github.com/a861252012/testnet-wallet-lab/internal/chain/rpc.go:37.2,38.16 2 11
github.com/a861252012/testnet-wallet-lab/internal/chain/rpc.go:38.16,40.3 1 0
github.com/a861252012/testnet-wallet-lab/internal/chain/rpc.go:41.2,41.15 1 11
github.com/a861252012/testnet-wallet-lab/internal/chain/rpc.go:45.74,46.44 1 0
github.com/a861252012/testnet-wallet-lab/internal/chain/rpc.go:46.44,48.3 1 0
github.com/a861252012/testnet-wallet-lab/internal/chain/rpc.go:49.2,50.16 2 0
github.com/a861252012/testnet-wallet-lab/internal/chain/rpc.go:50.16,52.3 1 0
github.com/a861252012/testnet-wallet-lab/internal/chain/rpc.go:53.2,53.17 1 0
github.com/a861252012/testnet-wallet-lab/internal/chain/rpc.go:57.89,58.44 1 0
github.com/a861252012/testnet-wallet-lab/internal/chain/rpc.go:58.44,60.3 1 0
github.com/a861252012/testnet-wallet-lab/internal/chain/rpc.go:61.2,62.16 2 0
github.com/a861252012/testnet-wallet-lab/internal/chain/rpc.go:62.16,64.3 1 0
github.com/a861252012/testnet-wallet-lab/internal/chain/rpc.go:65.2,65.17 1 0
github.com/a861252012/testnet-wallet-lab/internal/chain/rpc.go:69.112,70.44 1 12
github.com/a861252012/testnet-wallet-lab/internal/chain/rpc.go:70.44,72.3 1 0
github.com/a861252012/testnet-wallet-lab/internal/chain/rpc.go:73.2,74.16 2 12
github.com/a861252012/testnet-wallet-lab/internal/chain/rpc.go:74.16,75.83 1 8
github.com/a861252012/testnet-wallet-lab/internal/chain/rpc.go:75.83,77.4 1 0
github.com/a861252012/testnet-wallet-lab/internal/chain/rpc.go:78.3,78.28 1 8
github.com/a861252012/testnet-wallet-lab/internal/chain/rpc.go:78.28,80.4 1 4
github.com/a861252012/testnet-wallet-lab/internal/chain/rpc.go:81.3,81.28 1 4
github.com/a861252012/testnet-wallet-lab/internal/chain/rpc.go:83.2,83.17 1 4
github.com/a861252012/testnet-wallet-lab/internal/chain/rpc.go:87.108,88.44 1 0
github.com/a861252012/testnet-wallet-lab/internal/chain/rpc.go:88.44,90.3 1 0
github.com/a861252012/testnet-wallet-lab/internal/chain/rpc.go:91.2,92.16 2 0
github.com/a861252012/testnet-wallet-lab/internal/chain/rpc.go:92.16,94.3 1 0
github.com/a861252012/testnet-wallet-lab/internal/chain/rpc.go:95.2,95.18 1 0
github.com/a861252012/testnet-wallet-lab/internal/chain/rpc.go:99.94,100.44 1 0
github.com/a861252012/testnet-wallet-lab/internal/chain/rpc.go:100.44,102.3 1 0
github.com/a861252012/testnet-wallet-lab/internal/chain/rpc.go:103.2,104.16 2 0
github.com/a861252012/testnet-wallet-lab/internal/chain/rpc.go:104.16,106.3 1 0
github.com/a861252012/testnet-wallet-lab/internal/chain/rpc.go:107.2,107.19 1 0
github.com/a861252012/testnet-wallet-lab/internal/chain/rpc.go:111.113,112.44 1 0
github.com/a861252012/testnet-wallet-lab/internal/chain/rpc.go:112.44,114.3 1 0
github.com/a861252012/testnet-wallet-lab/internal/chain/rpc.go:115.2,116.16 2 0
github.com/a861252012/testnet-wallet-lab/internal/chain/rpc.go:116.16,118.3 1 0
github.com/a861252012/testnet-wallet-lab/internal/chain/rpc.go:119.2,119.17 1 0
github.com/a861252012/testnet-wallet-lab/internal/chain/rpc.go:123.84,124.44 1 4
github.com/a861252012/testnet-wallet-lab/internal/chain/rpc.go:124.44,126.3 1 1
github.com/a861252012/testnet-wallet-lab/internal/chain/rpc.go:127.2,127.52 1 3
github.com/a861252012/testnet-wallet-lab/internal/chain/rpc.go:127.52,129.3 1 0
github.com/a861252012/testnet-wallet-lab/internal/chain/rpc.go:130.2,131.16 2 3
github.com/a861252012/testnet-wallet-lab/internal/chain/rpc.go:131.16,133.3 1 0
github.com/a861252012/testnet-wallet-lab/internal/chain/rpc.go:134.2,135.114 2 3
github.com/a861252012/testnet-wallet-lab/internal/chain/rpc.go:135.114,137.3 1 0
github.com/a861252012/testnet-wallet-lab/internal/chain/rpc.go:138.2,139.16 2 3
github.com/a861252012/testnet-wallet-lab/internal/chain/rpc.go:139.16,141.3 1 1
github.com/a861252012/testnet-wallet-lab/internal/chain/rpc.go:142.2,142.23 1 2
github.com/a861252012/testnet-wallet-lab/internal/chain/rpc.go:142.23,144.3 1 1
github.com/a861252012/testnet-wallet-lab/internal/chain/rpc.go:145.2,145.12 1 1
github.com/a861252012/testnet-wallet-lab/internal/chain/rpc.go:148.87,149.44 1 12
github.com/a861252012/testnet-wallet-lab/internal/chain/rpc.go:149.44,151.3 1 1
github.com/a861252012/testnet-wallet-lab/internal/chain/rpc.go:152.2,153.16 2 11
github.com/a861252012/testnet-wallet-lab/internal/chain/rpc.go:153.16,155.3 1 1
github.com/a861252012/testnet-wallet-lab/internal/chain/rpc.go:156.2,156.19 1 10
github.com/a861252012/testnet-wallet-lab/internal/chain/scanner.go:12.71,14.16 2 0
github.com/a861252012/testnet-wallet-lab/internal/chain/scanner.go:14.16,16.3 1 0
github.com/a861252012/testnet-wallet-lab/internal/chain/scanner.go:17.2,17.31 1 0
github.com/a861252012/testnet-wallet-lab/internal/chain/scanner.go:22.118,24.16 2 0
github.com/a861252012/testnet-wallet-lab/internal/chain/scanner.go:24.16,26.3 1 0
github.com/a861252012/testnet-wallet-lab/internal/chain/scanner.go:27.2,27.20 1 0
github.com/a861252012/testnet-wallet-lab/internal/chain/scanner.go:27.20,29.3 1 0
github.com/a861252012/testnet-wallet-lab/internal/chain/scanner.go:30.2,31.124 2 0
github.com/a861252012/testnet-wallet-lab/internal/chain/scanner.go:31.124,33.3 1 0
github.com/a861252012/testnet-wallet-lab/internal/chain/scanner.go:34.2,35.55 2 0
github.com/a861252012/testnet-wallet-lab/internal/chain/scanner.go:35.55,37.3 1 0
github.com/a861252012/testnet-wallet-lab/internal/chain/scanner.go:38.2,39.121 2 0
github.com/a861252012/testnet-wallet-lab/internal/chain/scanner.go:39.121,40.47 1 0
github.com/a861252012/testnet-wallet-lab/internal/chain/scanner.go:40.47,42.18 2 0
github.com/a861252012/testnet-wallet-lab/internal/chain/scanner.go:42.18,44.5 1 0
github.com/a861252012/testnet-wallet-lab/internal/chain/scanner.go:45.4,45.34 1 0
github.com/a861252012/testnet-wallet-lab/internal/chain/scanner.go:48.2,48.52 1 0
github.com/a861252012/testnet-wallet-lab/internal/chain/scanner.go:48.52,50.3 1 0
github.com/a861252012/testnet-wallet-lab/internal/chain/scanner.go:51.2,54.46 4 0
github.com/a861252012/testnet-wallet-lab/internal/chain/scanner.go:54.46,56.133 2 0
github.com/a861252012/testnet-wallet-lab/internal/chain/scanner.go:56.133,58.4 1 0
github.com/a861252012/testnet-wallet-lab/internal/chain/scanner.go:59.3,60.48 2 0
github.com/a861252012/testnet-wallet-lab/internal/chain/scanner.go:60.48,61.29 1 0
github.com/a861252012/testnet-wallet-lab/internal/chain/scanner.go:61.29,62.115 1 0
github.com/a861252012/testnet-wallet-lab/internal/chain/scanner.go:62.115,64.6 1 0
github.com/a861252012/testnet-wallet-lab/internal/chain/scanner.go:65.5,65.140 1 0
github.com/a861252012/testnet-wallet-lab/internal/chain/scanner.go:65.140,66.14 1 0
github.com/a861252012/testnet-wallet-lab/internal/chain/scanner.go:68.5,69.27 2 0
github.com/a861252012/testnet-wallet-lab/internal/chain/scanner.go:69.27,72.6 2 0
github.com/a861252012/testnet-wallet-lab/internal/chain/scanner.go:75.3,75.34 1 0
github.com/a861252012/testnet-wallet-lab/internal/chain/scanner.go:75.34,78.4 2 0
github.com/a861252012/testnet-wallet-lab/internal/chain/scanner.go:80.2,81.48 2 0
github.com/a861252012/testnet-wallet-lab/internal/chain/scanner.go:81.48,83.3 1 0
github.com/a861252012/testnet-wallet-lab/internal/chain/scanner.go:84.2,84.43 1 0
github.com/a861252012/testnet-wallet-lab/internal/web/access.go:17.71,26.71 7 17
github.com/a861252012/testnet-wallet-lab/internal/web/access.go:26.71,27.94 1 762
github.com/a861252012/testnet-wallet-lab/internal/web/access.go:27.94,30.4 2 1
github.com/a861252012/testnet-wallet-lab/internal/web/access.go:31.3,32.18 2 761
github.com/a861252012/testnet-wallet-lab/internal/web/access.go:32.18,33.80 1 5
github.com/a861252012/testnet-wallet-lab/internal/web/access.go:33.80,36.5 2 2
github.com/a861252012/testnet-wallet-lab/internal/web/access.go:37.4,38.10 2 3
github.com/a861252012/testnet-wallet-lab/internal/web/access.go:40.3,43.121 3 756
github.com/a861252012/testnet-wallet-lab/internal/web/access.go:43.121,45.41 2 30
github.com/a861252012/testnet-wallet-lab/internal/web/access.go:45.41,47.5 1 0
github.com/a861252012/testnet-wallet-lab/internal/web/access.go:48.4,49.16 2 30
github.com/a861252012/testnet-wallet-lab/internal/web/access.go:49.16,51.5 1 28
github.com/a861252012/testnet-wallet-lab/internal/web/access.go:52.4,53.15 2 30
github.com/a861252012/testnet-wallet-lab/internal/web/access.go:53.15,57.5 3 2
github.com/a861252012/testnet-wallet-lab/internal/web/access.go:59.3,59.60 1 754
github.com/a861252012/testnet-wallet-lab/internal/web/access.go:59.60,60.80 1 14
github.com/a861252012/testnet-wallet-lab/internal/web/access.go:60.80,63.5 2 0
github.com/a861252012/testnet-wallet-lab/internal/web/access.go:64.4,64.84 1 14
github.com/a861252012/testnet-wallet-lab/internal/web/access.go:64.84,67.5 2 1
github.com/a861252012/testnet-wallet-lab/internal/web/access.go:68.4,69.123 2 13
github.com/a861252012/testnet-wallet-lab/internal/web/access.go:69.123,74.5 4 10
github.com/a861252012/testnet-wallet-lab/internal/web/access.go:75.4,77.10 3 3
github.com/a861252012/testnet-wallet-lab/internal/web/access.go:79.3,79.138 1 740
github.com/a861252012/testnet-wallet-lab/internal/web/access.go:79.138,81.4 1 7
github.com/a861252012/testnet-wallet-lab/internal/web/access.go:82.3,82.20 1 740
github.com/a861252012/testnet-wallet-lab/internal/web/access.go:82.20,85.4 2 31
github.com/a861252012/testnet-wallet-lab/internal/web/access.go:86.3,86.97 1 709
github.com/a861252012/testnet-wallet-lab/internal/web/access.go:86.97,87.63 1 310
github.com/a861252012/testnet-wallet-lab/internal/web/access.go:87.63,90.38 3 4
github.com/a861252012/testnet-wallet-lab/internal/web/access.go:90.38,92.6 1 1
github.com/a861252012/testnet-wallet-lab/internal/web/access.go:93.5,93.80 1 4
github.com/a861252012/testnet-wallet-lab/internal/web/access.go:94.10,96.5 1 306
github.com/a861252012/testnet-wallet-lab/internal/web/access.go:97.4,97.10 1 310
github.com/a861252012/testnet-wallet-lab/internal/web/access.go:99.3,99.132 1 399
github.com/a861252012/testnet-wallet-lab/internal/web/access.go:99.132,104.4 4 1
github.com/a861252012/testnet-wallet-lab/internal/web/access.go:105.3,107.92 3 398
github.com/a861252012/testnet-wallet-lab/internal/web/evm_dto.go:37.129,47.23 2 3
github.com/a861252012/testnet-wallet-lab/internal/web/evm_dto.go:47.23,49.3 1 3
github.com/a861252012/testnet-wallet-lab/internal/web/evm_dto.go:50.2,50.15 1 3
github.com/a861252012/testnet-wallet-lab/internal/web/evm_dto.go:53.72,54.20 1 4
github.com/a861252012/testnet-wallet-lab/internal/web/evm_dto.go:54.20,56.3 1 3
github.com/a861252012/testnet-wallet-lab/internal/web/evm_dto.go:57.2,60.3 1 1
github.com/a861252012/testnet-wallet-lab/internal/web/evm_dto.go:71.72,72.20 1 2
github.com/a861252012/testnet-wallet-lab/internal/web/evm_dto.go:72.20,74.3 1 1
github.com/a861252012/testnet-wallet-lab/internal/web/evm_dto.go:75.2,78.3 1 1
github.com/a861252012/testnet-wallet-lab/internal/web/evm_dto.go:93.88,94.24 1 2
github.com/a861252012/testnet-wallet-lab/internal/web/evm_dto.go:94.24,96.3 1 1
github.com/a861252012/testnet-wallet-lab/internal/web/evm_dto.go:97.2,102.3 1 1
github.com/a861252012/testnet-wallet-lab/internal/web/evm_dto.go:117.71,119.2 1 7
github.com/a861252012/testnet-wallet-lab/internal/web/evm_dto.go:121.88,123.2 1 2
github.com/a861252012/testnet-wallet-lab/internal/web/evm_dto.go:125.63,137.2 1 9
github.com/a861252012/testnet-wallet-lab/internal/web/evm_dto.go:148.63,149.17 1 3
github.com/a861252012/testnet-wallet-lab/internal/web/evm_dto.go:149.17,151.3 1 0
github.com/a861252012/testnet-wallet-lab/internal/web/evm_dto.go:152.2,155.3 1 3
github.com/a861252012/testnet-wallet-lab/internal/web/evm_dto.go:164.77,165.19 1 0
github.com/a861252012/testnet-wallet-lab/internal/web/evm_dto.go:165.19,167.3 1 0
github.com/a861252012/testnet-wallet-lab/internal/web/evm_dto.go:168.2,168.98 1 0
github.com/a861252012/testnet-wallet-lab/internal/web/evm_dto.go:176.77,177.19 1 0
github.com/a861252012/testnet-wallet-lab/internal/web/evm_dto.go:177.19,179.3 1 0
github.com/a861252012/testnet-wallet-lab/internal/web/evm_dto.go:180.2,180.71 1 0
github.com/a861252012/testnet-wallet-lab/internal/web/evm_dto.go:190.61,191.20 1 4
github.com/a861252012/testnet-wallet-lab/internal/web/evm_dto.go:191.20,193.3 1 0
github.com/a861252012/testnet-wallet-lab/internal/web/evm_dto.go:194.2,194.110 1 4
github.com/a861252012/testnet-wallet-lab/internal/web/evm_dto.go:197.65,198.21 1 0
github.com/a861252012/testnet-wallet-lab/internal/web/evm_dto.go:198.21,200.3 1 0
github.com/a861252012/testnet-wallet-lab/internal/web/evm_dto.go:201.2,202.26 2 0
github.com/a861252012/testnet-wallet-lab/internal/web/evm_dto.go:202.26,204.3 1 0
github.com/a861252012/testnet-wallet-lab/internal/web/evm_dto.go:205.2,205.15 1 0
github.com/a861252012/testnet-wallet-lab/internal/web/evm_dto.go:220.52,221.17 1 1
github.com/a861252012/testnet-wallet-lab/internal/web/evm_dto.go:221.17,223.3 1 0
github.com/a861252012/testnet-wallet-lab/internal/web/evm_dto.go:224.2,228.3 1 1
github.com/a861252012/testnet-wallet-lab/internal/web/evm_dto.go:238.60,239.17 1 2
github.com/a861252012/testnet-wallet-lab/internal/web/evm_dto.go:239.17,241.3 1 0
github.com/a861252012/testnet-wallet-lab/internal/web/evm_dto.go:242.2,242.122 1 2
github.com/a861252012/testnet-wallet-lab/internal/web/evm_dto.go:259.81,260.20 1 1
github.com/a861252012/testnet-wallet-lab/internal/web/evm_dto.go:260.20,262.3 1 0
github.com/a861252012/testnet-wallet-lab/internal/web/evm_dto.go:263.2,268.3 1 1
github.com/a861252012/testnet-wallet-lab/internal/web/evm_dto.go:293.73,294.18 1 1
github.com/a861252012/testnet-wallet-lab/internal/web/evm_dto.go:294.18,296.3 1 0
github.com/a861252012/testnet-wallet-lab/internal/web/evm_dto.go:297.2,304.3 1 1
github.com/a861252012/testnet-wallet-lab/internal/web/evm_dto.go:318.71,319.19 1 1
github.com/a861252012/testnet-wallet-lab/internal/web/evm_dto.go:319.19,321.3 1 0
github.com/a861252012/testnet-wallet-lab/internal/web/evm_dto.go:322.2,325.3 1 1
github.com/a861252012/testnet-wallet-lab/internal/web/evm_dto.go:349.81,350.20 1 3
github.com/a861252012/testnet-wallet-lab/internal/web/evm_dto.go:350.20,352.3 1 0
github.com/a861252012/testnet-wallet-lab/internal/web/evm_dto.go:353.2,354.33 2 3
github.com/a861252012/testnet-wallet-lab/internal/web/evm_dto.go:354.33,356.45 2 2
github.com/a861252012/testnet-wallet-lab/internal/web/evm_dto.go:356.45,363.4 1 1
github.com/a861252012/testnet-wallet-lab/internal/web/evm_dto.go:365.2,365.15 1 3
github.com/a861252012/testnet-wallet-lab/internal/web/evm_dto.go:383.81,384.23 1 1
github.com/a861252012/testnet-wallet-lab/internal/web/evm_dto.go:384.23,386.3 1 0
github.com/a861252012/testnet-wallet-lab/internal/web/evm_dto.go:387.2,388.29 2 1
github.com/a861252012/testnet-wallet-lab/internal/web/evm_dto.go:388.29,390.41 2 1
github.com/a861252012/testnet-wallet-lab/internal/web/evm_dto.go:390.41,392.4 1 2
github.com/a861252012/testnet-wallet-lab/internal/web/evm_dto.go:394.2,394.15 1 1
github.com/a861252012/testnet-wallet-lab/internal/web/evm_dto.go:416.60,417.21 1 2
github.com/a861252012/testnet-wallet-lab/internal/web/evm_dto.go:417.21,419.3 1 0
github.com/a861252012/testnet-wallet-lab/internal/web/evm_dto.go:420.2,425.31 2 2
github.com/a861252012/testnet-wallet-lab/internal/web/evm_dto.go:425.31,427.47 2 2
github.com/a861252012/testnet-wallet-lab/internal/web/evm_dto.go:427.47,432.4 1 2
github.com/a861252012/testnet-wallet-lab/internal/web/evm_dto.go:434.2,434.15 1 2
github.com/a861252012/testnet-wallet-lab/internal/web/evm_dto.go:455.85,456.21 1 3
github.com/a861252012/testnet-wallet-lab/internal/web/evm_dto.go:456.21,458.3 1 0
github.com/a861252012/testnet-wallet-lab/internal/web/evm_dto.go:459.2,463.34 2 3
github.com/a861252012/testnet-wallet-lab/internal/web/evm_dto.go:463.34,465.53 2 3
github.com/a861252012/testnet-wallet-lab/internal/web/evm_dto.go:465.53,467.4 1 1
github.com/a861252012/testnet-wallet-lab/internal/web/evm_dto.go:469.2,469.28 1 3
github.com/a861252012/testnet-wallet-lab/internal/web/evm_dto.go:469.28,471.41 2 2
github.com/a861252012/testnet-wallet-lab/internal/web/evm_dto.go:471.41,476.4 1 0
github.com/a861252012/testnet-wallet-lab/internal/web/evm_dto.go:478.2,478.15 1 3
github.com/a861252012/testnet-wallet-lab/internal/web/evm_dto.go:481.76,484.18 3 2
github.com/a861252012/testnet-wallet-lab/internal/web/evm_dto.go:484.18,486.3 1 1
github.com/a861252012/testnet-wallet-lab/internal/web/evm_dto.go:487.2,487.158 1 2
github.com/a861252012/testnet-wallet-lab/internal/web/evm_dto.go:487.158,489.3 1 0
github.com/a861252012/testnet-wallet-lab/internal/web/evm_dto.go:490.2,490.52 1 2
github.com/a861252012/testnet-wallet-lab/internal/web/evm_dto.go:490.52,491.38 1 1
github.com/a861252012/testnet-wallet-lab/internal/web/evm_dto.go:491.38,492.180 1 0
github.com/a861252012/testnet-wallet-lab/internal/web/evm_dto.go:492.180,494.5 1 0
github.com/a861252012/testnet-wallet-lab/internal/web/evm_dto.go:496.3,496.50 1 1
github.com/a861252012/testnet-wallet-lab/internal/web/evm_dto.go:496.50,501.19 1 1
github.com/a861252012/testnet-wallet-lab/internal/web/evm_dto.go:501.19,503.5 1 0
github.com/a861252012/testnet-wallet-lab/internal/web/evm_dto.go:506.2,507.23 2 2
github.com/a861252012/testnet-wallet-lab/internal/web/evm_dto.go:516.71,517.19 1 0
github.com/a861252012/testnet-wallet-lab/internal/web/evm_dto.go:517.19,519.3 1 0
github.com/a861252012/testnet-wallet-lab/internal/web/evm_dto.go:520.2,520.80 1 0
github.com/a861252012/testnet-wallet-lab/internal/web/evm_dto.go:533.73,534.21 1 1
github.com/a861252012/testnet-wallet-lab/internal/web/evm_dto.go:534.21,536.3 1 0
github.com/a861252012/testnet-wallet-lab/internal/web/evm_dto.go:537.2,541.3 1 1
github.com/a861252012/testnet-wallet-lab/internal/web/faucet.go:13.99,17.111 4 1
github.com/a861252012/testnet-wallet-lab/internal/web/faucet.go:17.111,19.54 2 1
github.com/a861252012/testnet-wallet-lab/internal/web/faucet.go:19.54,22.4 2 1
github.com/a861252012/testnet-wallet-lab/internal/web/faucet.go:23.3,26.17 4 0
github.com/a861252012/testnet-wallet-lab/internal/web/faucet.go:26.17,29.4 2 0
github.com/a861252012/testnet-wallet-lab/internal/web/faucet.go:30.3,30.60 1 0
github.com/a861252012/testnet-wallet-lab/internal/web/faucet.go:32.2,32.117 1 1
github.com/a861252012/testnet-wallet-lab/internal/web/faucet.go:32.117,33.31 1 0
github.com/a861252012/testnet-wallet-lab/internal/web/faucet.go:33.31,36.4 2 0
github.com/a861252012/testnet-wallet-lab/internal/web/faucet.go:37.3,40.17 4 0
github.com/a861252012/testnet-wallet-lab/internal/web/faucet.go:40.17,43.4 2 0
github.com/a861252012/testnet-wallet-lab/internal/web/faucet.go:44.3,44.34 1 0
github.com/a861252012/testnet-wallet-lab/internal/web/faucet.go:44.34,45.47 1 0
github.com/a861252012/testnet-wallet-lab/internal/web/faucet.go:45.47,48.5 2 0
github.com/a861252012/testnet-wallet-lab/internal/web/faucet.go:50.3,50.22 1 0
github.com/a861252012/testnet-wallet-lab/internal/web/faucet.go:52.2,52.105 1 1
github.com/a861252012/testnet-wallet-lab/internal/web/faucet.go:52.105,54.3 1 0
github.com/a861252012/testnet-wallet-lab/internal/web/faucet.go:55.2,55.106 1 1
github.com/a861252012/testnet-wallet-lab/internal/web/faucet.go:55.106,61.54 2 1
github.com/a861252012/testnet-wallet-lab/internal/web/faucet.go:61.54,64.4 2 1
github.com/a861252012/testnet-wallet-lab/internal/web/faucet.go:65.3,68.17 4 0
github.com/a861252012/testnet-wallet-lab/internal/web/faucet.go:68.17,71.4 2 0
github.com/a861252012/testnet-wallet-lab/internal/web/faucet.go:72.3,72.57 1 0
github.com/a861252012/testnet-wallet-lab/internal/web/faucet.go:74.2,74.113 1 1
github.com/a861252012/testnet-wallet-lab/internal/web/faucet.go:74.113,76.54 2 1
github.com/a861252012/testnet-wallet-lab/internal/web/faucet.go:76.54,79.4 2 1
github.com/a861252012/testnet-wallet-lab/internal/web/faucet.go:80.3,81.40 2 0
github.com/a861252012/testnet-wallet-lab/internal/web/faucet.go:81.40,85.4 3 0
github.com/a861252012/testnet-wallet-lab/internal/web/faucet.go:86.3,91.17 6 0
github.com/a861252012/testnet-wallet-lab/internal/web/faucet.go:91.17,94.4 2 0
github.com/a861252012/testnet-wallet-lab/internal/web/faucet.go:95.3,95.63 1 0
github.com/a861252012/testnet-wallet-lab/internal/web/faucet.go:97.2,97.27 1 1
github.com/a861252012/testnet-wallet-lab/internal/web/observe.go:14.68,15.86 1 11
github.com/a861252012/testnet-wallet-lab/internal/web/observe.go:15.86,21.3 5 2
github.com/a861252012/testnet-wallet-lab/internal/web/observe.go:22.2,22.86 1 11
github.com/a861252012/testnet-wallet-lab/internal/web/observe.go:22.86,24.17 2 1
github.com/a861252012/testnet-wallet-lab/internal/web/observe.go:24.17,27.4 2 1
github.com/a861252012/testnet-wallet-lab/internal/web/observe.go:28.3,29.17 2 0
github.com/a861252012/testnet-wallet-lab/internal/web/observe.go:29.17,32.4 2 0
github.com/a861252012/testnet-wallet-lab/internal/web/observe.go:33.3,36.17 4 0
github.com/a861252012/testnet-wallet-lab/internal/web/observe.go:36.17,39.4 2 0
github.com/a861252012/testnet-wallet-lab/internal/web/observe.go:40.3,41.17 2 0
github.com/a861252012/testnet-wallet-lab/internal/web/observe.go:41.17,44.4 2 0
github.com/a861252012/testnet-wallet-lab/internal/web/observe.go:45.3,45.169 1 0
github.com/a861252012/testnet-wallet-lab/internal/web/observe.go:47.2,47.89 1 11
github.com/a861252012/testnet-wallet-lab/internal/web/observe.go:47.89,49.17 2 1
github.com/a861252012/testnet-wallet-lab/internal/web/observe.go:49.17,52.4 2 1
github.com/a861252012/testnet-wallet-lab/internal/web/observe.go:53.3,55.52 3 0
github.com/a861252012/testnet-wallet-lab/internal/web/observe.go:55.52,59.4 3 0
github.com/a861252012/testnet-wallet-lab/internal/web/observe.go:60.3,61.17 2 0
github.com/a861252012/testnet-wallet-lab/internal/web/observe.go:61.17,64.4 2 0
github.com/a861252012/testnet-wallet-lab/internal/web/observe.go:65.3,65.51 1 0
github.com/a861252012/testnet-wallet-lab/internal/web/observe.go:65.51,67.18 2 0
github.com/a861252012/testnet-wallet-lab/internal/web/observe.go:67.18,70.5 2 0
github.com/a861252012/testnet-wallet-lab/internal/web/observe.go:72.3,73.17 2 0
github.com/a861252012/testnet-wallet-lab/internal/web/observe.go:73.17,76.4 2 0
github.com/a861252012/testnet-wallet-lab/internal/web/observe.go:77.3,80.10 1 0
github.com/a861252012/testnet-wallet-lab/internal/web/origin.go:13.70,14.85 1 8
github.com/a861252012/testnet-wallet-lab/internal/web/origin.go:14.85,15.47 1 751
github.com/a861252012/testnet-wallet-lab/internal/web/origin.go:15.47,17.123 2 751
github.com/a861252012/testnet-wallet-lab/internal/web/origin.go:17.123,20.5 2 3
github.com/a861252012/testnet-wallet-lab/internal/web/origin.go:21.4,21.80 1 748
github.com/a861252012/testnet-wallet-lab/internal/web/origin.go:21.80,24.5 2 3
github.com/a861252012/testnet-wallet-lab/internal/web/origin.go:25.4,26.67 2 745
github.com/a861252012/testnet-wallet-lab/internal/web/origin.go:28.3,28.23 1 745
github.com/a861252012/testnet-wallet-lab/internal/web/origin.go:32.47,33.69 1 152
github.com/a861252012/testnet-wallet-lab/internal/web/origin.go:33.69,35.3 1 16
github.com/a861252012/testnet-wallet-lab/internal/web/origin.go:36.2,36.28 1 136
github.com/a861252012/testnet-wallet-lab/internal/web/origin.go:39.44,40.69 1 70
github.com/a861252012/testnet-wallet-lab/internal/web/origin.go:40.69,42.3 1 4
github.com/a861252012/testnet-wallet-lab/internal/web/origin.go:43.2,43.18 1 66
github.com/a861252012/testnet-wallet-lab/internal/web/origin.go:43.18,45.3 1 0
github.com/a861252012/testnet-wallet-lab/internal/web/origin.go:46.2,46.27 1 66
github.com/a861252012/testnet-wallet-lab/internal/web/public.go:14.46,15.63 1 686
github.com/a861252012/testnet-wallet-lab/internal/web/public.go:15.63,17.3 1 49
github.com/a861252012/testnet-wallet-lab/internal/web/public.go:18.2,18.20 1 637
github.com/a861252012/testnet-wallet-lab/internal/web/public.go:19.73,20.14 1 2
github.com/a861252012/testnet-wallet-lab/internal/web/public.go:22.2,22.42 1 635
github.com/a861252012/testnet-wallet-lab/internal/web/public.go:22.42,24.3 1 4
github.com/a861252012/testnet-wallet-lab/internal/web/public.go:25.2,26.79 2 631
github.com/a861252012/testnet-wallet-lab/internal/web/public.go:26.79,28.3 1 2
github.com/a861252012/testnet-wallet-lab/internal/web/public.go:29.2,29.55 1 629
github.com/a861252012/testnet-wallet-lab/internal/web/public.go:29.55,31.22 2 5
github.com/a861252012/testnet-wallet-lab/internal/web/public.go:31.22,33.4 1 0
github.com/a861252012/testnet-wallet-lab/internal/web/public.go:34.3,34.19 1 5
github.com/a861252012/testnet-wallet-lab/internal/web/public.go:35.50,36.25 1 3
github.com/a861252012/testnet-wallet-lab/internal/web/public.go:37.11,38.16 1 2
github.com/a861252012/testnet-wallet-lab/internal/web/public.go:41.2,41.84 1 627
github.com/a861252012/testnet-wallet-lab/internal/web/public.go:41.84,43.3 1 305
github.com/a861252012/testnet-wallet-lab/internal/web/public.go:44.2,45.95 2 322
github.com/a861252012/testnet-wallet-lab/internal/web/shared.go:21.63,27.71 6 5
github.com/a861252012/testnet-wallet-lab/internal/web/shared.go:27.71,29.29 2 76
github.com/a861252012/testnet-wallet-lab/internal/web/shared.go:29.29,32.4 2 1
github.com/a861252012/testnet-wallet-lab/internal/web/shared.go:33.3,34.18 2 75
github.com/a861252012/testnet-wallet-lab/internal/web/shared.go:34.18,36.4 1 0
github.com/a861252012/testnet-wallet-lab/internal/web/shared.go:37.3,37.38 1 75
github.com/a861252012/testnet-wallet-lab/internal/web/shared.go:37.38,40.4 2 1
github.com/a861252012/testnet-wallet-lab/internal/web/shared.go:41.3,41.62 1 74
github.com/a861252012/testnet-wallet-lab/internal/web/shared.go:41.62,43.61 2 4
github.com/a861252012/testnet-wallet-lab/internal/web/shared.go:43.61,46.5 2 1
github.com/a861252012/testnet-wallet-lab/internal/web/shared.go:47.4,48.23 2 3
github.com/a861252012/testnet-wallet-lab/internal/web/shared.go:48.23,50.5 1 3
github.com/a861252012/testnet-wallet-lab/internal/web/shared.go:52.3,52.57 1 73
github.com/a861252012/testnet-wallet-lab/internal/web/shared.go:52.57,54.23 2 3
github.com/a861252012/testnet-wallet-lab/internal/web/shared.go:54.23,55.21 1 3
github.com/a861252012/testnet-wallet-lab/internal/web/shared.go:56.52,57.28 1 3
github.com/a861252012/testnet-wallet-lab/internal/web/shared.go:61.3,61.64 1 73
github.com/a861252012/testnet-wallet-lab/internal/web/shared.go:61.64,62.35 1 67
github.com/a861252012/testnet-wallet-lab/internal/web/shared.go:62.35,65.5 2 1
github.com/a861252012/testnet-wallet-lab/internal/web/shared.go:66.4,66.17 1 66
github.com/a861252012/testnet-wallet-lab/internal/web/shared.go:67.50,69.24 1 11
github.com/a861252012/testnet-wallet-lab/internal/web/shared.go:69.24,72.6 2 1
github.com/a861252012/testnet-wallet-lab/internal/web/shared.go:73.5,74.11 2 10
github.com/a861252012/testnet-wallet-lab/internal/web/shared.go:76.80,76.80 0 16
github.com/a861252012/testnet-wallet-lab/internal/web/shared.go:77.65,77.65 0 15
github.com/a861252012/testnet-wallet-lab/internal/web/shared.go:78.167,78.167 0 11
github.com/a861252012/testnet-wallet-lab/internal/web/shared.go:79.12,81.11 2 13
github.com/a861252012/testnet-wallet-lab/internal/web/shared.go:83.4,83.115 1 42
github.com/a861252012/testnet-wallet-lab/internal/web/shared.go:83.115,85.42 2 26
github.com/a861252012/testnet-wallet-lab/internal/web/shared.go:85.42,87.6 1 0
github.com/a861252012/testnet-wallet-lab/internal/web/shared.go:88.5,89.17 2 26
github.com/a861252012/testnet-wallet-lab/internal/web/shared.go:89.17,91.6 1 25
github.com/a861252012/testnet-wallet-lab/internal/web/shared.go:92.5,93.16 2 26
github.com/a861252012/testnet-wallet-lab/internal/web/shared.go:93.16,97.6 3 1
github.com/a861252012/testnet-wallet-lab/internal/web/shared.go:100.3,100.90 1 47
github.com/a861252012/testnet-wallet-lab/internal/web/solana.go:13.82,15.16 2 2
github.com/a861252012/testnet-wallet-lab/internal/web/solana.go:15.16,17.3 1 0
github.com/a861252012/testnet-wallet-lab/internal/web/solana.go:18.2,19.74 2 2
github.com/a861252012/testnet-wallet-lab/internal/web/solana.go:19.74,22.3 2 1
github.com/a861252012/testnet-wallet-lab/internal/web/solana.go:23.2,23.105 1 2
github.com/a861252012/testnet-wallet-lab/internal/web/solana.go:23.105,26.3 2 1
github.com/a861252012/testnet-wallet-lab/internal/web/solana.go:27.2,27.106 1 2
github.com/a861252012/testnet-wallet-lab/internal/web/solana.go:27.106,32.3 4 0
github.com/a861252012/testnet-wallet-lab/internal/web/solana.go:33.2,33.106 1 2
github.com/a861252012/testnet-wallet-lab/internal/web/solana.go:33.106,38.3 4 0
github.com/a861252012/testnet-wallet-lab/internal/web/solana.go:39.2,39.103 1 2
github.com/a861252012/testnet-wallet-lab/internal/web/solana.go:39.103,40.108 1 14
github.com/a861252012/testnet-wallet-lab/internal/web/solana.go:40.108,43.18 3 11
github.com/a861252012/testnet-wallet-lab/internal/web/solana.go:44.18,49.56 2 3
github.com/a861252012/testnet-wallet-lab/internal/web/solana.go:49.56,52.6 2 1
github.com/a861252012/testnet-wallet-lab/internal/web/solana.go:53.5,54.19 2 2
github.com/a861252012/testnet-wallet-lab/internal/web/solana.go:54.19,57.6 2 1
github.com/a861252012/testnet-wallet-lab/internal/web/solana.go:58.5,58.64 1 1
github.com/a861252012/testnet-wallet-lab/internal/web/solana.go:59.17,64.56 2 1
github.com/a861252012/testnet-wallet-lab/internal/web/solana.go:64.56,67.6 2 1
github.com/a861252012/testnet-wallet-lab/internal/web/solana.go:68.5,69.19 2 0
github.com/a861252012/testnet-wallet-lab/internal/web/solana.go:69.19,72.6 2 0
github.com/a861252012/testnet-wallet-lab/internal/web/solana.go:73.5,73.63 1 0
github.com/a861252012/testnet-wallet-lab/internal/web/solana.go:74.16,79.56 2 1
github.com/a861252012/testnet-wallet-lab/internal/web/solana.go:79.56,82.6 2 1
github.com/a861252012/testnet-wallet-lab/internal/web/solana.go:83.5,84.19 2 0
github.com/a861252012/testnet-wallet-lab/internal/web/solana.go:84.19,87.6 2 0
github.com/a861252012/testnet-wallet-lab/internal/web/solana.go:88.5,88.64 1 0
github.com/a861252012/testnet-wallet-lab/internal/web/solana.go:89.17,93.56 2 1
github.com/a861252012/testnet-wallet-lab/internal/web/solana.go:93.56,96.6 2 1
github.com/a861252012/testnet-wallet-lab/internal/web/solana.go:97.5,98.19 2 0
github.com/a861252012/testnet-wallet-lab/internal/web/solana.go:98.19,101.6 2 0
github.com/a861252012/testnet-wallet-lab/internal/web/solana.go:102.5,102.64 1 0
github.com/a861252012/testnet-wallet-lab/internal/web/solana.go:103.19,109.56 2 1
github.com/a861252012/testnet-wallet-lab/internal/web/solana.go:109.56,112.6 2 1
github.com/a861252012/testnet-wallet-lab/internal/web/solana.go:113.5,113.92 1 0
github.com/a861252012/testnet-wallet-lab/internal/web/solana.go:113.92,116.6 2 0
github.com/a861252012/testnet-wallet-lab/internal/web/solana.go:117.5,117.72 1 0
github.com/a861252012/testnet-wallet-lab/internal/web/solana.go:118.20,123.56 2 1
github.com/a861252012/testnet-wallet-lab/internal/web/solana.go:123.56,126.6 2 1
github.com/a861252012/testnet-wallet-lab/internal/web/solana.go:127.5,127.81 1 0
github.com/a861252012/testnet-wallet-lab/internal/web/solana.go:127.81,130.6 2 0
github.com/a861252012/testnet-wallet-lab/internal/web/solana.go:131.5,131.71 1 0
github.com/a861252012/testnet-wallet-lab/internal/web/solana.go:132.18,136.56 2 3
github.com/a861252012/testnet-wallet-lab/internal/web/solana.go:136.56,139.6 2 1
github.com/a861252012/testnet-wallet-lab/internal/web/solana.go:140.5,141.19 2 2
github.com/a861252012/testnet-wallet-lab/internal/web/solana.go:141.19,144.6 2 1
github.com/a861252012/testnet-wallet-lab/internal/web/solana.go:145.5,145.39 1 1
github.com/a861252012/testnet-wallet-lab/internal/web/solana.go:149.2,149.32 1 2
github.com/a861252012/testnet-wallet-lab/internal/web/solana_dto.go:16.93,20.2 1 2
github.com/a861252012/testnet-wallet-lab/internal/web/solana_dto.go:29.85,30.20 1 0
github.com/a861252012/testnet-wallet-lab/internal/web/solana_dto.go:30.20,32.3 1 0
github.com/a861252012/testnet-wallet-lab/internal/web/solana_dto.go:33.2,35.3 1 0
github.com/a861252012/testnet-wallet-lab/internal/web/solana_dto.go:43.89,44.19 1 2
github.com/a861252012/testnet-wallet-lab/internal/web/solana_dto.go:44.19,46.3 1 0
github.com/a861252012/testnet-wallet-lab/internal/web/solana_dto.go:47.2,47.82 1 2
github.com/a861252012/testnet-wallet-lab/internal/web/solana_dto.go:56.92,57.19 1 0
github.com/a861252012/testnet-wallet-lab/internal/web/solana_dto.go:57.19,59.3 1 0
github.com/a861252012/testnet-wallet-lab/internal/web/solana_dto.go:60.2,60.104 1 0
github.com/a861252012/testnet-wallet-lab/internal/web/solana_dto.go:74.77,75.18 1 1
github.com/a861252012/testnet-wallet-lab/internal/web/solana_dto.go:75.18,77.3 1 0
github.com/a861252012/testnet-wallet-lab/internal/web/solana_dto.go:78.2,82.3 1 1
github.com/a861252012/testnet-wallet-lab/internal/web/solana_dto.go:96.81,97.19 1 1
github.com/a861252012/testnet-wallet-lab/internal/web/solana_dto.go:97.19,99.3 1 0
github.com/a861252012/testnet-wallet-lab/internal/web/solana_dto.go:100.2,104.3 1 1
github.com/a861252012/testnet-wallet-lab/internal/web/solana_dto.go:107.85,108.20 1 2
github.com/a861252012/testnet-wallet-lab/internal/web/solana_dto.go:108.20,110.3 1 1
github.com/a861252012/testnet-wallet-lab/internal/web/solana_dto.go:111.2,112.25 2 1
github.com/a861252012/testnet-wallet-lab/internal/web/solana_dto.go:112.25,114.3 1 0
github.com/a861252012/testnet-wallet-lab/internal/web/solana_dto.go:115.2,115.15 1 1
github.com/a861252012/testnet-wallet-lab/internal/web/traffic.go:12.51,18.85 6 46
github.com/a861252012/testnet-wallet-lab/internal/web/traffic.go:18.85,19.45 1 723
github.com/a861252012/testnet-wallet-lab/internal/web/traffic.go:19.45,22.4 2 9
github.com/a861252012/testnet-wallet-lab/internal/web/traffic.go:23.3,23.32 1 714
github.com/a861252012/testnet-wallet-lab/internal/web/traffic.go:23.32,26.4 2 1
github.com/a861252012/testnet-wallet-lab/internal/web/traffic.go:27.3,32.40 6 713
github.com/a861252012/testnet-wallet-lab/internal/web/traffic.go:32.40,34.4 1 0
github.com/a861252012/testnet-wallet-lab/internal/web/traffic.go:35.3,36.15 2 713
github.com/a861252012/testnet-wallet-lab/internal/web/traffic.go:36.15,38.4 1 711
github.com/a861252012/testnet-wallet-lab/internal/web/traffic.go:39.3,40.14 2 713
github.com/a861252012/testnet-wallet-lab/internal/web/traffic.go:40.14,46.4 5 2
github.com/a861252012/testnet-wallet-lab/internal/web/traffic.go:47.3,48.64 2 711
github.com/a861252012/testnet-wallet-lab/internal/web/traffic.go:48.64,50.154 2 71
github.com/a861252012/testnet-wallet-lab/internal/web/traffic.go:50.154,52.5 1 62
github.com/a861252012/testnet-wallet-lab/internal/web/traffic.go:54.3,54.10 1 711
github.com/a861252012/testnet-wallet-lab/internal/web/traffic.go:55.28,56.17 1 704
github.com/a861252012/testnet-wallet-lab/internal/web/traffic.go:56.17,56.28 1 704
github.com/a861252012/testnet-wallet-lab/internal/web/traffic.go:57.4,57.24 1 704
github.com/a861252012/testnet-wallet-lab/internal/web/traffic.go:58.11,62.102 4 7
github.com/a861252012/testnet-wallet-lab/internal/web/tron.go:13.78,15.16 2 2
github.com/a861252012/testnet-wallet-lab/internal/web/tron.go:15.16,17.3 1 0
github.com/a861252012/testnet-wallet-lab/internal/web/tron.go:18.2,19.74 2 2
github.com/a861252012/testnet-wallet-lab/internal/web/tron.go:19.74,22.3 2 1
github.com/a861252012/testnet-wallet-lab/internal/web/tron.go:23.2,23.105 1 2
github.com/a861252012/testnet-wallet-lab/internal/web/tron.go:23.105,26.3 2 1
github.com/a861252012/testnet-wallet-lab/internal/web/tron.go:27.2,27.106 1 2
github.com/a861252012/testnet-wallet-lab/internal/web/tron.go:27.106,32.3 4 0
github.com/a861252012/testnet-wallet-lab/internal/web/tron.go:33.2,33.106 1 2
github.com/a861252012/testnet-wallet-lab/internal/web/tron.go:33.106,38.3 4 0
github.com/a861252012/testnet-wallet-lab/internal/web/tron.go:39.2,39.104 1 2
github.com/a861252012/testnet-wallet-lab/internal/web/tron.go:39.104,44.3 4 0
github.com/a861252012/testnet-wallet-lab/internal/web/tron.go:45.2,45.103 1 2
github.com/a861252012/testnet-wallet-lab/internal/web/tron.go:45.103,46.108 1 14
github.com/a861252012/testnet-wallet-lab/internal/web/tron.go:46.108,49.18 3 11
github.com/a861252012/testnet-wallet-lab/internal/web/tron.go:50.18,55.56 2 3
github.com/a861252012/testnet-wallet-lab/internal/web/tron.go:55.56,58.6 2 1
github.com/a861252012/testnet-wallet-lab/internal/web/tron.go:59.5,60.19 2 2
github.com/a861252012/testnet-wallet-lab/internal/web/tron.go:60.19,63.6 2 1
github.com/a861252012/testnet-wallet-lab/internal/web/tron.go:64.5,64.62 1 1
github.com/a861252012/testnet-wallet-lab/internal/web/tron.go:65.17,72.56 2 1
github.com/a861252012/testnet-wallet-lab/internal/web/tron.go:72.56,75.6 2 1
github.com/a861252012/testnet-wallet-lab/internal/web/tron.go:76.5,77.19 2 0
github.com/a861252012/testnet-wallet-lab/internal/web/tron.go:77.19,80.6 2 0
github.com/a861252012/testnet-wallet-lab/internal/web/tron.go:81.5,81.61 1 0
github.com/a861252012/testnet-wallet-lab/internal/web/tron.go:82.16,87.56 2 1
github.com/a861252012/testnet-wallet-lab/internal/web/tron.go:87.56,90.6 2 1
github.com/a861252012/testnet-wallet-lab/internal/web/tron.go:91.5,92.19 2 0
github.com/a861252012/testnet-wallet-lab/internal/web/tron.go:92.19,95.6 2 0
github.com/a861252012/testnet-wallet-lab/internal/web/tron.go:96.5,96.62 1 0
github.com/a861252012/testnet-wallet-lab/internal/web/tron.go:97.17,101.56 2 1
github.com/a861252012/testnet-wallet-lab/internal/web/tron.go:101.56,104.6 2 1
github.com/a861252012/testnet-wallet-lab/internal/web/tron.go:105.5,106.19 2 0
github.com/a861252012/testnet-wallet-lab/internal/web/tron.go:106.19,109.6 2 0
github.com/a861252012/testnet-wallet-lab/internal/web/tron.go:110.5,110.62 1 0
github.com/a861252012/testnet-wallet-lab/internal/web/tron.go:111.19,117.56 2 1
github.com/a861252012/testnet-wallet-lab/internal/web/tron.go:117.56,120.6 2 1
github.com/a861252012/testnet-wallet-lab/internal/web/tron.go:121.5,121.92 1 0
github.com/a861252012/testnet-wallet-lab/internal/web/tron.go:121.92,124.6 2 0
github.com/a861252012/testnet-wallet-lab/internal/web/tron.go:125.5,125.72 1 0
github.com/a861252012/testnet-wallet-lab/internal/web/tron.go:126.20,131.56 2 1
github.com/a861252012/testnet-wallet-lab/internal/web/tron.go:131.56,134.6 2 1
github.com/a861252012/testnet-wallet-lab/internal/web/tron.go:135.5,135.81 1 0
github.com/a861252012/testnet-wallet-lab/internal/web/tron.go:135.81,138.6 2 0
github.com/a861252012/testnet-wallet-lab/internal/web/tron.go:139.5,139.71 1 0
github.com/a861252012/testnet-wallet-lab/internal/web/tron.go:140.18,144.56 2 3
github.com/a861252012/testnet-wallet-lab/internal/web/tron.go:144.56,147.6 2 1
github.com/a861252012/testnet-wallet-lab/internal/web/tron.go:148.5,149.19 2 2
github.com/a861252012/testnet-wallet-lab/internal/web/tron.go:149.19,152.6 2 1
github.com/a861252012/testnet-wallet-lab/internal/web/tron.go:153.5,153.39 1 1
github.com/a861252012/testnet-wallet-lab/internal/web/tron.go:157.2,157.32 1 2
github.com/a861252012/testnet-wallet-lab/internal/web/tron_dto.go:16.87,20.2 1 2
github.com/a861252012/testnet-wallet-lab/internal/web/tron_dto.go:30.79,31.20 1 0
github.com/a861252012/testnet-wallet-lab/internal/web/tron_dto.go:31.20,33.3 1 0
github.com/a861252012/testnet-wallet-lab/internal/web/tron_dto.go:34.2,37.3 1 0
github.com/a861252012/testnet-wallet-lab/internal/web/tron_dto.go:45.83,46.19 1 2
github.com/a861252012/testnet-wallet-lab/internal/web/tron_dto.go:46.19,48.3 1 0
github.com/a861252012/testnet-wallet-lab/internal/web/tron_dto.go:49.2,49.80 1 2
github.com/a861252012/testnet-wallet-lab/internal/web/tron_dto.go:59.71,60.18 1 1
github.com/a861252012/testnet-wallet-lab/internal/web/tron_dto.go:60.18,62.3 1 0
github.com/a861252012/testnet-wallet-lab/internal/web/tron_dto.go:63.2,63.125 1 1
github.com/a861252012/testnet-wallet-lab/internal/web/tron_dto.go:82.71,83.18 1 1
github.com/a861252012/testnet-wallet-lab/internal/web/tron_dto.go:83.18,85.3 1 0
github.com/a861252012/testnet-wallet-lab/internal/web/tron_dto.go:86.2,91.3 1 1
github.com/a861252012/testnet-wallet-lab/internal/web/tron_dto.go:113.75,114.19 1 1
github.com/a861252012/testnet-wallet-lab/internal/web/tron_dto.go:114.19,116.3 1 0
github.com/a861252012/testnet-wallet-lab/internal/web/tron_dto.go:117.2,124.3 1 1
github.com/a861252012/testnet-wallet-lab/internal/web/tron_dto.go:127.79,128.20 1 2
github.com/a861252012/testnet-wallet-lab/internal/web/tron_dto.go:128.20,130.3 1 1
github.com/a861252012/testnet-wallet-lab/internal/web/tron_dto.go:131.2,132.25 2 1
github.com/a861252012/testnet-wallet-lab/internal/web/tron_dto.go:132.25,134.3 1 0
github.com/a861252012/testnet-wallet-lab/internal/web/tron_dto.go:135.2,135.15 1 1
github.com/a861252012/testnet-wallet-lab/internal/web/wallet.go:20.36,22.16 2 136
github.com/a861252012/testnet-wallet-lab/internal/web/wallet.go:22.16,24.3 1 87
github.com/a861252012/testnet-wallet-lab/internal/web/wallet.go:25.2,26.59 2 136
github.com/a861252012/testnet-wallet-lab/internal/web/wallet.go:29.78,31.44 2 40
github.com/a861252012/testnet-wallet-lab/internal/web/wallet.go:31.44,33.3 1 2
github.com/a861252012/testnet-wallet-lab/internal/web/wallet.go:34.2,37.40 4 38
github.com/a861252012/testnet-wallet-lab/internal/web/wallet.go:37.40,39.3 1 19
github.com/a861252012/testnet-wallet-lab/internal/web/wallet.go:40.2,41.59 2 19
github.com/a861252012/testnet-wallet-lab/internal/web/wallet.go:41.59,43.3 1 2
github.com/a861252012/testnet-wallet-lab/internal/web/wallet.go:44.2,44.12 1 17
github.com/a861252012/testnet-wallet-lab/internal/web/wallet.go:47.67,48.15 1 8
github.com/a861252012/testnet-wallet-lab/internal/web/wallet.go:48.15,50.3 1 0
github.com/a861252012/testnet-wallet-lab/internal/web/wallet.go:52.2,52.66 1 8
github.com/a861252012/testnet-wallet-lab/internal/web/wallet.go:52.66,52.119 1 176
github.com/a861252012/testnet-wallet-lab/internal/web/wallet.go:54.2,54.110 1 8
github.com/a861252012/testnet-wallet-lab/internal/web/wallet.go:54.110,56.54 2 0
github.com/a861252012/testnet-wallet-lab/internal/web/wallet.go:56.54,59.4 2 0
github.com/a861252012/testnet-wallet-lab/internal/web/wallet.go:60.3,63.17 4 0
github.com/a861252012/testnet-wallet-lab/internal/web/wallet.go:63.17,66.4 2 0
github.com/a861252012/testnet-wallet-lab/internal/web/wallet.go:67.3,68.17 2 0
github.com/a861252012/testnet-wallet-lab/internal/web/wallet.go:68.17,71.4 2 0
github.com/a861252012/testnet-wallet-lab/internal/web/wallet.go:72.3,72.59 1 0
github.com/a861252012/testnet-wallet-lab/internal/web/wallet.go:75.2,75.77 1 8
github.com/a861252012/testnet-wallet-lab/internal/web/wallet.go:75.77,77.17 2 2
github.com/a861252012/testnet-wallet-lab/internal/web/wallet.go:77.17,80.4 2 0
github.com/a861252012/testnet-wallet-lab/internal/web/wallet.go:81.3,81.63 1 2
github.com/a861252012/testnet-wallet-lab/internal/web/wallet.go:83.2,86.100 3 8
github.com/a861252012/testnet-wallet-lab/internal/web/wallet.go:86.100,90.17 4 2
github.com/a861252012/testnet-wallet-lab/internal/web/wallet.go:90.17,92.11 2 0
github.com/a861252012/testnet-wallet-lab/internal/web/wallet.go:93.46,94.35 1 0
github.com/a861252012/testnet-wallet-lab/internal/web/wallet.go:95.42,96.39 1 0
github.com/a861252012/testnet-wallet-lab/internal/web/wallet.go:98.4,99.10 2 0
github.com/a861252012/testnet-wallet-lab/internal/web/wallet.go:101.3,101.67 1 2
github.com/a861252012/testnet-wallet-lab/internal/web/wallet.go:104.2,104.111 1 8
github.com/a861252012/testnet-wallet-lab/internal/web/wallet.go:104.111,110.54 2 0
github.com/a861252012/testnet-wallet-lab/internal/web/wallet.go:110.54,113.4 2 0
github.com/a861252012/testnet-wallet-lab/internal/web/wallet.go:114.3,115.17 2 0
github.com/a861252012/testnet-wallet-lab/internal/web/wallet.go:115.17,118.4 2 0
github.com/a861252012/testnet-wallet-lab/internal/web/wallet.go:119.3,119.66 1 0
github.com/a861252012/testnet-wallet-lab/internal/web/wallet.go:121.2,121.104 1 8
github.com/a861252012/testnet-wallet-lab/internal/web/wallet.go:121.104,126.54 2 0
github.com/a861252012/testnet-wallet-lab/internal/web/wallet.go:126.54,129.4 2 0
github.com/a861252012/testnet-wallet-lab/internal/web/wallet.go:130.3,130.74 1 0
github.com/a861252012/testnet-wallet-lab/internal/web/wallet.go:130.74,133.4 2 0
github.com/a861252012/testnet-wallet-lab/internal/web/wallet.go:134.3,134.79 1 0
github.com/a861252012/testnet-wallet-lab/internal/web/wallet.go:137.2,137.103 1 8
github.com/a861252012/testnet-wallet-lab/internal/web/wallet.go:137.103,139.17 2 0
github.com/a861252012/testnet-wallet-lab/internal/web/wallet.go:139.17,142.4 2 0
github.com/a861252012/testnet-wallet-lab/internal/web/wallet.go:143.3,143.53 1 0
github.com/a861252012/testnet-wallet-lab/internal/web/wallet.go:145.2,145.104 1 8
github.com/a861252012/testnet-wallet-lab/internal/web/wallet.go:145.104,150.54 2 2
github.com/a861252012/testnet-wallet-lab/internal/web/wallet.go:150.54,153.4 2 0
github.com/a861252012/testnet-wallet-lab/internal/web/wallet.go:154.3,154.49 1 2
github.com/a861252012/testnet-wallet-lab/internal/web/wallet.go:154.49,155.64 1 0
github.com/a861252012/testnet-wallet-lab/internal/web/wallet.go:155.64,158.5 2 0
github.com/a861252012/testnet-wallet-lab/internal/web/wallet.go:160.3,161.17 2 2
github.com/a861252012/testnet-wallet-lab/internal/web/wallet.go:161.17,164.4 2 1
github.com/a861252012/testnet-wallet-lab/internal/web/wallet.go:165.3,165.52 1 1
github.com/a861252012/testnet-wallet-lab/internal/web/wallet.go:167.2,167.111 1 8
github.com/a861252012/testnet-wallet-lab/internal/web/wallet.go:167.111,173.54 2 4
github.com/a861252012/testnet-wallet-lab/internal/web/wallet.go:173.54,176.4 2 0
github.com/a861252012/testnet-wallet-lab/internal/web/wallet.go:177.3,178.17 2 4
github.com/a861252012/testnet-wallet-lab/internal/web/wallet.go:178.17,181.4 2 1
github.com/a861252012/testnet-wallet-lab/internal/web/wallet.go:182.3,182.52 1 3
github.com/a861252012/testnet-wallet-lab/internal/web/wallet.go:185.2,185.102 1 8
github.com/a861252012/testnet-wallet-lab/internal/web/wallet.go:185.102,189.54 2 6
github.com/a861252012/testnet-wallet-lab/internal/web/wallet.go:189.54,192.4 2 6
github.com/a861252012/testnet-wallet-lab/internal/web/wallet.go:193.3,194.17 2 0
github.com/a861252012/testnet-wallet-lab/internal/web/wallet.go:194.17,196.46 2 0
github.com/a861252012/testnet-wallet-lab/internal/web/wallet.go:196.46,198.5 1 0
github.com/a861252012/testnet-wallet-lab/internal/web/wallet.go:198.10,198.62 1 0
github.com/a861252012/testnet-wallet-lab/internal/web/wallet.go:198.62,200.5 1 0
github.com/a861252012/testnet-wallet-lab/internal/web/wallet.go:201.4,202.10 2 0
github.com/a861252012/testnet-wallet-lab/internal/web/wallet.go:204.3,204.66 1 0
github.com/a861252012/testnet-wallet-lab/internal/web/wallet.go:208.2,208.102 1 8
github.com/a861252012/testnet-wallet-lab/internal/web/wallet.go:208.102,213.54 2 0
github.com/a861252012/testnet-wallet-lab/internal/web/wallet.go:213.54,216.4 2 0
github.com/a861252012/testnet-wallet-lab/internal/web/wallet.go:217.3,218.17 2 0
github.com/a861252012/testnet-wallet-lab/internal/web/wallet.go:218.17,220.46 2 0
github.com/a861252012/testnet-wallet-lab/internal/web/wallet.go:220.46,222.5 1 0
github.com/a861252012/testnet-wallet-lab/internal/web/wallet.go:222.10,222.62 1 0
github.com/a861252012/testnet-wallet-lab/internal/web/wallet.go:222.62,224.5 1 0
github.com/a861252012/testnet-wallet-lab/internal/web/wallet.go:225.4,226.10 2 0
github.com/a861252012/testnet-wallet-lab/internal/web/wallet.go:228.3,228.66 1 0
github.com/a861252012/testnet-wallet-lab/internal/web/wallet.go:232.2,232.102 1 8
github.com/a861252012/testnet-wallet-lab/internal/web/wallet.go:232.102,236.54 2 0
github.com/a861252012/testnet-wallet-lab/internal/web/wallet.go:236.54,239.4 2 0
github.com/a861252012/testnet-wallet-lab/internal/web/wallet.go:240.3,241.17 2 0
github.com/a861252012/testnet-wallet-lab/internal/web/wallet.go:241.17,243.50 2 0
github.com/a861252012/testnet-wallet-lab/internal/web/wallet.go:243.50,245.5 1 0
github.com/a861252012/testnet-wallet-lab/internal/web/wallet.go:245.10,245.55 1 0
github.com/a861252012/testnet-wallet-lab/internal/web/wallet.go:245.55,247.5 1 0
github.com/a861252012/testnet-wallet-lab/internal/web/wallet.go:247.10,247.62 1 0
github.com/a861252012/testnet-wallet-lab/internal/web/wallet.go:247.62,249.5 1 0
github.com/a861252012/testnet-wallet-lab/internal/web/wallet.go:250.4,251.10 2 0
github.com/a861252012/testnet-wallet-lab/internal/web/wallet.go:253.3,255.22 3 0
github.com/a861252012/testnet-wallet-lab/internal/web/wallet.go:258.2,258.93 1 8
github.com/a861252012/testnet-wallet-lab/internal/web/wallet.go:258.93,261.21 3 3
github.com/a861252012/testnet-wallet-lab/internal/web/wallet.go:261.21,264.4 2 1
github.com/a861252012/testnet-wallet-lab/internal/web/wallet.go:265.3,268.17 4 2
github.com/a861252012/testnet-wallet-lab/internal/web/wallet.go:268.17,270.48 2 2
github.com/a861252012/testnet-wallet-lab/internal/web/wallet.go:270.48,272.5 1 0
github.com/a861252012/testnet-wallet-lab/internal/web/wallet.go:272.10,272.51 1 2
github.com/a861252012/testnet-wallet-lab/internal/web/wallet.go:272.51,274.5 1 1
github.com/a861252012/testnet-wallet-lab/internal/web/wallet.go:274.10,274.47 1 1
github.com/a861252012/testnet-wallet-lab/internal/web/wallet.go:274.47,276.5 1 0
github.com/a861252012/testnet-wallet-lab/internal/web/wallet.go:277.4,278.10 2 2
github.com/a861252012/testnet-wallet-lab/internal/web/wallet.go:280.3,280.58 1 0
github.com/a861252012/testnet-wallet-lab/internal/web/wallet.go:284.2,284.100 1 8
github.com/a861252012/testnet-wallet-lab/internal/web/wallet.go:284.100,288.3 3 3
github.com/a861252012/testnet-wallet-lab/internal/web/wallet.go:291.2,291.101 1 8
github.com/a861252012/testnet-wallet-lab/internal/web/wallet.go:291.101,296.54 2 0
github.com/a861252012/testnet-wallet-lab/internal/web/wallet.go:296.54,299.4 2 0
github.com/a861252012/testnet-wallet-lab/internal/web/wallet.go:300.3,300.52 1 0
github.com/a861252012/testnet-wallet-lab/internal/web/wallet.go:304.2,304.101 1 8
github.com/a861252012/testnet-wallet-lab/internal/web/wallet.go:304.101,306.54 2 3
github.com/a861252012/testnet-wallet-lab/internal/web/wallet.go:306.54,309.4 2 0
github.com/a861252012/testnet-wallet-lab/internal/web/wallet.go:310.3,313.17 4 3
github.com/a861252012/testnet-wallet-lab/internal/web/wallet.go:313.17,316.4 2 1
github.com/a861252012/testnet-wallet-lab/internal/web/wallet.go:317.3,318.17 2 2
github.com/a861252012/testnet-wallet-lab/internal/web/wallet.go:318.17,320.11 2 2
github.com/a861252012/testnet-wallet-lab/internal/web/wallet.go:321.86,322.33 1 0
github.com/a861252012/testnet-wallet-lab/internal/web/wallet.go:323.52,324.43 1 0
github.com/a861252012/testnet-wallet-lab/internal/web/wallet.go:325.46,326.35 1 0
github.com/a861252012/testnet-wallet-lab/internal/web/wallet.go:327.42,328.39 1 0
github.com/a861252012/testnet-wallet-lab/internal/web/wallet.go:330.4,331.10 2 2
github.com/a861252012/testnet-wallet-lab/internal/web/wallet.go:333.3,333.67 1 0
github.com/a861252012/testnet-wallet-lab/internal/web/wallet.go:337.2,337.100 1 8
github.com/a861252012/testnet-wallet-lab/internal/web/wallet.go:337.100,342.54 2 0
github.com/a861252012/testnet-wallet-lab/internal/web/wallet.go:342.54,345.4 2 0
github.com/a861252012/testnet-wallet-lab/internal/web/wallet.go:346.3,349.17 4 0
github.com/a861252012/testnet-wallet-lab/internal/web/wallet.go:349.17,351.11 2 0
github.com/a861252012/testnet-wallet-lab/internal/web/wallet.go:352.52,353.37 1 0
github.com/a861252012/testnet-wallet-lab/internal/web/wallet.go:354.87,355.33 1 0
github.com/a861252012/testnet-wallet-lab/internal/web/wallet.go:356.96,357.43 1 0
github.com/a861252012/testnet-wallet-lab/internal/web/wallet.go:358.46,359.35 1 0
github.com/a861252012/testnet-wallet-lab/internal/web/wallet.go:360.42,361.39 1 0
github.com/a861252012/testnet-wallet-lab/internal/web/wallet.go:363.4,364.10 2 0
github.com/a861252012/testnet-wallet-lab/internal/web/wallet.go:366.3,366.64 1 0
github.com/a861252012/testnet-wallet-lab/internal/web/wallet.go:370.2,370.101 1 8
github.com/a861252012/testnet-wallet-lab/internal/web/wallet.go:370.101,374.54 2 0
github.com/a861252012/testnet-wallet-lab/internal/web/wallet.go:374.54,377.4 2 0
github.com/a861252012/testnet-wallet-lab/internal/web/wallet.go:378.3,381.17 4 0
github.com/a861252012/testnet-wallet-lab/internal/web/wallet.go:381.17,383.11 2 0
github.com/a861252012/testnet-wallet-lab/internal/web/wallet.go:384.43,385.33 1 0
github.com/a861252012/testnet-wallet-lab/internal/web/wallet.go:386.46,387.35 1 0
github.com/a861252012/testnet-wallet-lab/internal/web/wallet.go:388.42,389.39 1 0
github.com/a861252012/testnet-wallet-lab/internal/web/wallet.go:391.4,392.10 2 0
github.com/a861252012/testnet-wallet-lab/internal/web/wallet.go:394.3,394.64 1 0
github.com/a861252012/testnet-wallet-lab/internal/web/wallet.go:397.2,397.111 1 8
github.com/a861252012/testnet-wallet-lab/internal/web/wallet.go:397.111,401.54 2 0
github.com/a861252012/testnet-wallet-lab/internal/web/wallet.go:401.54,404.4 2 0
github.com/a861252012/testnet-wallet-lab/internal/web/wallet.go:405.3,408.17 4 0
github.com/a861252012/testnet-wallet-lab/internal/web/wallet.go:408.17,411.4 2 0
github.com/a861252012/testnet-wallet-lab/internal/web/wallet.go:412.3,412.53 1 0
github.com/a861252012/testnet-wallet-lab/internal/web/wallet.go:414.2,414.109 1 8
github.com/a861252012/testnet-wallet-lab/internal/web/wallet.go:414.109,419.54 2 0
github.com/a861252012/testnet-wallet-lab/internal/web/wallet.go:419.54,422.4 2 0
github.com/a861252012/testnet-wallet-lab/internal/web/wallet.go:423.3,426.17 4 0
github.com/a861252012/testnet-wallet-lab/internal/web/wallet.go:426.17,429.4 2 0
github.com/a861252012/testnet-wallet-lab/internal/web/wallet.go:430.3,430.57 1 0
github.com/a861252012/testnet-wallet-lab/internal/web/wallet.go:432.2,432.103 1 8
github.com/a861252012/testnet-wallet-lab/internal/web/wallet.go:432.103,434.50 2 3
github.com/a861252012/testnet-wallet-lab/internal/web/wallet.go:434.50,437.30 3 2
github.com/a861252012/testnet-wallet-lab/internal/web/wallet.go:437.30,440.5 2 2
github.com/a861252012/testnet-wallet-lab/internal/web/wallet.go:442.3,445.17 4 1
github.com/a861252012/testnet-wallet-lab/internal/web/wallet.go:445.17,448.4 2 0
github.com/a861252012/testnet-wallet-lab/internal/web/wallet.go:449.3,449.43 1 1
github.com/a861252012/testnet-wallet-lab/internal/web/wallet.go:449.43,455.4 5 1
github.com/a861252012/testnet-wallet-lab/internal/web/wallet.go:456.3,456.61 1 0
github.com/a861252012/testnet-wallet-lab/internal/web/wallet.go:459.2,459.99 1 8
github.com/a861252012/testnet-wallet-lab/internal/web/wallet.go:459.99,461.17 2 0
github.com/a861252012/testnet-wallet-lab/internal/web/wallet.go:461.17,464.4 2 0
github.com/a861252012/testnet-wallet-lab/internal/web/wallet.go:465.3,465.56 1 0
github.com/a861252012/testnet-wallet-lab/internal/web/wallet.go:467.2,467.100 1 8
github.com/a861252012/testnet-wallet-lab/internal/web/wallet.go:467.100,472.54 2 0
github.com/a861252012/testnet-wallet-lab/internal/web/wallet.go:472.54,475.4 2 0
github.com/a861252012/testnet-wallet-lab/internal/web/wallet.go:476.3,477.17 2 0
github.com/a861252012/testnet-wallet-lab/internal/web/wallet.go:477.17,480.4 2 0
github.com/a861252012/testnet-wallet-lab/internal/web/wallet.go:481.3,481.56 1 0
github.com/a861252012/testnet-wallet-lab/internal/web/wallet.go:484.2,484.102 1 8
github.com/a861252012/testnet-wallet-lab/internal/web/wallet.go:484.102,488.17 4 0
github.com/a861252012/testnet-wallet-lab/internal/web/wallet.go:488.17,491.4 2 0
github.com/a861252012/testnet-wallet-lab/internal/web/wallet.go:492.3,492.71 1 0
github.com/a861252012/testnet-wallet-lab/internal/web/wallet.go:496.78,498.16 2 148
github.com/a861252012/testnet-wallet-lab/internal/web/wallet.go:498.16,499.53 1 136
github.com/a861252012/testnet-wallet-lab/internal/web/wallet.go:499.53,502.4 2 0
github.com/a861252012/testnet-wallet-lab/internal/web/wallet.go:503.3,505.9 3 136
github.com/a861252012/testnet-wallet-lab/internal/web/wallet.go:507.2,508.19 2 12
github.com/a861252012/testnet-wallet-lab/internal/web/wallet.go:508.19,510.3 1 12
github.com/a861252012/testnet-wallet-lab/internal/web/wallet.go:513.85,514.54 1 224
github.com/a861252012/testnet-wallet-lab/internal/web/wallet.go:514.54,515.29 1 133
github.com/a861252012/testnet-wallet-lab/internal/web/wallet.go:515.29,518.4 2 21
github.com/a861252012/testnet-wallet-lab/internal/web/wallet.go:521.3,521.65 1 112
github.com/a861252012/testnet-wallet-lab/internal/web/wallet.go:521.65,524.4 2 1
github.com/a861252012/testnet-wallet-lab/internal/web/wallet.go:525.3,525.53 1 111
github.com/a861252012/testnet-wallet-lab/internal/web/wallet.go:525.53,526.34 1 63
github.com/a861252012/testnet-wallet-lab/internal/web/wallet.go:526.34,529.5 2 23
github.com/a861252012/testnet-wallet-lab/internal/web/wallet.go:533.3,533.34 1 88
github.com/a861252012/testnet-wallet-lab/internal/web/wallet.go:533.34,535.39 2 76
github.com/a861252012/testnet-wallet-lab/internal/web/wallet.go:535.39,538.5 2 34
github.com/a861252012/testnet-wallet-lab/internal/web/wallet.go:541.3,541.16 1 54
github.com/a861252012/testnet-wallet-lab/internal/web/web.go:21.88,23.16 2 11
github.com/a861252012/testnet-wallet-lab/internal/web/web.go:23.16,25.3 1 0
github.com/a861252012/testnet-wallet-lab/internal/web/web.go:26.2,27.16 2 11
github.com/a861252012/testnet-wallet-lab/internal/web/web.go:27.16,29.3 1 0
github.com/a861252012/testnet-wallet-lab/internal/web/web.go:30.2,33.16 4 11
github.com/a861252012/testnet-wallet-lab/internal/web/web.go:33.16,35.3 1 0
github.com/a861252012/testnet-wallet-lab/internal/web/web.go:36.2,36.79 1 11
github.com/a861252012/testnet-wallet-lab/internal/web/web.go:36.79,39.3 2 0
github.com/a861252012/testnet-wallet-lab/internal/web/web.go:40.2,41.74 2 11
github.com/a861252012/testnet-wallet-lab/internal/web/web.go:41.74,44.3 2 1
github.com/a861252012/testnet-wallet-lab/internal/web/web.go:45.2,45.78 1 11
github.com/a861252012/testnet-wallet-lab/internal/web/web.go:45.78,47.3 1 1
github.com/a861252012/testnet-wallet-lab/internal/web/web.go:48.2,48.82 1 11
github.com/a861252012/testnet-wallet-lab/internal/web/web.go:48.82,53.3 4 0
github.com/a861252012/testnet-wallet-lab/internal/web/web.go:54.2,54.82 1 11
github.com/a861252012/testnet-wallet-lab/internal/web/web.go:54.82,59.3 4 1
github.com/a861252012/testnet-wallet-lab/internal/web/web.go:60.2,60.94 1 11
github.com/a861252012/testnet-wallet-lab/internal/web/web.go:60.94,65.3 4 1
github.com/a861252012/testnet-wallet-lab/internal/web/web.go:66.2,66.55 1 11
github.com/a861252012/testnet-wallet-lab/internal/web/web.go:66.55,68.3 1 8
github.com/a861252012/testnet-wallet-lab/internal/web/web.go:69.2,69.32 1 11
github.com/a861252012/testnet-wallet-lab/internal/web/web.go:72.51,73.71 1 70
github.com/a861252012/testnet-wallet-lab/internal/web/web.go:73.71,79.3 5 1618
github.com/a861252012/testnet-wallet-lab/internal/web/web.go:82.60,84.16 2 7
github.com/a861252012/testnet-wallet-lab/internal/web/web.go:84.16,86.10 2 2
github.com/a861252012/testnet-wallet-lab/internal/web/web.go:87.72,88.34 1 2
github.com/a861252012/testnet-wallet-lab/internal/web/web.go:89.42,90.32 1 0
github.com/a861252012/testnet-wallet-lab/internal/web/web.go:91.41,92.38 1 0
github.com/a861252012/testnet-wallet-lab/internal/web/web.go:94.3,96.9 3 2
github.com/a861252012/testnet-wallet-lab/internal/web/web.go:98.2,98.39 1 5
github.com/a861252012/testnet-wallet-lab/internal/web/web.go:103.61,104.42 1 25
github.com/a861252012/testnet-wallet-lab/internal/web/web.go:104.42,106.3 1 4
github.com/a861252012/testnet-wallet-lab/internal/web/web.go:107.2,107.60 1 21
github.com/a861252012/testnet-wallet-lab/internal/web/web.go:107.60,109.33 2 11
github.com/a861252012/testnet-wallet-lab/internal/web/web.go:109.33,111.4 1 2
github.com/a861252012/testnet-wallet-lab/internal/web/web.go:112.3,112.100 1 9
github.com/a861252012/testnet-wallet-lab/internal/web/web.go:112.100,114.4 1 3
github.com/a861252012/testnet-wallet-lab/internal/web/web.go:116.2,116.18 1 16
github.com/a861252012/testnet-wallet-lab/internal/wallet/erc4337/builder.go:34.13,36.16 2 1
github.com/a861252012/testnet-wallet-lab/internal/wallet/erc4337/builder.go:36.16,37.73 1 0
github.com/a861252012/testnet-wallet-lab/internal/wallet/erc4337/builder.go:39.2,40.16 2 1
github.com/a861252012/testnet-wallet-lab/internal/wallet/erc4337/builder.go:40.16,41.73 1 0
github.com/a861252012/testnet-wallet-lab/internal/wallet/erc4337/builder.go:43.2,44.16 2 1
github.com/a861252012/testnet-wallet-lab/internal/wallet/erc4337/builder.go:44.16,45.71 1 0
github.com/a861252012/testnet-wallet-lab/internal/wallet/erc4337/builder.go:48.2,49.16 2 1
github.com/a861252012/testnet-wallet-lab/internal/wallet/erc4337/builder.go:49.16,50.75 1 0
github.com/a861252012/testnet-wallet-lab/internal/wallet/erc4337/builder.go:52.2,53.16 2 1
github.com/a861252012/testnet-wallet-lab/internal/wallet/erc4337/builder.go:53.16,54.75 1 0
github.com/a861252012/testnet-wallet-lab/internal/wallet/erc4337/builder.go:56.2,57.16 2 1
github.com/a861252012/testnet-wallet-lab/internal/wallet/erc4337/builder.go:57.16,58.73 1 0
github.com/a861252012/testnet-wallet-lab/internal/wallet/erc4337/builder.go:61.2,71.3 2 1
github.com/a861252012/testnet-wallet-lab/internal/wallet/erc4337/builder.go:101.71,103.20 2 17
github.com/a861252012/testnet-wallet-lab/internal/wallet/erc4337/builder.go:103.20,105.3 1 17
github.com/a861252012/testnet-wallet-lab/internal/wallet/erc4337/builder.go:106.2,115.3 1 17
github.com/a861252012/testnet-wallet-lab/internal/wallet/erc4337/builder.go:119.61,122.2 2 9
github.com/a861252012/testnet-wallet-lab/internal/wallet/erc4337/builder.go:125.53,126.18 1 5
github.com/a861252012/testnet-wallet-lab/internal/wallet/erc4337/builder.go:126.18,128.3 1 5
github.com/a861252012/testnet-wallet-lab/internal/wallet/erc4337/builder.go:129.2,129.10 1 5
github.com/a861252012/testnet-wallet-lab/internal/wallet/erc4337/builder.go:133.57,136.2 2 2
github.com/a861252012/testnet-wallet-lab/internal/wallet/erc4337/builder.go:139.57,142.2 2 2
github.com/a861252012/testnet-wallet-lab/internal/wallet/erc4337/builder.go:145.108,146.18 1 7
github.com/a861252012/testnet-wallet-lab/internal/wallet/erc4337/builder.go:146.18,148.3 1 1
github.com/a861252012/testnet-wallet-lab/internal/wallet/erc4337/builder.go:149.2,149.22 1 7
github.com/a861252012/testnet-wallet-lab/internal/wallet/erc4337/builder.go:149.22,151.3 1 1
github.com/a861252012/testnet-wallet-lab/internal/wallet/erc4337/builder.go:153.2,154.16 2 6
github.com/a861252012/testnet-wallet-lab/internal/wallet/erc4337/builder.go:154.16,156.3 1 0
github.com/a861252012/testnet-wallet-lab/internal/wallet/erc4337/builder.go:158.2,163.15 5 6
github.com/a861252012/testnet-wallet-lab/internal/wallet/erc4337/builder.go:167.122,168.23 1 4
github.com/a861252012/testnet-wallet-lab/internal/wallet/erc4337/builder.go:168.23,170.3 1 1
github.com/a861252012/testnet-wallet-lab/internal/wallet/erc4337/builder.go:171.2,171.63 1 3
github.com/a861252012/testnet-wallet-lab/internal/wallet/erc4337/builder.go:171.63,173.3 1 1
github.com/a861252012/testnet-wallet-lab/internal/wallet/erc4337/builder.go:175.2,176.29 2 2
github.com/a861252012/testnet-wallet-lab/internal/wallet/erc4337/builder.go:176.29,177.17 1 3
github.com/a861252012/testnet-wallet-lab/internal/wallet/erc4337/builder.go:177.17,179.4 1 1
github.com/a861252012/testnet-wallet-lab/internal/wallet/erc4337/builder.go:179.9,180.22 1 2
github.com/a861252012/testnet-wallet-lab/internal/wallet/erc4337/builder.go:180.22,182.5 1 1
github.com/a861252012/testnet-wallet-lab/internal/wallet/erc4337/builder.go:183.4,183.42 1 1
github.com/a861252012/testnet-wallet-lab/internal/wallet/erc4337/builder.go:187.2,188.16 2 1
github.com/a861252012/testnet-wallet-lab/internal/wallet/erc4337/builder.go:188.16,190.3 1 0
github.com/a861252012/testnet-wallet-lab/internal/wallet/erc4337/builder.go:192.2,197.15 5 1
github.com/a861252012/testnet-wallet-lab/internal/wallet/erc4337/builder.go:201.75,202.15 1 4
github.com/a861252012/testnet-wallet-lab/internal/wallet/erc4337/builder.go:202.15,204.3 1 1
github.com/a861252012/testnet-wallet-lab/internal/wallet/erc4337/builder.go:205.2,206.15 2 3
github.com/a861252012/testnet-wallet-lab/internal/wallet/erc4337/builder.go:206.15,208.3 1 1
github.com/a861252012/testnet-wallet-lab/internal/wallet/erc4337/builder.go:210.2,211.16 2 2
github.com/a861252012/testnet-wallet-lab/internal/wallet/erc4337/builder.go:211.16,213.3 1 0
github.com/a861252012/testnet-wallet-lab/internal/wallet/erc4337/builder.go:215.2,215.18 1 2
github.com/a861252012/testnet-wallet-lab/internal/wallet/erc4337/builder.go:215.18,217.3 1 2
github.com/a861252012/testnet-wallet-lab/internal/wallet/erc4337/builder.go:219.2,219.19 1 2
github.com/a861252012/testnet-wallet-lab/internal/wallet/erc4337/builder.go:220.30,223.37 3 1
github.com/a861252012/testnet-wallet-lab/internal/wallet/erc4337/builder.go:223.37,225.4 1 1
github.com/a861252012/testnet-wallet-lab/internal/wallet/erc4337/builder.go:226.10,228.45 2 1
github.com/a861252012/testnet-wallet-lab/internal/wallet/erc4337/builder.go:228.45,230.4 1 1
github.com/a861252012/testnet-wallet-lab/internal/wallet/erc4337/builder.go:233.2,233.63 1 2
github.com/a861252012/testnet-wallet-lab/internal/wallet/erc4337/builder.go:233.63,235.3 1 2
github.com/a861252012/testnet-wallet-lab/internal/wallet/erc4337/builder.go:237.2,237.15 1 2
github.com/a861252012/testnet-wallet-lab/internal/wallet/erc4337/builder.go:241.106,242.25 1 5
github.com/a861252012/testnet-wallet-lab/internal/wallet/erc4337/builder.go:242.25,244.3 1 5
github.com/a861252012/testnet-wallet-lab/internal/wallet/erc4337/builder.go:245.2,245.33 1 5
github.com/a861252012/testnet-wallet-lab/internal/wallet/erc4337/builder.go:245.33,247.3 1 4
github.com/a861252012/testnet-wallet-lab/internal/wallet/erc4337/builder.go:248.2,248.31 1 5
github.com/a861252012/testnet-wallet-lab/internal/wallet/erc4337/builder.go:248.31,250.3 1 4
github.com/a861252012/testnet-wallet-lab/internal/wallet/erc4337/builder.go:251.2,251.10 1 5
github.com/a861252012/testnet-wallet-lab/internal/wallet/erc4337/builder.go:255.84,256.25 1 10
github.com/a861252012/testnet-wallet-lab/internal/wallet/erc4337/builder.go:256.25,258.3 1 10
github.com/a861252012/testnet-wallet-lab/internal/wallet/erc4337/builder.go:259.2,259.33 1 10
github.com/a861252012/testnet-wallet-lab/internal/wallet/erc4337/builder.go:259.33,261.3 1 9
github.com/a861252012/testnet-wallet-lab/internal/wallet/erc4337/builder.go:262.2,262.10 1 10
github.com/a861252012/testnet-wallet-lab/internal/wallet/erc4337/builder.go:266.104,267.21 1 4
github.com/a861252012/testnet-wallet-lab/internal/wallet/erc4337/builder.go:267.21,269.3 1 1
github.com/a861252012/testnet-wallet-lab/internal/wallet/erc4337/builder.go:271.2,272.42 2 3
github.com/a861252012/testnet-wallet-lab/internal/wallet/erc4337/builder.go:272.42,274.3 1 3
github.com/a861252012/testnet-wallet-lab/internal/wallet/erc4337/builder.go:274.8,276.3 1 0
github.com/a861252012/testnet-wallet-lab/internal/wallet/erc4337/builder.go:278.2,279.50 2 3
github.com/a861252012/testnet-wallet-lab/internal/wallet/erc4337/builder.go:279.50,281.3 1 2
github.com/a861252012/testnet-wallet-lab/internal/wallet/erc4337/builder.go:281.8,283.3 1 1
github.com/a861252012/testnet-wallet-lab/internal/wallet/erc4337/builder.go:285.2,288.25 3 3
github.com/a861252012/testnet-wallet-lab/internal/wallet/erc4337/builder.go:292.75,294.16 2 2
github.com/a861252012/testnet-wallet-lab/internal/wallet/erc4337/builder.go:294.16,296.3 1 2
github.com/a861252012/testnet-wallet-lab/internal/wallet/erc4337/builder.go:297.2,297.10 1 2
github.com/a861252012/testnet-wallet-lab/internal/wallet/erc4337/builder.go:301.73,304.2 2 2
github.com/a861252012/testnet-wallet-lab/internal/wallet/erc4337/builder.go:307.53,310.2 2 1
github.com/a861252012/testnet-wallet-lab/internal/wallet/erc4337/builder.go:313.45,315.35 2 48
github.com/a861252012/testnet-wallet-lab/internal/wallet/erc4337/builder.go:315.35,317.3 1 25
github.com/a861252012/testnet-wallet-lab/internal/wallet/erc4337/builder.go:318.2,319.24 2 23
github.com/a861252012/testnet-wallet-lab/internal/wallet/erc4337/builder.go:319.24,321.3 1 0
github.com/a861252012/testnet-wallet-lab/internal/wallet/erc4337/builder.go:322.2,323.12 2 23
github.com/a861252012/testnet-wallet-lab/internal/wallet/erc4337/builder.go:327.74,328.21 1 4
github.com/a861252012/testnet-wallet-lab/internal/wallet/erc4337/builder.go:328.21,330.3 1 1
github.com/a861252012/testnet-wallet-lab/internal/wallet/erc4337/builder.go:332.2,332.30 1 4
github.com/a861252012/testnet-wallet-lab/internal/wallet/erc4337/builder.go:332.30,334.30 2 8
github.com/a861252012/testnet-wallet-lab/internal/wallet/erc4337/builder.go:334.30,335.33 1 80
github.com/a861252012/testnet-wallet-lab/internal/wallet/erc4337/builder.go:335.33,336.21 1 2084
github.com/a861252012/testnet-wallet-lab/internal/wallet/erc4337/builder.go:336.21,338.6 1 1900
github.com/a861252012/testnet-wallet-lab/internal/wallet/erc4337/builder.go:338.11,340.6 1 184
github.com/a861252012/testnet-wallet-lab/internal/wallet/erc4337/builder.go:345.3,366.27 14 8
github.com/a861252012/testnet-wallet-lab/internal/wallet/erc4337/builder.go:366.27,368.4 1 0
github.com/a861252012/testnet-wallet-lab/internal/wallet/erc4337/builder.go:368.9,370.4 1 8
github.com/a861252012/testnet-wallet-lab/internal/wallet/erc4337/builder.go:373.3,378.58 5 8
github.com/a861252012/testnet-wallet-lab/internal/wallet/erc4337/builder.go:382.2,389.17 5 4
github.com/a861252012/testnet-wallet-lab/internal/wallet/erc4337/builder.go:393.76,394.15 1 1
github.com/a861252012/testnet-wallet-lab/internal/wallet/erc4337/builder.go:394.15,396.3 1 0
github.com/a861252012/testnet-wallet-lab/internal/wallet/erc4337/builder.go:397.2,410.47 2 1
github.com/a861252012/testnet-wallet-lab/internal/wallet/erc4337/builder.go:414.51,415.36 1 9
github.com/a861252012/testnet-wallet-lab/internal/wallet/erc4337/builder.go:415.36,417.3 1 1
github.com/a861252012/testnet-wallet-lab/internal/wallet/erc4337/builder.go:418.2,418.40 1 8
github.com/a861252012/testnet-wallet-lab/internal/wallet/erc4337/builder.go:418.40,420.3 1 1
github.com/a861252012/testnet-wallet-lab/internal/wallet/erc4337/builder.go:421.2,421.47 1 7
github.com/a861252012/testnet-wallet-lab/internal/wallet/erc4337/builder.go:421.47,423.3 1 1
github.com/a861252012/testnet-wallet-lab/internal/wallet/erc4337/builder.go:425.2,439.38 2 6
github.com/a861252012/testnet-wallet-lab/internal/wallet/erc4337/builder.go:439.38,441.3 1 1
github.com/a861252012/testnet-wallet-lab/internal/wallet/erc4337/builder.go:442.2,442.16 1 5
github.com/a861252012/testnet-wallet-lab/internal/wallet/erc4337/builder.go:446.77,447.19 1 4
github.com/a861252012/testnet-wallet-lab/internal/wallet/erc4337/builder.go:447.19,449.3 1 1
github.com/a861252012/testnet-wallet-lab/internal/wallet/erc4337/builder.go:450.2,451.16 2 3
github.com/a861252012/testnet-wallet-lab/internal/wallet/erc4337/builder.go:451.16,453.3 1 0
github.com/a861252012/testnet-wallet-lab/internal/wallet/erc4337/builder.go:454.2,455.16 2 3
github.com/a861252012/testnet-wallet-lab/internal/wallet/erc4337/builder.go:455.16,457.3 1 0
github.com/a861252012/testnet-wallet-lab/internal/wallet/erc4337/builder.go:458.2,460.16 3 3
github.com/a861252012/testnet-wallet-lab/internal/wallet/erc4337/client.go:31.50,32.20 1 4
github.com/a861252012/testnet-wallet-lab/internal/wallet/erc4337/client.go:32.20,34.3 1 0
github.com/a861252012/testnet-wallet-lab/internal/wallet/erc4337/client.go:35.2,40.8 1 4
github.com/a861252012/testnet-wallet-lab/internal/wallet/erc4337/client.go:43.91,53.16 4 9
github.com/a861252012/testnet-wallet-lab/internal/wallet/erc4337/client.go:53.16,55.3 1 0
github.com/a861252012/testnet-wallet-lab/internal/wallet/erc4337/client.go:57.2,58.16 2 9
github.com/a861252012/testnet-wallet-lab/internal/wallet/erc4337/client.go:58.16,60.3 1 0
github.com/a861252012/testnet-wallet-lab/internal/wallet/erc4337/client.go:61.2,65.16 4 9
github.com/a861252012/testnet-wallet-lab/internal/wallet/erc4337/client.go:65.16,67.3 1 0
github.com/a861252012/testnet-wallet-lab/internal/wallet/erc4337/client.go:68.2,70.42 2 9
github.com/a861252012/testnet-wallet-lab/internal/wallet/erc4337/client.go:70.42,73.3 2 0
github.com/a861252012/testnet-wallet-lab/internal/wallet/erc4337/client.go:75.2,76.72 2 9
github.com/a861252012/testnet-wallet-lab/internal/wallet/erc4337/client.go:76.72,78.3 1 0
github.com/a861252012/testnet-wallet-lab/internal/wallet/erc4337/client.go:80.2,80.26 1 9
github.com/a861252012/testnet-wallet-lab/internal/wallet/erc4337/client.go:80.26,82.3 1 1
github.com/a861252012/testnet-wallet-lab/internal/wallet/erc4337/client.go:84.2,84.46 1 8
github.com/a861252012/testnet-wallet-lab/internal/wallet/erc4337/client.go:84.46,85.64 1 8
github.com/a861252012/testnet-wallet-lab/internal/wallet/erc4337/client.go:85.64,87.4 1 0
github.com/a861252012/testnet-wallet-lab/internal/wallet/erc4337/client.go:89.2,89.12 1 8
github.com/a861252012/testnet-wallet-lab/internal/wallet/erc4337/client.go:93.124,94.15 1 2
github.com/a861252012/testnet-wallet-lab/internal/wallet/erc4337/client.go:94.15,96.3 1 0
github.com/a861252012/testnet-wallet-lab/internal/wallet/erc4337/client.go:97.2,97.38 1 2
github.com/a861252012/testnet-wallet-lab/internal/wallet/erc4337/client.go:97.38,99.3 1 0
github.com/a861252012/testnet-wallet-lab/internal/wallet/erc4337/client.go:101.2,103.79 3 2
github.com/a861252012/testnet-wallet-lab/internal/wallet/erc4337/client.go:103.79,105.3 1 1
github.com/a861252012/testnet-wallet-lab/internal/wallet/erc4337/client.go:107.2,108.35 2 1
github.com/a861252012/testnet-wallet-lab/internal/wallet/erc4337/client.go:108.35,110.3 1 0
github.com/a861252012/testnet-wallet-lab/internal/wallet/erc4337/client.go:111.2,111.38 1 1
github.com/a861252012/testnet-wallet-lab/internal/wallet/erc4337/client.go:115.132,116.15 1 1
github.com/a861252012/testnet-wallet-lab/internal/wallet/erc4337/client.go:116.15,118.3 1 0
github.com/a861252012/testnet-wallet-lab/internal/wallet/erc4337/client.go:119.2,119.38 1 1
github.com/a861252012/testnet-wallet-lab/internal/wallet/erc4337/client.go:119.38,121.3 1 0
github.com/a861252012/testnet-wallet-lab/internal/wallet/erc4337/client.go:123.2,125.82 3 1
github.com/a861252012/testnet-wallet-lab/internal/wallet/erc4337/client.go:125.82,127.3 1 0
github.com/a861252012/testnet-wallet-lab/internal/wallet/erc4337/client.go:128.2,128.18 1 1
github.com/a861252012/testnet-wallet-lab/internal/wallet/erc4337/client.go:132.112,135.81 3 6
github.com/a861252012/testnet-wallet-lab/internal/wallet/erc4337/client.go:135.81,137.3 1 0
github.com/a861252012/testnet-wallet-lab/internal/wallet/erc4337/client.go:139.2,139.44 1 6
github.com/a861252012/testnet-wallet-lab/internal/wallet/erc4337/client.go:139.44,141.3 1 5
github.com/a861252012/testnet-wallet-lab/internal/wallet/erc4337/client.go:143.2,144.54 2 1
github.com/a861252012/testnet-wallet-lab/internal/wallet/erc4337/client.go:144.54,146.3 1 0
github.com/a861252012/testnet-wallet-lab/internal/wallet/erc4337/client.go:147.2,147.22 1 1
github.com/a861252012/testnet-wallet-lab/internal/wallet/erc4337/client.go:151.144,152.23 1 1
github.com/a861252012/testnet-wallet-lab/internal/wallet/erc4337/client.go:152.23,154.3 1 0
github.com/a861252012/testnet-wallet-lab/internal/wallet/erc4337/client.go:155.2,158.6 3 1
github.com/a861252012/testnet-wallet-lab/internal/wallet/erc4337/client.go:158.6,160.35 2 5
github.com/a861252012/testnet-wallet-lab/internal/wallet/erc4337/client.go:160.35,162.4 1 1
github.com/a861252012/testnet-wallet-lab/internal/wallet/erc4337/client.go:163.3,163.56 1 4
github.com/a861252012/testnet-wallet-lab/internal/wallet/erc4337/client.go:163.56,165.4 1 0
github.com/a861252012/testnet-wallet-lab/internal/wallet/erc4337/client.go:167.3,167.10 1 4
github.com/a861252012/testnet-wallet-lab/internal/wallet/erc4337/client.go:168.21,169.25 1 0
github.com/a861252012/testnet-wallet-lab/internal/wallet/erc4337/client.go:170.19,170.19 0 4
github.com/a861252012/testnet-wallet-lab/internal/wallet/erc4337/encoding.go:72.60,74.31 2 50405
github.com/a861252012/testnet-wallet-lab/internal/wallet/erc4337/encoding.go:74.31,76.3 1 0
github.com/a861252012/testnet-wallet-lab/internal/wallet/erc4337/encoding.go:77.2,77.39 1 50405
github.com/a861252012/testnet-wallet-lab/internal/wallet/erc4337/encoding.go:77.39,79.3 1 1
github.com/a861252012/testnet-wallet-lab/internal/wallet/erc4337/encoding.go:80.2,80.57 1 50404
github.com/a861252012/testnet-wallet-lab/internal/wallet/erc4337/encoding.go:80.57,82.3 1 3
github.com/a861252012/testnet-wallet-lab/internal/wallet/erc4337/encoding.go:84.2,89.17 5 50401
github.com/a861252012/testnet-wallet-lab/internal/wallet/erc4337/encoding.go:93.62,97.2 3 39222
github.com/a861252012/testnet-wallet-lab/internal/wallet/erc4337/encoding.go:100.62,101.15 1 1
github.com/a861252012/testnet-wallet-lab/internal/wallet/erc4337/encoding.go:101.15,103.3 1 0
github.com/a861252012/testnet-wallet-lab/internal/wallet/erc4337/encoding.go:104.2,104.38 1 1
github.com/a861252012/testnet-wallet-lab/internal/wallet/erc4337/encoding.go:104.38,106.3 1 0
github.com/a861252012/testnet-wallet-lab/internal/wallet/erc4337/encoding.go:108.2,123.3 4 1
github.com/a861252012/testnet-wallet-lab/internal/wallet/erc4337/encoding.go:127.68,128.38 1 1
github.com/a861252012/testnet-wallet-lab/internal/wallet/erc4337/encoding.go:128.38,130.3 1 0
github.com/a861252012/testnet-wallet-lab/internal/wallet/erc4337/encoding.go:132.2,145.3 4 1
github.com/a861252012/testnet-wallet-lab/internal/wallet/erc4337/encoding.go:149.110,150.38 1 7
github.com/a861252012/testnet-wallet-lab/internal/wallet/erc4337/encoding.go:150.38,152.3 1 1
github.com/a861252012/testnet-wallet-lab/internal/wallet/erc4337/encoding.go:153.2,153.43 1 6
github.com/a861252012/testnet-wallet-lab/internal/wallet/erc4337/encoding.go:153.43,155.3 1 4
github.com/a861252012/testnet-wallet-lab/internal/wallet/erc4337/encoding.go:156.2,156.28 1 2
github.com/a861252012/testnet-wallet-lab/internal/wallet/erc4337/encoding.go:156.28,158.3 1 1
github.com/a861252012/testnet-wallet-lab/internal/wallet/erc4337/encoding.go:159.2,159.65 1 1
github.com/a861252012/testnet-wallet-lab/internal/wallet/erc4337/encoding.go:163.57,164.15 1 3
github.com/a861252012/testnet-wallet-lab/internal/wallet/erc4337/encoding.go:164.15,166.3 1 1
github.com/a861252012/testnet-wallet-lab/internal/wallet/erc4337/encoding.go:167.2,167.38 1 2
github.com/a861252012/testnet-wallet-lab/internal/wallet/erc4337/encoding.go:167.38,169.3 1 1
github.com/a861252012/testnet-wallet-lab/internal/wallet/erc4337/encoding.go:170.2,170.33 1 1
github.com/a861252012/testnet-wallet-lab/internal/wallet/erc4337/encoding.go:174.61,176.16 2 1
github.com/a861252012/testnet-wallet-lab/internal/wallet/erc4337/encoding.go:176.16,178.3 1 0
github.com/a861252012/testnet-wallet-lab/internal/wallet/erc4337/encoding.go:179.2,179.19 1 1
github.com/a861252012/testnet-wallet-lab/internal/wallet/erc4337/encoding.go:179.19,181.3 1 0
github.com/a861252012/testnet-wallet-lab/internal/wallet/erc4337/encoding.go:183.2,184.9 2 1
github.com/a861252012/testnet-wallet-lab/internal/wallet/erc4337/encoding.go:184.9,186.3 1 0
github.com/a861252012/testnet-wallet-lab/internal/wallet/erc4337/encoding.go:187.2,187.17 1 1
github.com/a861252012/testnet-wallet-lab/internal/wallet/erc4337/hash.go:23.56,24.19 1 30092
github.com/a861252012/testnet-wallet-lab/internal/wallet/erc4337/hash.go:24.19,26.3 1 4
github.com/a861252012/testnet-wallet-lab/internal/wallet/erc4337/hash.go:27.2,27.42 1 30088
github.com/a861252012/testnet-wallet-lab/internal/wallet/erc4337/hash.go:27.42,29.3 1 21
github.com/a861252012/testnet-wallet-lab/internal/wallet/erc4337/hash.go:31.2,66.17 15 30067
github.com/a861252012/testnet-wallet-lab/internal/wallet/erc4337/hash.go:70.68,71.42 1 5588
github.com/a861252012/testnet-wallet-lab/internal/wallet/erc4337/hash.go:71.42,73.3 1 3
github.com/a861252012/testnet-wallet-lab/internal/wallet/erc4337/hash.go:75.2,104.17 13 5585
github.com/a861252012/testnet-wallet-lab/internal/wallet/erc4337/hash.go:108.69,110.16 2 27073
github.com/a861252012/testnet-wallet-lab/internal/wallet/erc4337/hash.go:110.16,112.3 1 9
github.com/a861252012/testnet-wallet-lab/internal/wallet/erc4337/hash.go:113.2,113.42 1 27064
github.com/a861252012/testnet-wallet-lab/internal/wallet/erc4337/hash.go:117.81,119.16 2 2585
github.com/a861252012/testnet-wallet-lab/internal/wallet/erc4337/hash.go:119.16,121.3 1 2
github.com/a861252012/testnet-wallet-lab/internal/wallet/erc4337/hash.go:122.2,122.42 1 2583
github.com/a861252012/testnet-wallet-lab/internal/wallet/erc4337/hash.go:126.109,127.38 1 29650
github.com/a861252012/testnet-wallet-lab/internal/wallet/erc4337/hash.go:127.38,129.3 1 3
github.com/a861252012/testnet-wallet-lab/internal/wallet/erc4337/hash.go:130.2,130.43 1 29647
github.com/a861252012/testnet-wallet-lab/internal/wallet/erc4337/hash.go:130.43,132.3 1 4
github.com/a861252012/testnet-wallet-lab/internal/wallet/erc4337/hash.go:133.2,133.28 1 29643
github.com/a861252012/testnet-wallet-lab/internal/wallet/erc4337/hash.go:133.28,135.3 1 1
github.com/a861252012/testnet-wallet-lab/internal/wallet/erc4337/hash.go:137.2,148.17 5 29642
github.com/a861252012/testnet-wallet-lab/internal/wallet/erc4337/hash.go:154.109,155.19 1 29654
github.com/a861252012/testnet-wallet-lab/internal/wallet/erc4337/hash.go:155.19,157.3 1 2
github.com/a861252012/testnet-wallet-lab/internal/wallet/erc4337/hash.go:158.2,158.38 1 29652
github.com/a861252012/testnet-wallet-lab/internal/wallet/erc4337/hash.go:158.38,160.3 1 2
github.com/a861252012/testnet-wallet-lab/internal/wallet/erc4337/hash.go:161.2,161.43 1 29650
github.com/a861252012/testnet-wallet-lab/internal/wallet/erc4337/hash.go:161.43,163.3 1 9
github.com/a861252012/testnet-wallet-lab/internal/wallet/erc4337/hash.go:165.2,165.42 1 29641
github.com/a861252012/testnet-wallet-lab/internal/wallet/erc4337/hash.go:165.42,167.17 2 2578
github.com/a861252012/testnet-wallet-lab/internal/wallet/erc4337/hash.go:167.17,169.4 1 0
github.com/a861252012/testnet-wallet-lab/internal/wallet/erc4337/hash.go:170.3,170.55 1 2578
github.com/a861252012/testnet-wallet-lab/internal/wallet/erc4337/hash.go:173.2,173.54 1 27063
github.com/a861252012/testnet-wallet-lab/internal/wallet/erc4337/hash.go:177.112,179.16 2 27069
github.com/a861252012/testnet-wallet-lab/internal/wallet/erc4337/hash.go:179.16,181.3 1 8
github.com/a861252012/testnet-wallet-lab/internal/wallet/erc4337/hash.go:183.2,184.16 2 27061
github.com/a861252012/testnet-wallet-lab/internal/wallet/erc4337/hash.go:184.16,186.3 1 1
github.com/a861252012/testnet-wallet-lab/internal/wallet/erc4337/hash.go:188.2,188.46 1 27060
github.com/a861252012/testnet-wallet-lab/internal/wallet/erc4337/hash.go:192.118,194.16 2 2583
github.com/a861252012/testnet-wallet-lab/internal/wallet/erc4337/hash.go:194.16,196.3 1 1
github.com/a861252012/testnet-wallet-lab/internal/wallet/erc4337/hash.go:198.2,199.16 2 2582
github.com/a861252012/testnet-wallet-lab/internal/wallet/erc4337/hash.go:199.16,201.3 1 1
github.com/a861252012/testnet-wallet-lab/internal/wallet/erc4337/hash.go:203.2,203.46 1 2581
github.com/a861252012/testnet-wallet-lab/internal/wallet/erc4337/mock_server.go:25.48,32.2 3 4
github.com/a861252012/testnet-wallet-lab/internal/wallet/erc4337/mock_server.go:35.42,37.2 1 4
github.com/a861252012/testnet-wallet-lab/internal/wallet/erc4337/mock_server.go:40.37,42.2 1 4
github.com/a861252012/testnet-wallet-lab/internal/wallet/erc4337/mock_server.go:45.89,49.2 3 1
github.com/a861252012/testnet-wallet-lab/internal/wallet/erc4337/mock_server.go:52.79,59.2 3 1
github.com/a861252012/testnet-wallet-lab/internal/wallet/erc4337/mock_server.go:62.65,68.2 5 1
github.com/a861252012/testnet-wallet-lab/internal/wallet/erc4337/mock_server.go:70.80,71.33 1 9
github.com/a861252012/testnet-wallet-lab/internal/wallet/erc4337/mock_server.go:71.33,74.3 2 0
github.com/a861252012/testnet-wallet-lab/internal/wallet/erc4337/mock_server.go:76.2,77.61 2 9
github.com/a861252012/testnet-wallet-lab/internal/wallet/erc4337/mock_server.go:77.61,80.3 2 0
github.com/a861252012/testnet-wallet-lab/internal/wallet/erc4337/mock_server.go:82.2,89.22 6 9
github.com/a861252012/testnet-wallet-lab/internal/wallet/erc4337/mock_server.go:89.22,97.3 3 1
github.com/a861252012/testnet-wallet-lab/internal/wallet/erc4337/mock_server.go:99.2,99.20 1 8
github.com/a861252012/testnet-wallet-lab/internal/wallet/erc4337/mock_server.go:100.31,101.26 1 1
github.com/a861252012/testnet-wallet-lab/internal/wallet/erc4337/mock_server.go:101.26,104.4 2 0
github.com/a861252012/testnet-wallet-lab/internal/wallet/erc4337/mock_server.go:105.3,106.17 2 1
github.com/a861252012/testnet-wallet-lab/internal/wallet/erc4337/mock_server.go:106.17,109.4 2 0
github.com/a861252012/testnet-wallet-lab/internal/wallet/erc4337/mock_server.go:110.3,111.54 2 1
github.com/a861252012/testnet-wallet-lab/internal/wallet/erc4337/mock_server.go:111.54,114.4 2 0
github.com/a861252012/testnet-wallet-lab/internal/wallet/erc4337/mock_server.go:115.3,116.10 2 1
github.com/a861252012/testnet-wallet-lab/internal/wallet/erc4337/mock_server.go:116.10,119.4 2 0
github.com/a861252012/testnet-wallet-lab/internal/wallet/erc4337/mock_server.go:120.3,123.17 3 1
github.com/a861252012/testnet-wallet-lab/internal/wallet/erc4337/mock_server.go:123.17,126.4 2 0
github.com/a861252012/testnet-wallet-lab/internal/wallet/erc4337/mock_server.go:128.3,133.5 2 1
github.com/a861252012/testnet-wallet-lab/internal/wallet/erc4337/mock_server.go:135.38,136.26 1 1
github.com/a861252012/testnet-wallet-lab/internal/wallet/erc4337/mock_server.go:136.26,139.4 2 0
github.com/a861252012/testnet-wallet-lab/internal/wallet/erc4337/mock_server.go:140.3,151.5 3 1
github.com/a861252012/testnet-wallet-lab/internal/wallet/erc4337/mock_server.go:153.37,154.26 1 6
github.com/a861252012/testnet-wallet-lab/internal/wallet/erc4337/mock_server.go:154.26,157.4 2 0
github.com/a861252012/testnet-wallet-lab/internal/wallet/erc4337/mock_server.go:158.3,159.10 2 6
github.com/a861252012/testnet-wallet-lab/internal/wallet/erc4337/mock_server.go:159.10,162.4 2 0
github.com/a861252012/testnet-wallet-lab/internal/wallet/erc4337/mock_server.go:163.3,169.21 5 6
github.com/a861252012/testnet-wallet-lab/internal/wallet/erc4337/mock_server.go:169.21,176.4 2 5
github.com/a861252012/testnet-wallet-lab/internal/wallet/erc4337/mock_server.go:178.3,183.5 2 1
github.com/a861252012/testnet-wallet-lab/internal/wallet/erc4337/mock_server.go:185.10,186.82 1 0
github.com/a861252012/testnet-wallet-lab/internal/wallet/erc4337/mock_server.go:190.97,200.2 2 0
github.com/a861252012/testnet-wallet-lab/internal/wallet/erc4337/rpc_types.go:50.39,51.21 1 1
github.com/a861252012/testnet-wallet-lab/internal/wallet/erc4337/rpc_types.go:51.21,53.3 1 0
github.com/a861252012/testnet-wallet-lab/internal/wallet/erc4337/rpc_types.go:54.2,54.68 1 1
github.com/a861252012/testnet-wallet-lab/internal/wallet/erc4337/rpc_types.go:58.45,60.23 2 1
github.com/a861252012/testnet-wallet-lab/internal/wallet/erc4337/rpc_types.go:60.23,61.48 1 5
github.com/a861252012/testnet-wallet-lab/internal/wallet/erc4337/rpc_types.go:61.48,63.4 1 1
github.com/a861252012/testnet-wallet-lab/internal/wallet/erc4337/rpc_types.go:65.2,65.11 1 0
github.com/a861252012/testnet-wallet-lab/internal/wallet/erc4337/rpc_types.go:81.53,82.14 1 1
github.com/a861252012/testnet-wallet-lab/internal/wallet/erc4337/rpc_types.go:82.14,84.3 1 0
github.com/a861252012/testnet-wallet-lab/internal/wallet/erc4337/rpc_types.go:85.2,90.27 2 1
github.com/a861252012/testnet-wallet-lab/internal/wallet/erc4337/rpc_types.go:93.56,95.52 2 1
github.com/a861252012/testnet-wallet-lab/internal/wallet/erc4337/rpc_types.go:95.52,97.3 1 0
github.com/a861252012/testnet-wallet-lab/internal/wallet/erc4337/rpc_types.go:98.2,101.12 4 1
github.com/a861252012/testnet-wallet-lab/internal/wallet/erc4337/rpc_types.go:133.62,134.14 1 1
github.com/a861252012/testnet-wallet-lab/internal/wallet/erc4337/rpc_types.go:134.14,136.3 1 0
github.com/a861252012/testnet-wallet-lab/internal/wallet/erc4337/rpc_types.go:137.2,150.27 2 1
github.com/a861252012/testnet-wallet-lab/internal/wallet/erc4337/rpc_types.go:153.65,155.52 2 1
github.com/a861252012/testnet-wallet-lab/internal/wallet/erc4337/rpc_types.go:155.52,157.3 1 0
github.com/a861252012/testnet-wallet-lab/internal/wallet/erc4337/rpc_types.go:158.2,169.12 12 1
github.com/a861252012/testnet-wallet-lab/internal/wallet/erc4337/signer.go:35.42,36.28 1 1808
github.com/a861252012/testnet-wallet-lab/internal/wallet/erc4337/signer.go:36.28,38.3 1 0
github.com/a861252012/testnet-wallet-lab/internal/wallet/erc4337/signer.go:39.2,40.22 2 1808
github.com/a861252012/testnet-wallet-lab/internal/wallet/erc4337/signer.go:40.22,42.3 1 7232
github.com/a861252012/testnet-wallet-lab/internal/wallet/erc4337/signer.go:43.2,44.17 2 1808
github.com/a861252012/testnet-wallet-lab/internal/wallet/erc4337/signer.go:48.57,51.2 2 1207
github.com/a861252012/testnet-wallet-lab/internal/wallet/erc4337/signer.go:54.135,55.19 1 604
github.com/a861252012/testnet-wallet-lab/internal/wallet/erc4337/signer.go:55.19,57.3 1 1
github.com/a861252012/testnet-wallet-lab/internal/wallet/erc4337/signer.go:58.2,59.16 2 603
github.com/a861252012/testnet-wallet-lab/internal/wallet/erc4337/signer.go:59.16,61.3 1 0
github.com/a861252012/testnet-wallet-lab/internal/wallet/erc4337/signer.go:62.2,62.52 1 603
github.com/a861252012/testnet-wallet-lab/internal/wallet/erc4337/signer.go:72.80,73.40 1 111
github.com/a861252012/testnet-wallet-lab/internal/wallet/erc4337/signer.go:73.40,75.3 1 2
github.com/a861252012/testnet-wallet-lab/internal/wallet/erc4337/signer.go:76.2,80.8 2 109
github.com/a861252012/testnet-wallet-lab/internal/wallet/erc4337/signer.go:84.53,86.2 1 580
github.com/a861252012/testnet-wallet-lab/internal/wallet/erc4337/signer.go:89.71,90.44 1 110
github.com/a861252012/testnet-wallet-lab/internal/wallet/erc4337/signer.go:90.44,92.3 1 1
github.com/a861252012/testnet-wallet-lab/internal/wallet/erc4337/signer.go:93.2,94.16 2 109
github.com/a861252012/testnet-wallet-lab/internal/wallet/erc4337/signer.go:94.16,96.3 1 0
github.com/a861252012/testnet-wallet-lab/internal/wallet/erc4337/signer.go:97.2,97.20 1 109
github.com/a861252012/testnet-wallet-lab/internal/wallet/erc4337/signer.go:97.20,99.3 1 0
github.com/a861252012/testnet-wallet-lab/internal/wallet/erc4337/signer.go:101.2,101.18 1 109
github.com/a861252012/testnet-wallet-lab/internal/wallet/erc4337/signer.go:101.18,103.3 1 109
github.com/a861252012/testnet-wallet-lab/internal/wallet/erc4337/signer.go:104.2,104.17 1 109
github.com/a861252012/testnet-wallet-lab/internal/wallet/erc4337/signer.go:108.123,110.16 2 4
github.com/a861252012/testnet-wallet-lab/internal/wallet/erc4337/signer.go:110.16,112.3 1 0
github.com/a861252012/testnet-wallet-lab/internal/wallet/erc4337/signer.go:113.2,113.25 1 4
github.com/a861252012/testnet-wallet-lab/internal/wallet/erc4337/signer.go:117.136,119.2 1 1
github.com/a861252012/testnet-wallet-lab/internal/wallet/erc4337/signer.go:122.35,123.22 1 1
github.com/a861252012/testnet-wallet-lab/internal/wallet/erc4337/signer.go:123.22,126.3 2 1
github.com/a861252012/testnet-wallet-lab/internal/wallet/erc4337/signer.go:143.95,144.22 1 7
github.com/a861252012/testnet-wallet-lab/internal/wallet/erc4337/signer.go:144.22,146.3 1 1
github.com/a861252012/testnet-wallet-lab/internal/wallet/erc4337/signer.go:147.2,148.16 2 6
github.com/a861252012/testnet-wallet-lab/internal/wallet/erc4337/signer.go:148.16,150.3 1 1
github.com/a861252012/testnet-wallet-lab/internal/wallet/erc4337/signer.go:151.2,155.8 1 5
github.com/a861252012/testnet-wallet-lab/internal/wallet/erc4337/signer.go:159.51,161.2 1 1
github.com/a861252012/testnet-wallet-lab/internal/wallet/erc4337/signer.go:164.69,166.16 2 1808
github.com/a861252012/testnet-wallet-lab/internal/wallet/erc4337/signer.go:166.16,168.3 1 1
github.com/a861252012/testnet-wallet-lab/internal/wallet/erc4337/signer.go:169.2,169.68 1 1807
github.com/a861252012/testnet-wallet-lab/internal/wallet/erc4337/signer.go:169.68,171.3 1 0
github.com/a861252012/testnet-wallet-lab/internal/wallet/erc4337/signer.go:172.2,172.15 1 1807
github.com/a861252012/testnet-wallet-lab/internal/wallet/erc4337/signer.go:172.15,174.3 1 1807
github.com/a861252012/testnet-wallet-lab/internal/wallet/erc4337/signer.go:176.2,177.30 2 1807
github.com/a861252012/testnet-wallet-lab/internal/wallet/erc4337/signer.go:177.30,179.3 1 1
github.com/a861252012/testnet-wallet-lab/internal/wallet/erc4337/signer.go:181.2,182.16 2 1806
github.com/a861252012/testnet-wallet-lab/internal/wallet/erc4337/signer.go:182.16,184.3 1 0
github.com/a861252012/testnet-wallet-lab/internal/wallet/erc4337/signer.go:185.2,185.20 1 1806
github.com/a861252012/testnet-wallet-lab/internal/wallet/erc4337/signer.go:185.20,187.3 1 0
github.com/a861252012/testnet-wallet-lab/internal/wallet/erc4337/signer.go:188.2,188.18 1 1806
github.com/a861252012/testnet-wallet-lab/internal/wallet/erc4337/signer.go:188.18,190.3 1 1806
github.com/a861252012/testnet-wallet-lab/internal/wallet/erc4337/signer.go:191.2,191.17 1 1806
github.com/a861252012/testnet-wallet-lab/internal/wallet/erc4337/signer.go:195.121,197.16 2 602
github.com/a861252012/testnet-wallet-lab/internal/wallet/erc4337/signer.go:197.16,199.3 1 0
github.com/a861252012/testnet-wallet-lab/internal/wallet/erc4337/signer.go:200.2,200.25 1 602
github.com/a861252012/testnet-wallet-lab/internal/wallet/erc4337/signer.go:204.134,206.2 1 602
github.com/a861252012/testnet-wallet-lab/internal/wallet/erc4337/signer.go:209.104,210.26 1 2382
github.com/a861252012/testnet-wallet-lab/internal/wallet/erc4337/signer.go:210.26,212.3 1 2
github.com/a861252012/testnet-wallet-lab/internal/wallet/erc4337/signer.go:215.2,216.34 2 2380
github.com/a861252012/testnet-wallet-lab/internal/wallet/erc4337/signer.go:216.34,218.3 1 205
github.com/a861252012/testnet-wallet-lab/internal/wallet/erc4337/signer.go:220.2,224.44 3 2175
github.com/a861252012/testnet-wallet-lab/internal/wallet/erc4337/signer.go:224.44,226.3 1 260
github.com/a861252012/testnet-wallet-lab/internal/wallet/erc4337/signer.go:227.2,230.16 3 1915
github.com/a861252012/testnet-wallet-lab/internal/wallet/erc4337/signer.go:230.16,232.3 1 0
github.com/a861252012/testnet-wallet-lab/internal/wallet/erc4337/signer.go:234.2,235.46 2 1915
github.com/a861252012/testnet-wallet-lab/internal/wallet/erc4337/types.go:88.49,89.15 1 16217
github.com/a861252012/testnet-wallet-lab/internal/wallet/erc4337/types.go:89.15,91.3 1 1
github.com/a861252012/testnet-wallet-lab/internal/wallet/erc4337/types.go:92.2,99.21 2 16216
github.com/a861252012/testnet-wallet-lab/internal/wallet/erc4337/types.go:99.21,101.3 1 16216
github.com/a861252012/testnet-wallet-lab/internal/wallet/erc4337/types.go:102.2,102.28 1 16216
github.com/a861252012/testnet-wallet-lab/internal/wallet/erc4337/types.go:102.28,104.3 1 16216
github.com/a861252012/testnet-wallet-lab/internal/wallet/erc4337/types.go:105.2,105.36 1 16216
github.com/a861252012/testnet-wallet-lab/internal/wallet/erc4337/types.go:105.36,107.3 1 16216
github.com/a861252012/testnet-wallet-lab/internal/wallet/erc4337/types.go:108.2,108.34 1 16216
github.com/a861252012/testnet-wallet-lab/internal/wallet/erc4337/types.go:108.34,110.3 1 16216
github.com/a861252012/testnet-wallet-lab/internal/wallet/erc4337/types.go:111.2,111.28 1 16216
github.com/a861252012/testnet-wallet-lab/internal/wallet/erc4337/types.go:111.28,113.3 1 16216
github.com/a861252012/testnet-wallet-lab/internal/wallet/erc4337/types.go:114.2,114.36 1 16216
github.com/a861252012/testnet-wallet-lab/internal/wallet/erc4337/types.go:114.36,116.3 1 16216
github.com/a861252012/testnet-wallet-lab/internal/wallet/erc4337/types.go:117.2,117.11 1 16216
github.com/a861252012/testnet-wallet-lab/internal/wallet/erc4337/types.go:121.61,122.15 1 2567
github.com/a861252012/testnet-wallet-lab/internal/wallet/erc4337/types.go:122.15,124.3 1 1
github.com/a861252012/testnet-wallet-lab/internal/wallet/erc4337/types.go:125.2,134.21 2 2566
github.com/a861252012/testnet-wallet-lab/internal/wallet/erc4337/types.go:134.21,136.3 1 2566
github.com/a861252012/testnet-wallet-lab/internal/wallet/erc4337/types.go:137.2,137.34 1 2566
github.com/a861252012/testnet-wallet-lab/internal/wallet/erc4337/types.go:137.34,139.3 1 2566
github.com/a861252012/testnet-wallet-lab/internal/wallet/erc4337/types.go:140.2,140.11 1 2566
github.com/a861252012/testnet-wallet-lab/internal/wallet/erc4337/types.go:144.43,145.15 1 64935
github.com/a861252012/testnet-wallet-lab/internal/wallet/erc4337/types.go:145.15,147.3 1 3
github.com/a861252012/testnet-wallet-lab/internal/wallet/erc4337/types.go:148.2,148.37 1 64932
github.com/a861252012/testnet-wallet-lab/internal/wallet/erc4337/types.go:148.37,150.3 1 8
github.com/a861252012/testnet-wallet-lab/internal/wallet/erc4337/types.go:151.2,152.92 1 64924
github.com/a861252012/testnet-wallet-lab/internal/wallet/erc4337/types.go:152.92,154.3 1 19
github.com/a861252012/testnet-wallet-lab/internal/wallet/erc4337/types.go:155.2,156.104 1 64905
github.com/a861252012/testnet-wallet-lab/internal/wallet/erc4337/types.go:156.104,158.3 1 13
github.com/a861252012/testnet-wallet-lab/internal/wallet/erc4337/types.go:159.2,160.116 1 64892
github.com/a861252012/testnet-wallet-lab/internal/wallet/erc4337/types.go:160.116,162.3 1 3
github.com/a861252012/testnet-wallet-lab/internal/wallet/erc4337/types.go:163.2,163.54 1 64889
github.com/a861252012/testnet-wallet-lab/internal/wallet/erc4337/types.go:163.54,165.3 1 2
github.com/a861252012/testnet-wallet-lab/internal/wallet/erc4337/types.go:166.2,166.12 1 64887
github.com/a861252012/testnet-wallet-lab/internal/wallet/erc4337/types.go:171.49,172.15 1 25205
github.com/a861252012/testnet-wallet-lab/internal/wallet/erc4337/types.go:172.15,174.3 1 4
github.com/a861252012/testnet-wallet-lab/internal/wallet/erc4337/types.go:175.2,175.37 1 25201
github.com/a861252012/testnet-wallet-lab/internal/wallet/erc4337/types.go:175.37,177.3 1 4
github.com/a861252012/testnet-wallet-lab/internal/wallet/erc4337/types.go:178.2,178.53 1 25197
github.com/a861252012/testnet-wallet-lab/internal/wallet/erc4337/types.go:178.53,180.3 1 0
github.com/a861252012/testnet-wallet-lab/internal/wallet/erc4337/types.go:181.2,181.61 1 25197
github.com/a861252012/testnet-wallet-lab/internal/wallet/erc4337/types.go:181.61,183.3 1 1
github.com/a861252012/testnet-wallet-lab/internal/wallet/erc4337/types.go:184.2,184.69 1 25196
github.com/a861252012/testnet-wallet-lab/internal/wallet/erc4337/types.go:184.69,186.3 1 0
github.com/a861252012/testnet-wallet-lab/internal/wallet/erc4337/types.go:187.2,187.12 1 25196
github.com/a861252012/testnet-wallet-lab/internal/wallet/erc4337/types.go:191.67,192.38 1 25205
github.com/a861252012/testnet-wallet-lab/internal/wallet/erc4337/types.go:192.38,194.3 1 2
github.com/a861252012/testnet-wallet-lab/internal/wallet/erc4337/types.go:196.2,196.88 1 25203
github.com/a861252012/testnet-wallet-lab/internal/wallet/erc4337/types.go:196.88,198.3 1 3
github.com/a861252012/testnet-wallet-lab/internal/wallet/erc4337/types.go:199.2,200.16 2 25200
github.com/a861252012/testnet-wallet-lab/internal/wallet/erc4337/types.go:200.16,202.3 1 0
github.com/a861252012/testnet-wallet-lab/internal/wallet/erc4337/types.go:204.2,204.88 1 25200
github.com/a861252012/testnet-wallet-lab/internal/wallet/erc4337/types.go:204.88,206.3 1 2
github.com/a861252012/testnet-wallet-lab/internal/wallet/erc4337/types.go:207.2,208.16 2 25198
github.com/a861252012/testnet-wallet-lab/internal/wallet/erc4337/types.go:208.16,210.3 1 0
github.com/a861252012/testnet-wallet-lab/internal/wallet/erc4337/types.go:212.2,212.67 1 25198
github.com/a861252012/testnet-wallet-lab/internal/wallet/erc4337/types.go:212.67,214.3 1 2
github.com/a861252012/testnet-wallet-lab/internal/wallet/erc4337/types.go:216.2,227.20 2 25196
github.com/a861252012/testnet-wallet-lab/internal/wallet/erc4337/types.go:231.65,232.38 1 19615
github.com/a861252012/testnet-wallet-lab/internal/wallet/erc4337/types.go:232.38,234.3 1 5
github.com/a861252012/testnet-wallet-lab/internal/wallet/erc4337/types.go:236.2,252.20 4 19610
github.com/a861252012/testnet-wallet-lab/internal/wallet/erc4337/types.go:256.38,257.14 1 135706
github.com/a861252012/testnet-wallet-lab/internal/wallet/erc4337/types.go:257.14,259.3 1 10
github.com/a861252012/testnet-wallet-lab/internal/wallet/erc4337/types.go:260.2,260.29 1 135696
github.com/a861252012/testnet-wallet-lab/internal/wallet/erc4337/types.go:264.47,265.39 1 140948
github.com/a861252012/testnet-wallet-lab/internal/wallet/erc4337/types.go:265.39,267.3 1 126
github.com/a861252012/testnet-wallet-lab/internal/wallet/erc4337/types.go:268.2,268.32 1 140822
github.com/a861252012/testnet-wallet-lab/internal/wallet/erc4337/types.go:268.32,270.3 1 6
github.com/a861252012/testnet-wallet-lab/internal/wallet/erc4337/types.go:271.2,271.29 1 140822
github.com/a861252012/testnet-wallet-lab/internal/wallet/erc4337/types.go:275.47,276.39 1 105976
github.com/a861252012/testnet-wallet-lab/internal/wallet/erc4337/types.go:276.39,278.3 1 70542
github.com/a861252012/testnet-wallet-lab/internal/wallet/erc4337/types.go:279.2,279.32 1 35434
github.com/a861252012/testnet-wallet-lab/internal/wallet/erc4337/types.go:279.32,281.3 1 1
github.com/a861252012/testnet-wallet-lab/internal/wallet/erc4337/types.go:282.2,282.26 1 35434
github.com/a861252012/testnet-wallet-lab/internal/wallet/erc4337/types.go:286.56,287.15 1 22615
github.com/a861252012/testnet-wallet-lab/internal/wallet/erc4337/types.go:287.15,289.3 1 1
github.com/a861252012/testnet-wallet-lab/internal/wallet/erc4337/types.go:290.2,290.45 1 22614
github.com/a861252012/testnet-wallet-lab/internal/wallet/erc4337/types.go:294.60,296.52 2 22653
github.com/a861252012/testnet-wallet-lab/internal/wallet/erc4337/types.go:296.52,298.3 1 7
github.com/a861252012/testnet-wallet-lab/internal/wallet/erc4337/types.go:299.2,299.57 1 22646
github.com/a861252012/testnet-wallet-lab/internal/wallet/erc4337/types.go:299.57,301.3 1 1
github.com/a861252012/testnet-wallet-lab/internal/wallet/erc4337/types.go:302.2,303.16 2 22645
github.com/a861252012/testnet-wallet-lab/internal/wallet/erc4337/types.go:303.16,305.3 1 19
github.com/a861252012/testnet-wallet-lab/internal/wallet/erc4337/types.go:306.2,307.12 2 22626
github.com/a861252012/testnet-wallet-lab/internal/wallet/erc4337/types.go:311.62,312.15 1 5
github.com/a861252012/testnet-wallet-lab/internal/wallet/erc4337/types.go:312.15,314.3 1 1
github.com/a861252012/testnet-wallet-lab/internal/wallet/erc4337/types.go:315.2,315.51 1 4
github.com/a861252012/testnet-wallet-lab/internal/wallet/erc4337/types.go:319.66,321.52 2 2588
github.com/a861252012/testnet-wallet-lab/internal/wallet/erc4337/types.go:321.52,323.3 1 4
github.com/a861252012/testnet-wallet-lab/internal/wallet/erc4337/types.go:324.2,324.57 1 2584
github.com/a861252012/testnet-wallet-lab/internal/wallet/erc4337/types.go:324.57,326.3 1 0
github.com/a861252012/testnet-wallet-lab/internal/wallet/erc4337/types.go:327.2,328.16 2 2584
github.com/a861252012/testnet-wallet-lab/internal/wallet/erc4337/types.go:328.16,330.3 1 8
github.com/a861252012/testnet-wallet-lab/internal/wallet/erc4337/types.go:331.2,332.12 2 2576
github.com/a861252012/testnet-wallet-lab/internal/wallet/erc4337/wire.go:40.61,54.2 1 22616
github.com/a861252012/testnet-wallet-lab/internal/wallet/erc4337/wire.go:56.79,68.2 1 5
github.com/a861252012/testnet-wallet-lab/internal/wallet/erc4337/wire.go:70.77,73.16 2 22646
github.com/a861252012/testnet-wallet-lab/internal/wallet/erc4337/wire.go:73.16,75.3 1 5
github.com/a861252012/testnet-wallet-lab/internal/wallet/erc4337/wire.go:76.2,77.16 2 22641
github.com/a861252012/testnet-wallet-lab/internal/wallet/erc4337/wire.go:77.16,79.3 1 7
github.com/a861252012/testnet-wallet-lab/internal/wallet/erc4337/wire.go:80.2,81.16 2 22634
github.com/a861252012/testnet-wallet-lab/internal/wallet/erc4337/wire.go:81.16,83.3 1 1
github.com/a861252012/testnet-wallet-lab/internal/wallet/erc4337/wire.go:84.2,85.16 2 22633
github.com/a861252012/testnet-wallet-lab/internal/wallet/erc4337/wire.go:85.16,87.3 1 3
github.com/a861252012/testnet-wallet-lab/internal/wallet/erc4337/wire.go:88.2,89.16 2 22630
github.com/a861252012/testnet-wallet-lab/internal/wallet/erc4337/wire.go:89.16,91.3 1 2
github.com/a861252012/testnet-wallet-lab/internal/wallet/erc4337/wire.go:92.2,93.16 2 22628
github.com/a861252012/testnet-wallet-lab/internal/wallet/erc4337/wire.go:93.16,95.3 1 0
github.com/a861252012/testnet-wallet-lab/internal/wallet/erc4337/wire.go:96.2,97.16 2 22628
github.com/a861252012/testnet-wallet-lab/internal/wallet/erc4337/wire.go:97.16,99.3 1 0
github.com/a861252012/testnet-wallet-lab/internal/wallet/erc4337/wire.go:100.2,101.16 2 22628
github.com/a861252012/testnet-wallet-lab/internal/wallet/erc4337/wire.go:101.16,103.3 1 0
github.com/a861252012/testnet-wallet-lab/internal/wallet/erc4337/wire.go:104.2,105.16 2 22628
github.com/a861252012/testnet-wallet-lab/internal/wallet/erc4337/wire.go:105.16,107.3 1 0
github.com/a861252012/testnet-wallet-lab/internal/wallet/erc4337/wire.go:108.2,109.16 2 22628
github.com/a861252012/testnet-wallet-lab/internal/wallet/erc4337/wire.go:109.16,111.3 1 0
github.com/a861252012/testnet-wallet-lab/internal/wallet/erc4337/wire.go:112.2,113.16 2 22628
github.com/a861252012/testnet-wallet-lab/internal/wallet/erc4337/wire.go:113.16,115.3 1 1
github.com/a861252012/testnet-wallet-lab/internal/wallet/erc4337/wire.go:117.2,123.8 1 22627
github.com/a861252012/testnet-wallet-lab/internal/wallet/erc4337/wire.go:126.95,129.16 2 2585
github.com/a861252012/testnet-wallet-lab/internal/wallet/erc4337/wire.go:129.16,131.3 1 0
github.com/a861252012/testnet-wallet-lab/internal/wallet/erc4337/wire.go:132.2,133.16 2 2585
github.com/a861252012/testnet-wallet-lab/internal/wallet/erc4337/wire.go:133.16,135.3 1 1
github.com/a861252012/testnet-wallet-lab/internal/wallet/erc4337/wire.go:136.2,137.16 2 2584
github.com/a861252012/testnet-wallet-lab/internal/wallet/erc4337/wire.go:137.16,139.3 1 0
github.com/a861252012/testnet-wallet-lab/internal/wallet/erc4337/wire.go:140.2,141.16 2 2584
github.com/a861252012/testnet-wallet-lab/internal/wallet/erc4337/wire.go:141.16,143.3 1 1
github.com/a861252012/testnet-wallet-lab/internal/wallet/erc4337/wire.go:144.2,145.16 2 2583
github.com/a861252012/testnet-wallet-lab/internal/wallet/erc4337/wire.go:145.16,147.3 1 3
github.com/a861252012/testnet-wallet-lab/internal/wallet/erc4337/wire.go:148.2,149.16 2 2580
github.com/a861252012/testnet-wallet-lab/internal/wallet/erc4337/wire.go:149.16,151.3 1 0
github.com/a861252012/testnet-wallet-lab/internal/wallet/erc4337/wire.go:152.2,153.16 2 2580
github.com/a861252012/testnet-wallet-lab/internal/wallet/erc4337/wire.go:153.16,155.3 1 3
github.com/a861252012/testnet-wallet-lab/internal/wallet/erc4337/wire.go:156.2,157.16 2 2577
github.com/a861252012/testnet-wallet-lab/internal/wallet/erc4337/wire.go:157.16,159.3 1 0
github.com/a861252012/testnet-wallet-lab/internal/wallet/erc4337/wire.go:160.2,161.16 2 2577
github.com/a861252012/testnet-wallet-lab/internal/wallet/erc4337/wire.go:161.16,163.3 1 0
github.com/a861252012/testnet-wallet-lab/internal/wallet/erc4337/wire.go:165.2,169.8 1 2577
github.com/a861252012/testnet-wallet-lab/internal/wallet/erc4337/wire.go:172.52,174.55 2 25230
github.com/a861252012/testnet-wallet-lab/internal/wallet/erc4337/wire.go:174.55,176.3 1 0
github.com/a861252012/testnet-wallet-lab/internal/wallet/erc4337/wire.go:177.2,178.49 2 25230
github.com/a861252012/testnet-wallet-lab/internal/wallet/erc4337/wire.go:178.49,180.3 1 28
github.com/a861252012/testnet-wallet-lab/internal/wallet/erc4337/wire.go:181.2,182.53 2 25202
github.com/a861252012/testnet-wallet-lab/internal/wallet/erc4337/wire.go:182.53,184.3 1 0
github.com/a861252012/testnet-wallet-lab/internal/wallet/erc4337/wire.go:185.2,185.18 1 25202
github.com/a861252012/testnet-wallet-lab/internal/wallet/erc4337/wire.go:185.18,188.3 2 1
github.com/a861252012/testnet-wallet-lab/internal/wallet/erc4337/wire.go:189.2,189.12 1 25201
github.com/a861252012/testnet-wallet-lab/internal/wallet/erc4337/wire.go:192.61,194.17 2 25231
github.com/a861252012/testnet-wallet-lab/internal/wallet/erc4337/wire.go:194.17,196.3 1 28
github.com/a861252012/testnet-wallet-lab/internal/wallet/erc4337/wire.go:197.2,197.61 1 25203
github.com/a861252012/testnet-wallet-lab/internal/wallet/erc4337/wire.go:197.61,199.3 1 5
github.com/a861252012/testnet-wallet-lab/internal/wallet/erc4337/wire.go:200.2,200.21 1 25198
github.com/a861252012/testnet-wallet-lab/internal/wallet/erc4337/wire.go:203.70,205.51 2 5163
github.com/a861252012/testnet-wallet-lab/internal/wallet/erc4337/wire.go:205.51,207.3 1 32
github.com/a861252012/testnet-wallet-lab/internal/wallet/erc4337/wire.go:208.2,209.43 2 5131
github.com/a861252012/testnet-wallet-lab/internal/wallet/erc4337/wire.go:209.43,211.3 1 6
github.com/a861252012/testnet-wallet-lab/internal/wallet/erc4337/wire.go:212.2,213.20 2 5125
github.com/a861252012/testnet-wallet-lab/tests/deployment/probe.go:13.13,18.65 2 0
github.com/a861252012/testnet-wallet-lab/tests/deployment/probe.go:18.65,19.13 1 0
github.com/a861252012/testnet-wallet-lab/tests/deployment/probe.go:21.2,22.16 2 0
github.com/a861252012/testnet-wallet-lab/tests/deployment/probe.go:22.16,23.13 1 0
github.com/a861252012/testnet-wallet-lab/tests/deployment/probe.go:25.2,25.40 1 0
github.com/a861252012/testnet-wallet-lab/tests/deployment/probe.go:25.40,26.20 1 0
github.com/a861252012/testnet-wallet-lab/tests/deployment/probe.go:26.20,28.4 1 0
github.com/a861252012/testnet-wallet-lab/tests/deployment/probe.go:28.9,30.4 1 0
github.com/a861252012/testnet-wallet-lab/tests/deployment/probe.go:32.2,32.110 1 0
github.com/a861252012/testnet-wallet-lab/tests/deployment/probe.go:32.110,32.144 1 0
github.com/a861252012/testnet-wallet-lab/tests/deployment/probe.go:33.2,34.16 2 0
github.com/a861252012/testnet-wallet-lab/tests/deployment/probe.go:34.16,35.13 1 0
github.com/a861252012/testnet-wallet-lab/tests/deployment/probe.go:37.2,39.16 3 0
github.com/a861252012/testnet-wallet-lab/tests/deployment/probe.go:39.16,40.13 1 0
github.com/a861252012/testnet-wallet-lab/tests/deployment/probe.go:42.2,43.30 2 0
github.com/a861252012/testnet-wallet-lab/tests/deployment/probe.go:43.30,45.3 1 0
github.com/a861252012/testnet-wallet-lab/tests/deployment/probe.go:46.2,50.48 1 0
github.com/a861252012/testnet-wallet-lab/tests/deployment/probe.go:50.48,51.13 1 0
github.com/a861252012/testnet-wallet-lab/internal/wallet/accounts.go:20.54,21.41 1 19
github.com/a861252012/testnet-wallet-lab/internal/wallet/accounts.go:21.41,23.3 1 3
github.com/a861252012/testnet-wallet-lab/internal/wallet/accounts.go:24.2,24.30 1 16
github.com/a861252012/testnet-wallet-lab/internal/wallet/accounts.go:34.53,36.22 2 11
github.com/a861252012/testnet-wallet-lab/internal/wallet/accounts.go:36.22,38.3 1 0
github.com/a861252012/testnet-wallet-lab/internal/wallet/accounts.go:39.2,41.28 3 11
github.com/a861252012/testnet-wallet-lab/internal/wallet/accounts.go:44.57,46.54 2 20
github.com/a861252012/testnet-wallet-lab/internal/wallet/accounts.go:46.54,48.3 1 0
github.com/a861252012/testnet-wallet-lab/internal/wallet/accounts.go:49.2,50.16 2 20
github.com/a861252012/testnet-wallet-lab/internal/wallet/accounts.go:50.16,52.3 1 0
github.com/a861252012/testnet-wallet-lab/internal/wallet/accounts.go:53.2,53.25 1 20
github.com/a861252012/testnet-wallet-lab/internal/wallet/accounts.go:53.25,55.3 1 20
github.com/a861252012/testnet-wallet-lab/internal/wallet/accounts.go:56.2,58.24 3 20
github.com/a861252012/testnet-wallet-lab/internal/wallet/accounts.go:58.24,60.3 1 13
github.com/a861252012/testnet-wallet-lab/internal/wallet/accounts.go:61.2,61.16 1 7
github.com/a861252012/testnet-wallet-lab/internal/wallet/accounts.go:61.16,63.3 1 0
github.com/a861252012/testnet-wallet-lab/internal/wallet/accounts.go:64.2,64.32 1 7
github.com/a861252012/testnet-wallet-lab/internal/wallet/accounts.go:64.32,66.40 2 7
github.com/a861252012/testnet-wallet-lab/internal/wallet/accounts.go:66.40,67.12 1 0
github.com/a861252012/testnet-wallet-lab/internal/wallet/accounts.go:69.3,71.55 3 7
github.com/a861252012/testnet-wallet-lab/internal/wallet/accounts.go:71.55,73.4 1 0
github.com/a861252012/testnet-wallet-lab/internal/wallet/accounts.go:74.3,75.17 2 7
github.com/a861252012/testnet-wallet-lab/internal/wallet/accounts.go:75.17,77.4 1 0
github.com/a861252012/testnet-wallet-lab/internal/wallet/accounts.go:78.3,78.26 1 7
github.com/a861252012/testnet-wallet-lab/internal/wallet/accounts.go:78.26,80.4 1 0
github.com/a861252012/testnet-wallet-lab/internal/wallet/accounts.go:81.3,81.120 1 7
github.com/a861252012/testnet-wallet-lab/internal/wallet/accounts.go:83.2,83.20 1 7
github.com/a861252012/testnet-wallet-lab/internal/wallet/accounts.go:86.75,88.16 2 9
github.com/a861252012/testnet-wallet-lab/internal/wallet/accounts.go:88.16,90.3 1 4
github.com/a861252012/testnet-wallet-lab/internal/wallet/accounts.go:91.2,91.20 1 5
github.com/a861252012/testnet-wallet-lab/internal/wallet/accounts.go:91.20,92.52 1 3
github.com/a861252012/testnet-wallet-lab/internal/wallet/accounts.go:92.52,94.4 1 1
github.com/a861252012/testnet-wallet-lab/internal/wallet/accounts.go:96.2,97.22 2 4
github.com/a861252012/testnet-wallet-lab/internal/wallet/accounts.go:97.22,99.3 1 0
github.com/a861252012/testnet-wallet-lab/internal/wallet/accounts.go:100.2,103.16 4 4
github.com/a861252012/testnet-wallet-lab/internal/wallet/accounts.go:103.16,105.3 1 0
github.com/a861252012/testnet-wallet-lab/internal/wallet/accounts.go:106.2,106.25 1 4
github.com/a861252012/testnet-wallet-lab/internal/wallet/accounts.go:106.25,108.3 1 0
github.com/a861252012/testnet-wallet-lab/internal/wallet/accounts.go:109.2,110.46 2 4
github.com/a861252012/testnet-wallet-lab/internal/wallet/accounts.go:110.46,112.3 1 0
github.com/a861252012/testnet-wallet-lab/internal/wallet/accounts.go:113.2,115.48 3 4
github.com/a861252012/testnet-wallet-lab/internal/wallet/accounts.go:115.48,117.3 1 0
github.com/a861252012/testnet-wallet-lab/internal/wallet/accounts.go:118.2,119.15 2 4
github.com/a861252012/testnet-wallet-lab/internal/wallet/accounts.go:119.15,120.16 1 4
github.com/a861252012/testnet-wallet-lab/internal/wallet/accounts.go:120.16,122.4 1 0
github.com/a861252012/testnet-wallet-lab/internal/wallet/accounts.go:124.2,125.20 2 4
github.com/a861252012/testnet-wallet-lab/internal/wallet/accounts.go:125.20,128.17 3 2
github.com/a861252012/testnet-wallet-lab/internal/wallet/accounts.go:128.17,130.4 1 0
github.com/a861252012/testnet-wallet-lab/internal/wallet/accounts.go:131.3,131.28 1 2
github.com/a861252012/testnet-wallet-lab/internal/wallet/accounts.go:134.2,135.16 2 4
github.com/a861252012/testnet-wallet-lab/internal/wallet/accounts.go:135.16,137.3 1 0
github.com/a861252012/testnet-wallet-lab/internal/wallet/accounts.go:138.2,138.89 1 4
github.com/a861252012/testnet-wallet-lab/internal/wallet/accounts.go:138.89,140.3 1 0
github.com/a861252012/testnet-wallet-lab/internal/wallet/accounts.go:141.2,142.64 2 4
github.com/a861252012/testnet-wallet-lab/internal/wallet/accounts.go:145.90,147.16 2 5
github.com/a861252012/testnet-wallet-lab/internal/wallet/accounts.go:147.16,149.3 1 1
github.com/a861252012/testnet-wallet-lab/internal/wallet/accounts.go:150.2,152.68 3 4
github.com/a861252012/testnet-wallet-lab/internal/wallet/accounts.go:152.68,154.3 1 0
github.com/a861252012/testnet-wallet-lab/internal/wallet/accounts.go:155.2,155.72 1 4
github.com/a861252012/testnet-wallet-lab/internal/wallet/accounts.go:155.72,157.3 1 0
github.com/a861252012/testnet-wallet-lab/internal/wallet/accounts.go:158.2,159.16 2 4
github.com/a861252012/testnet-wallet-lab/internal/wallet/accounts.go:159.16,161.3 1 0
github.com/a861252012/testnet-wallet-lab/internal/wallet/accounts.go:162.2,166.21 5 4
github.com/a861252012/testnet-wallet-lab/internal/wallet/accounts.go:175.63,178.24 3 27
github.com/a861252012/testnet-wallet-lab/internal/wallet/accounts.go:178.24,180.3 1 20
github.com/a861252012/testnet-wallet-lab/internal/wallet/accounts.go:181.2,181.16 1 7
github.com/a861252012/testnet-wallet-lab/internal/wallet/accounts.go:181.16,183.3 1 0
github.com/a861252012/testnet-wallet-lab/internal/wallet/accounts.go:184.2,184.56 1 7
github.com/a861252012/testnet-wallet-lab/internal/wallet/accounts.go:184.56,186.3 1 0
github.com/a861252012/testnet-wallet-lab/internal/wallet/accounts.go:187.2,187.22 1 7
github.com/a861252012/testnet-wallet-lab/internal/wallet/accounts.go:190.47,192.102 2 15
github.com/a861252012/testnet-wallet-lab/internal/wallet/accounts.go:192.102,194.3 1 4
github.com/a861252012/testnet-wallet-lab/internal/wallet/accounts.go:195.2,195.18 1 11
github.com/a861252012/testnet-wallet-lab/internal/wallet/accounts.go:198.87,200.16 2 6
github.com/a861252012/testnet-wallet-lab/internal/wallet/accounts.go:200.16,202.3 1 0
github.com/a861252012/testnet-wallet-lab/internal/wallet/accounts.go:203.2,203.14 1 6
github.com/a861252012/testnet-wallet-lab/internal/wallet/accounts.go:203.14,204.47 1 5
github.com/a861252012/testnet-wallet-lab/internal/wallet/accounts.go:204.47,206.4 1 1
github.com/a861252012/testnet-wallet-lab/internal/wallet/accounts.go:208.2,209.22 2 5
github.com/a861252012/testnet-wallet-lab/internal/wallet/accounts.go:209.22,211.3 1 1
github.com/a861252012/testnet-wallet-lab/internal/wallet/accounts.go:212.2,215.16 4 5
github.com/a861252012/testnet-wallet-lab/internal/wallet/accounts.go:215.16,217.3 1 0
github.com/a861252012/testnet-wallet-lab/internal/wallet/accounts.go:218.2,220.26 3 5
github.com/a861252012/testnet-wallet-lab/internal/wallet/accounts.go:220.26,221.28 1 9
github.com/a861252012/testnet-wallet-lab/internal/wallet/accounts.go:221.28,223.4 1 8
github.com/a861252012/testnet-wallet-lab/internal/wallet/accounts.go:224.3,224.27 1 9
github.com/a861252012/testnet-wallet-lab/internal/wallet/accounts.go:224.27,226.4 1 4
github.com/a861252012/testnet-wallet-lab/internal/wallet/accounts.go:228.2,228.19 1 5
github.com/a861252012/testnet-wallet-lab/internal/wallet/accounts.go:228.19,230.3 1 1
github.com/a861252012/testnet-wallet-lab/internal/wallet/accounts.go:231.2,231.49 1 4
github.com/a861252012/testnet-wallet-lab/internal/wallet/accounts.go:231.49,233.3 1 1
github.com/a861252012/testnet-wallet-lab/internal/wallet/accounts.go:234.2,235.14 2 3
github.com/a861252012/testnet-wallet-lab/internal/wallet/accounts.go:235.14,237.3 1 3
github.com/a861252012/testnet-wallet-lab/internal/wallet/accounts.go:238.2,239.16 2 3
github.com/a861252012/testnet-wallet-lab/internal/wallet/accounts.go:239.16,241.3 1 0
github.com/a861252012/testnet-wallet-lab/internal/wallet/accounts.go:242.2,242.88 1 3
github.com/a861252012/testnet-wallet-lab/internal/wallet/accounts.go:242.88,244.3 1 0
github.com/a861252012/testnet-wallet-lab/internal/wallet/accounts.go:245.2,246.20 2 3
github.com/a861252012/testnet-wallet-lab/internal/wallet/activity.go:41.54,43.24 2 6
github.com/a861252012/testnet-wallet-lab/internal/wallet/activity.go:43.24,45.3 1 2
github.com/a861252012/testnet-wallet-lab/internal/wallet/activity.go:46.2,46.16 1 4
github.com/a861252012/testnet-wallet-lab/internal/wallet/activity.go:46.16,48.3 1 0
github.com/a861252012/testnet-wallet-lab/internal/wallet/activity.go:49.2,50.39 2 4
github.com/a861252012/testnet-wallet-lab/internal/wallet/activity.go:50.39,52.3 1 0
github.com/a861252012/testnet-wallet-lab/internal/wallet/activity.go:53.2,53.25 1 4
github.com/a861252012/testnet-wallet-lab/internal/wallet/activity.go:53.25,54.53 1 4
github.com/a861252012/testnet-wallet-lab/internal/wallet/activity.go:54.53,56.4 1 0
github.com/a861252012/testnet-wallet-lab/internal/wallet/activity.go:58.2,58.17 1 4
github.com/a861252012/testnet-wallet-lab/internal/wallet/activity.go:62.64,66.16 4 3
github.com/a861252012/testnet-wallet-lab/internal/wallet/activity.go:66.16,68.3 1 0
github.com/a861252012/testnet-wallet-lab/internal/wallet/activity.go:69.2,70.25 2 3
github.com/a861252012/testnet-wallet-lab/internal/wallet/activity.go:70.25,72.3 1 1
github.com/a861252012/testnet-wallet-lab/internal/wallet/activity.go:73.2,74.25 2 3
github.com/a861252012/testnet-wallet-lab/internal/wallet/activity.go:74.25,75.16 1 3
github.com/a861252012/testnet-wallet-lab/internal/wallet/activity.go:75.16,79.4 3 1
github.com/a861252012/testnet-wallet-lab/internal/wallet/activity.go:81.2,81.16 1 3
github.com/a861252012/testnet-wallet-lab/internal/wallet/activity.go:81.16,83.3 1 2
github.com/a861252012/testnet-wallet-lab/internal/wallet/activity.go:84.2,85.16 2 1
github.com/a861252012/testnet-wallet-lab/internal/wallet/activity.go:85.16,87.3 1 0
github.com/a861252012/testnet-wallet-lab/internal/wallet/activity.go:88.2,88.97 1 1
github.com/a861252012/testnet-wallet-lab/internal/wallet/activity.go:88.97,90.3 1 0
github.com/a861252012/testnet-wallet-lab/internal/wallet/activity.go:91.2,91.19 1 1
github.com/a861252012/testnet-wallet-lab/internal/wallet/activity.go:94.93,96.16 2 0
github.com/a861252012/testnet-wallet-lab/internal/wallet/activity.go:96.16,98.3 1 0
github.com/a861252012/testnet-wallet-lab/internal/wallet/activity.go:99.2,100.16 2 0
github.com/a861252012/testnet-wallet-lab/internal/wallet/activity.go:100.16,102.3 1 0
github.com/a861252012/testnet-wallet-lab/internal/wallet/activity.go:103.2,104.16 2 0
github.com/a861252012/testnet-wallet-lab/internal/wallet/activity.go:104.16,106.3 1 0
github.com/a861252012/testnet-wallet-lab/internal/wallet/activity.go:107.2,107.75 1 0
github.com/a861252012/testnet-wallet-lab/internal/wallet/activity.go:107.75,109.3 1 0
github.com/a861252012/testnet-wallet-lab/internal/wallet/activity.go:110.2,110.78 1 0
github.com/a861252012/testnet-wallet-lab/internal/wallet/activity.go:110.78,112.3 1 0
github.com/a861252012/testnet-wallet-lab/internal/wallet/activity.go:113.2,113.20 1 0
github.com/a861252012/testnet-wallet-lab/internal/wallet/activity.go:116.109,118.16 2 0
github.com/a861252012/testnet-wallet-lab/internal/wallet/activity.go:118.16,120.3 1 0
github.com/a861252012/testnet-wallet-lab/internal/wallet/activity.go:121.2,121.25 1 0
github.com/a861252012/testnet-wallet-lab/internal/wallet/activity.go:121.25,123.3 1 0
github.com/a861252012/testnet-wallet-lab/internal/wallet/activity.go:124.2,125.37 2 0
github.com/a861252012/testnet-wallet-lab/internal/wallet/activity.go:125.37,127.17 2 0
github.com/a861252012/testnet-wallet-lab/internal/wallet/activity.go:127.17,129.4 1 0
github.com/a861252012/testnet-wallet-lab/internal/wallet/activity.go:130.3,130.40 1 0
github.com/a861252012/testnet-wallet-lab/internal/wallet/activity.go:132.2,133.16 2 0
github.com/a861252012/testnet-wallet-lab/internal/wallet/activity.go:133.16,135.3 1 0
github.com/a861252012/testnet-wallet-lab/internal/wallet/activity.go:136.2,137.16 2 0
github.com/a861252012/testnet-wallet-lab/internal/wallet/activity.go:137.16,139.3 1 0
github.com/a861252012/testnet-wallet-lab/internal/wallet/activity.go:140.2,140.46 1 0
github.com/a861252012/testnet-wallet-lab/internal/wallet/activity.go:143.86,144.14 1 2
github.com/a861252012/testnet-wallet-lab/internal/wallet/activity.go:144.14,146.3 1 0
github.com/a861252012/testnet-wallet-lab/internal/wallet/activity.go:147.2,148.16 2 2
github.com/a861252012/testnet-wallet-lab/internal/wallet/activity.go:148.16,150.3 1 0
github.com/a861252012/testnet-wallet-lab/internal/wallet/activity.go:151.2,154.16 4 2
github.com/a861252012/testnet-wallet-lab/internal/wallet/activity.go:154.16,156.3 1 0
github.com/a861252012/testnet-wallet-lab/internal/wallet/activity.go:157.2,159.25 3 2
github.com/a861252012/testnet-wallet-lab/internal/wallet/activity.go:159.25,160.16 1 2
github.com/a861252012/testnet-wallet-lab/internal/wallet/activity.go:160.16,163.4 2 2
github.com/a861252012/testnet-wallet-lab/internal/wallet/activity.go:165.2,166.44 2 2
github.com/a861252012/testnet-wallet-lab/internal/wallet/activity.go:166.44,168.23 2 0
github.com/a861252012/testnet-wallet-lab/internal/wallet/activity.go:168.23,171.4 2 0
github.com/a861252012/testnet-wallet-lab/internal/wallet/activity.go:174.2,175.16 2 2
github.com/a861252012/testnet-wallet-lab/internal/wallet/activity.go:175.16,177.3 1 0
github.com/a861252012/testnet-wallet-lab/internal/wallet/activity.go:178.2,178.18 1 2
github.com/a861252012/testnet-wallet-lab/internal/wallet/activity.go:178.18,180.3 1 1
github.com/a861252012/testnet-wallet-lab/internal/wallet/activity.go:181.2,186.34 6 1
github.com/a861252012/testnet-wallet-lab/internal/wallet/activity.go:186.34,189.16 3 1
github.com/a861252012/testnet-wallet-lab/internal/wallet/activity.go:189.16,191.17 2 1
github.com/a861252012/testnet-wallet-lab/internal/wallet/activity.go:191.17,191.26 1 1
github.com/a861252012/testnet-wallet-lab/internal/wallet/activity.go:192.4,193.18 2 1
github.com/a861252012/testnet-wallet-lab/internal/wallet/activity.go:193.18,195.5 1 1
github.com/a861252012/testnet-wallet-lab/internal/wallet/activity.go:196.4,196.39 1 1
github.com/a861252012/testnet-wallet-lab/internal/wallet/activity.go:199.2,202.43 4 1
github.com/a861252012/testnet-wallet-lab/internal/wallet/activity.go:202.43,204.17 2 1
github.com/a861252012/testnet-wallet-lab/internal/wallet/activity.go:204.17,206.4 1 0
github.com/a861252012/testnet-wallet-lab/internal/wallet/activity.go:207.3,207.76 1 1
github.com/a861252012/testnet-wallet-lab/internal/wallet/activity.go:207.76,209.12 2 1
github.com/a861252012/testnet-wallet-lab/internal/wallet/activity.go:211.3,211.41 1 0
github.com/a861252012/testnet-wallet-lab/internal/wallet/activity.go:211.41,213.18 2 0
github.com/a861252012/testnet-wallet-lab/internal/wallet/activity.go:213.18,216.5 2 0
github.com/a861252012/testnet-wallet-lab/internal/wallet/activity.go:217.4,217.21 1 0
github.com/a861252012/testnet-wallet-lab/internal/wallet/activity.go:218.25,219.48 1 0
github.com/a861252012/testnet-wallet-lab/internal/wallet/activity.go:220.22,221.40 1 0
github.com/a861252012/testnet-wallet-lab/internal/wallet/activity.go:222.21,223.38 1 0
github.com/a861252012/testnet-wallet-lab/internal/wallet/activity.go:227.2,227.31 1 1
github.com/a861252012/testnet-wallet-lab/internal/wallet/activity.go:227.31,231.3 3 0
github.com/a861252012/testnet-wallet-lab/internal/wallet/activity.go:232.2,232.64 1 1
github.com/a861252012/testnet-wallet-lab/internal/wallet/activity.go:232.64,232.104 1 0
github.com/a861252012/testnet-wallet-lab/internal/wallet/activity.go:233.2,233.22 1 1
github.com/a861252012/testnet-wallet-lab/internal/wallet/activity_domain.go:44.75,45.18 1 4
github.com/a861252012/testnet-wallet-lab/internal/wallet/activity_domain.go:45.18,47.3 1 0
github.com/a861252012/testnet-wallet-lab/internal/wallet/activity_domain.go:48.2,49.16 2 4
github.com/a861252012/testnet-wallet-lab/internal/wallet/activity_domain.go:49.16,51.3 1 0
github.com/a861252012/testnet-wallet-lab/internal/wallet/activity_domain.go:52.2,53.15 2 4
github.com/a861252012/testnet-wallet-lab/internal/wallet/activity_domain.go:54.131,54.131 0 4
github.com/a861252012/testnet-wallet-lab/internal/wallet/activity_domain.go:55.10,56.72 1 0
github.com/a861252012/testnet-wallet-lab/internal/wallet/activity_domain.go:58.2,59.43 2 4
github.com/a861252012/testnet-wallet-lab/internal/wallet/activity_domain.go:59.43,61.15 2 3
github.com/a861252012/testnet-wallet-lab/internal/wallet/activity_domain.go:62.51,62.51 0 2
github.com/a861252012/testnet-wallet-lab/internal/wallet/activity_domain.go:63.11,64.67 1 1
github.com/a861252012/testnet-wallet-lab/internal/wallet/activity_domain.go:66.3,66.112 1 2
github.com/a861252012/testnet-wallet-lab/internal/wallet/activity_domain.go:66.112,68.4 1 0
github.com/a861252012/testnet-wallet-lab/internal/wallet/activity_domain.go:69.3,70.31 2 2
github.com/a861252012/testnet-wallet-lab/internal/wallet/activity_domain.go:70.31,72.4 1 1
github.com/a861252012/testnet-wallet-lab/internal/wallet/activity_domain.go:73.3,73.50 1 1
github.com/a861252012/testnet-wallet-lab/internal/wallet/activity_domain.go:73.50,75.4 1 0
github.com/a861252012/testnet-wallet-lab/internal/wallet/activity_domain.go:76.3,79.4 1 1
github.com/a861252012/testnet-wallet-lab/internal/wallet/activity_domain.go:81.2,81.20 1 2
github.com/a861252012/testnet-wallet-lab/internal/wallet/crosschain_journal.go:16.66,17.15 1 10
github.com/a861252012/testnet-wallet-lab/internal/wallet/crosschain_journal.go:18.134,19.37 1 8
github.com/a861252012/testnet-wallet-lab/internal/wallet/crosschain_journal.go:20.10,21.58 1 2
github.com/a861252012/testnet-wallet-lab/internal/wallet/crosschain_journal.go:37.81,39.16 2 6
github.com/a861252012/testnet-wallet-lab/internal/wallet/crosschain_journal.go:39.16,41.3 1 1
github.com/a861252012/testnet-wallet-lab/internal/wallet/crosschain_journal.go:42.2,43.16 2 5
github.com/a861252012/testnet-wallet-lab/internal/wallet/crosschain_journal.go:43.16,45.3 1 0
github.com/a861252012/testnet-wallet-lab/internal/wallet/crosschain_journal.go:46.2,46.69 1 5
github.com/a861252012/testnet-wallet-lab/internal/wallet/crosschain_journal.go:46.69,48.3 1 1
github.com/a861252012/testnet-wallet-lab/internal/wallet/crosschain_journal.go:49.2,49.21 1 4
github.com/a861252012/testnet-wallet-lab/internal/wallet/crosschain_journal.go:49.21,50.63 1 4
github.com/a861252012/testnet-wallet-lab/internal/wallet/crosschain_journal.go:50.63,52.4 1 0
github.com/a861252012/testnet-wallet-lab/internal/wallet/crosschain_journal.go:54.2,64.8 1 4
github.com/a861252012/testnet-wallet-lab/internal/wallet/crosschain_journal.go:67.70,79.2 1 18
github.com/a861252012/testnet-wallet-lab/internal/wallet/crosschain_journal.go:81.68,92.2 1 19
github.com/a861252012/testnet-wallet-lab/internal/wallet/crosschain_journal.go:115.75,117.16 2 4
github.com/a861252012/testnet-wallet-lab/internal/wallet/crosschain_journal.go:117.16,119.3 1 1
github.com/a861252012/testnet-wallet-lab/internal/wallet/crosschain_journal.go:120.2,121.16 2 3
github.com/a861252012/testnet-wallet-lab/internal/wallet/crosschain_journal.go:121.16,123.3 1 0
github.com/a861252012/testnet-wallet-lab/internal/wallet/crosschain_journal.go:124.2,124.38 1 3
github.com/a861252012/testnet-wallet-lab/internal/wallet/crosschain_journal.go:124.38,126.3 1 0
github.com/a861252012/testnet-wallet-lab/internal/wallet/crosschain_journal.go:127.2,127.76 1 3
github.com/a861252012/testnet-wallet-lab/internal/wallet/crosschain_journal.go:127.76,128.20 1 8
github.com/a861252012/testnet-wallet-lab/internal/wallet/crosschain_journal.go:128.20,129.55 1 6
github.com/a861252012/testnet-wallet-lab/internal/wallet/crosschain_journal.go:129.55,131.5 1 1
github.com/a861252012/testnet-wallet-lab/internal/wallet/crosschain_journal.go:134.2,153.8 1 2
github.com/a861252012/testnet-wallet-lab/internal/wallet/crosschain_journal.go:156.64,177.2 1 42
github.com/a861252012/testnet-wallet-lab/internal/wallet/crosschain_journal.go:179.62,198.2 1 28
github.com/a861252012/testnet-wallet-lab/internal/wallet/decimal.go:19.59,20.55 1 449
github.com/a861252012/testnet-wallet-lab/internal/wallet/decimal.go:20.55,22.3 1 1
github.com/a861252012/testnet-wallet-lab/internal/wallet/decimal.go:23.2,24.28 2 448
github.com/a861252012/testnet-wallet-lab/internal/wallet/decimal.go:24.28,25.84 1 17920
github.com/a861252012/testnet-wallet-lab/internal/wallet/decimal.go:25.84,27.4 1 0
github.com/a861252012/testnet-wallet-lab/internal/wallet/decimal.go:29.2,29.58 1 448
github.com/a861252012/testnet-wallet-lab/internal/wallet/decimal.go:29.58,31.3 1 1
github.com/a861252012/testnet-wallet-lab/internal/wallet/decimal.go:32.2,34.26 3 447
github.com/a861252012/testnet-wallet-lab/internal/wallet/decimal.go:34.26,36.26 2 75
github.com/a861252012/testnet-wallet-lab/internal/wallet/decimal.go:36.26,38.4 1 1
github.com/a861252012/testnet-wallet-lab/internal/wallet/decimal.go:40.2,40.39 1 446
github.com/a861252012/testnet-wallet-lab/internal/wallet/decimal.go:45.67,46.35 1 112
github.com/a861252012/testnet-wallet-lab/internal/wallet/decimal.go:46.35,48.3 1 0
github.com/a861252012/testnet-wallet-lab/internal/wallet/decimal.go:49.2,49.42 1 112
github.com/a861252012/testnet-wallet-lab/internal/wallet/decimal.go:49.42,51.3 1 4
github.com/a861252012/testnet-wallet-lab/internal/wallet/decimal.go:52.2,55.21 4 108
github.com/a861252012/testnet-wallet-lab/internal/wallet/decimal.go:55.21,57.3 1 94
github.com/a861252012/testnet-wallet-lab/internal/wallet/decimal.go:58.2,58.29 1 108
github.com/a861252012/testnet-wallet-lab/internal/wallet/decimal.go:58.29,60.3 1 3
github.com/a861252012/testnet-wallet-lab/internal/wallet/decimal.go:61.2,63.20 3 105
github.com/a861252012/testnet-wallet-lab/internal/wallet/decimal.go:63.20,65.3 1 6
github.com/a861252012/testnet-wallet-lab/internal/wallet/decimal.go:66.2,67.9 2 99
github.com/a861252012/testnet-wallet-lab/internal/wallet/decimal.go:67.9,69.3 1 0
github.com/a861252012/testnet-wallet-lab/internal/wallet/decimal.go:70.2,70.29 1 99
github.com/a861252012/testnet-wallet-lab/internal/wallet/decimal.go:70.29,72.3 1 1
github.com/a861252012/testnet-wallet-lab/internal/wallet/decimal.go:73.2,73.17 1 98
github.com/a861252012/testnet-wallet-lab/internal/wallet/decimal.go:77.53,78.35 1 326
github.com/a861252012/testnet-wallet-lab/internal/wallet/decimal.go:78.35,80.3 1 14
github.com/a861252012/testnet-wallet-lab/internal/wallet/decimal.go:81.2,81.19 1 312
github.com/a861252012/testnet-wallet-lab/internal/wallet/decimal.go:81.19,83.3 1 0
github.com/a861252012/testnet-wallet-lab/internal/wallet/decimal.go:84.2,88.22 5 312
github.com/a861252012/testnet-wallet-lab/internal/wallet/decimal.go:88.22,90.3 1 35
github.com/a861252012/testnet-wallet-lab/internal/wallet/decimal.go:91.2,94.39 4 277
github.com/a861252012/testnet-wallet-lab/internal/wallet/erc20.go:27.82,28.25 1 21
github.com/a861252012/testnet-wallet-lab/internal/wallet/erc20.go:28.25,30.3 1 0
github.com/a861252012/testnet-wallet-lab/internal/wallet/erc20.go:31.2,32.37 2 21
github.com/a861252012/testnet-wallet-lab/internal/wallet/erc20.go:36.58,37.36 1 20
github.com/a861252012/testnet-wallet-lab/internal/wallet/erc20.go:37.36,39.3 1 3
github.com/a861252012/testnet-wallet-lab/internal/wallet/erc20.go:40.2,40.29 1 17
github.com/a861252012/testnet-wallet-lab/internal/wallet/erc20.go:40.29,41.31 1 144
github.com/a861252012/testnet-wallet-lab/internal/wallet/erc20.go:41.31,43.4 1 0
github.com/a861252012/testnet-wallet-lab/internal/wallet/erc20.go:45.2,46.39 2 17
github.com/a861252012/testnet-wallet-lab/internal/wallet/erc20.go:46.39,48.3 1 0
github.com/a861252012/testnet-wallet-lab/internal/wallet/erc20.go:49.2,49.20 1 17
github.com/a861252012/testnet-wallet-lab/internal/wallet/erc20.go:52.13,55.16 3 1
github.com/a861252012/testnet-wallet-lab/internal/wallet/erc20.go:55.16,56.53 1 0
github.com/a861252012/testnet-wallet-lab/internal/wallet/erc20.go:75.101,77.16 2 105
github.com/a861252012/testnet-wallet-lab/internal/wallet/erc20.go:77.16,79.3 1 0
github.com/a861252012/testnet-wallet-lab/internal/wallet/erc20.go:80.2,80.20 1 105
github.com/a861252012/testnet-wallet-lab/internal/wallet/erc20.go:80.20,82.3 1 1
github.com/a861252012/testnet-wallet-lab/internal/wallet/erc20.go:83.2,83.12 1 104
github.com/a861252012/testnet-wallet-lab/internal/wallet/erc20.go:87.112,88.70 1 27
github.com/a861252012/testnet-wallet-lab/internal/wallet/erc20.go:88.70,90.3 1 0
github.com/a861252012/testnet-wallet-lab/internal/wallet/erc20.go:93.2,94.16 2 27
github.com/a861252012/testnet-wallet-lab/internal/wallet/erc20.go:94.16,96.3 1 0
github.com/a861252012/testnet-wallet-lab/internal/wallet/erc20.go:97.2,98.16 2 27
github.com/a861252012/testnet-wallet-lab/internal/wallet/erc20.go:98.16,100.3 1 0
github.com/a861252012/testnet-wallet-lab/internal/wallet/erc20.go:101.2,102.80 2 27
github.com/a861252012/testnet-wallet-lab/internal/wallet/erc20.go:102.80,104.3 1 0
github.com/a861252012/testnet-wallet-lab/internal/wallet/erc20.go:105.2,105.42 1 27
github.com/a861252012/testnet-wallet-lab/internal/wallet/erc20.go:105.42,107.3 1 0
github.com/a861252012/testnet-wallet-lab/internal/wallet/erc20.go:110.2,111.16 2 27
github.com/a861252012/testnet-wallet-lab/internal/wallet/erc20.go:111.16,113.3 1 0
github.com/a861252012/testnet-wallet-lab/internal/wallet/erc20.go:114.2,115.16 2 27
github.com/a861252012/testnet-wallet-lab/internal/wallet/erc20.go:115.16,117.3 1 0
github.com/a861252012/testnet-wallet-lab/internal/wallet/erc20.go:118.2,119.84 2 27
github.com/a861252012/testnet-wallet-lab/internal/wallet/erc20.go:119.84,121.3 1 0
github.com/a861252012/testnet-wallet-lab/internal/wallet/erc20.go:122.2,122.19 1 27
github.com/a861252012/testnet-wallet-lab/internal/wallet/erc20.go:122.19,124.3 1 0
github.com/a861252012/testnet-wallet-lab/internal/wallet/erc20.go:126.2,126.35 1 27
github.com/a861252012/testnet-wallet-lab/internal/wallet/erc20.go:130.119,132.16 2 34
github.com/a861252012/testnet-wallet-lab/internal/wallet/erc20.go:132.16,134.3 1 0
github.com/a861252012/testnet-wallet-lab/internal/wallet/erc20.go:135.2,136.16 2 34
github.com/a861252012/testnet-wallet-lab/internal/wallet/erc20.go:136.16,138.3 1 0
github.com/a861252012/testnet-wallet-lab/internal/wallet/erc20.go:139.2,140.81 2 34
github.com/a861252012/testnet-wallet-lab/internal/wallet/erc20.go:140.81,142.3 1 0
github.com/a861252012/testnet-wallet-lab/internal/wallet/erc20.go:143.2,143.21 1 34
github.com/a861252012/testnet-wallet-lab/internal/wallet/erc20.go:147.126,149.16 2 24
github.com/a861252012/testnet-wallet-lab/internal/wallet/erc20.go:149.16,151.3 1 0
github.com/a861252012/testnet-wallet-lab/internal/wallet/erc20.go:152.2,153.16 2 24
github.com/a861252012/testnet-wallet-lab/internal/wallet/erc20.go:153.16,155.3 1 0
github.com/a861252012/testnet-wallet-lab/internal/wallet/erc20.go:156.2,157.83 2 24
github.com/a861252012/testnet-wallet-lab/internal/wallet/erc20.go:157.83,159.3 1 0
github.com/a861252012/testnet-wallet-lab/internal/wallet/erc20.go:160.2,160.23 1 24
github.com/a861252012/testnet-wallet-lab/internal/wallet/erc20.go:166.109,168.16 2 22
github.com/a861252012/testnet-wallet-lab/internal/wallet/erc20.go:168.16,170.3 1 0
github.com/a861252012/testnet-wallet-lab/internal/wallet/erc20.go:172.2,172.19 1 22
github.com/a861252012/testnet-wallet-lab/internal/wallet/erc20.go:172.19,174.3 1 1
github.com/a861252012/testnet-wallet-lab/internal/wallet/erc20.go:176.2,176.20 1 21
github.com/a861252012/testnet-wallet-lab/internal/wallet/erc20.go:176.20,178.34 2 21
github.com/a861252012/testnet-wallet-lab/internal/wallet/erc20.go:178.34,180.4 1 3
github.com/a861252012/testnet-wallet-lab/internal/wallet/erc20.go:181.3,181.13 1 18
github.com/a861252012/testnet-wallet-lab/internal/wallet/erc20.go:183.2,183.28 1 0
github.com/a861252012/testnet-wallet-lab/internal/wallet/erc20.go:187.79,188.21 1 31
github.com/a861252012/testnet-wallet-lab/internal/wallet/erc20.go:188.21,190.3 1 10
github.com/a861252012/testnet-wallet-lab/internal/wallet/erc20.go:191.2,196.46 4 21
github.com/a861252012/testnet-wallet-lab/internal/wallet/erc20.go:196.46,198.39 2 11
github.com/a861252012/testnet-wallet-lab/internal/wallet/erc20.go:198.39,200.4 1 0
github.com/a861252012/testnet-wallet-lab/internal/wallet/erc20.go:201.3,203.19 3 11
github.com/a861252012/testnet-wallet-lab/internal/wallet/erc20.go:203.19,205.4 1 0
github.com/a861252012/testnet-wallet-lab/internal/wallet/erc20.go:206.3,211.9 1 11
github.com/a861252012/testnet-wallet-lab/internal/wallet/erc20.go:214.2,214.45 1 10
github.com/a861252012/testnet-wallet-lab/internal/wallet/erc20.go:214.45,216.39 2 10
github.com/a861252012/testnet-wallet-lab/internal/wallet/erc20.go:216.39,218.4 1 0
github.com/a861252012/testnet-wallet-lab/internal/wallet/erc20.go:219.3,221.19 3 10
github.com/a861252012/testnet-wallet-lab/internal/wallet/erc20.go:221.19,223.4 1 0
github.com/a861252012/testnet-wallet-lab/internal/wallet/erc20.go:224.3,229.9 1 10
github.com/a861252012/testnet-wallet-lab/internal/wallet/erc20.go:232.2,232.59 1 0
github.com/a861252012/testnet-wallet-lab/internal/wallet/exchange.go:23.34,32.16 2 1
github.com/a861252012/testnet-wallet-lab/internal/wallet/exchange.go:32.16,33.13 1 0
github.com/a861252012/testnet-wallet-lab/internal/wallet/exchange.go:35.2,35.10 1 1
github.com/a861252012/testnet-wallet-lab/internal/wallet/exchange.go:81.65,82.17 1 57
github.com/a861252012/testnet-wallet-lab/internal/wallet/exchange.go:83.40,84.25 1 18
github.com/a861252012/testnet-wallet-lab/internal/wallet/exchange.go:85.40,86.24 1 23
github.com/a861252012/testnet-wallet-lab/internal/wallet/exchange.go:87.10,88.89 1 16
github.com/a861252012/testnet-wallet-lab/internal/wallet/exchange.go:93.133,98.68 5 18
github.com/a861252012/testnet-wallet-lab/internal/wallet/exchange.go:98.68,99.90 1 2
github.com/a861252012/testnet-wallet-lab/internal/wallet/exchange.go:99.90,101.4 1 0
github.com/a861252012/testnet-wallet-lab/internal/wallet/exchange.go:102.3,102.81 1 2
github.com/a861252012/testnet-wallet-lab/internal/wallet/exchange.go:102.81,104.4 1 0
github.com/a861252012/testnet-wallet-lab/internal/wallet/exchange.go:105.3,106.17 2 2
github.com/a861252012/testnet-wallet-lab/internal/wallet/exchange.go:106.17,108.4 1 0
github.com/a861252012/testnet-wallet-lab/internal/wallet/exchange.go:109.3,109.25 1 2
github.com/a861252012/testnet-wallet-lab/internal/wallet/exchange.go:109.25,111.4 1 0
github.com/a861252012/testnet-wallet-lab/internal/wallet/exchange.go:112.3,112.67 1 2
github.com/a861252012/testnet-wallet-lab/internal/wallet/exchange.go:112.67,114.4 1 0
github.com/a861252012/testnet-wallet-lab/internal/wallet/exchange.go:115.3,116.35 2 2
github.com/a861252012/testnet-wallet-lab/internal/wallet/exchange.go:116.35,119.4 2 1
github.com/a861252012/testnet-wallet-lab/internal/wallet/exchange.go:119.9,124.18 5 1
github.com/a861252012/testnet-wallet-lab/internal/wallet/exchange.go:124.18,126.5 1 0
github.com/a861252012/testnet-wallet-lab/internal/wallet/exchange.go:127.4,127.31 1 1
github.com/a861252012/testnet-wallet-lab/internal/wallet/exchange.go:127.31,129.5 1 0
github.com/a861252012/testnet-wallet-lab/internal/wallet/exchange.go:131.3,131.17 1 2
github.com/a861252012/testnet-wallet-lab/internal/wallet/exchange.go:131.17,133.4 1 0
github.com/a861252012/testnet-wallet-lab/internal/wallet/exchange.go:134.3,134.133 1 2
github.com/a861252012/testnet-wallet-lab/internal/wallet/exchange.go:135.8,135.41 1 16
github.com/a861252012/testnet-wallet-lab/internal/wallet/exchange.go:135.41,138.16 3 16
github.com/a861252012/testnet-wallet-lab/internal/wallet/exchange.go:138.16,140.4 1 0
github.com/a861252012/testnet-wallet-lab/internal/wallet/exchange.go:141.3,142.17 2 16
github.com/a861252012/testnet-wallet-lab/internal/wallet/exchange.go:142.17,144.4 1 0
github.com/a861252012/testnet-wallet-lab/internal/wallet/exchange.go:145.3,147.17 3 16
github.com/a861252012/testnet-wallet-lab/internal/wallet/exchange.go:147.17,149.4 1 1
github.com/a861252012/testnet-wallet-lab/internal/wallet/exchange.go:150.3,150.59 1 15
github.com/a861252012/testnet-wallet-lab/internal/wallet/exchange.go:150.59,152.4 1 2
github.com/a861252012/testnet-wallet-lab/internal/wallet/exchange.go:153.3,153.110 1 13
github.com/a861252012/testnet-wallet-lab/internal/wallet/exchange.go:153.110,155.4 1 1
github.com/a861252012/testnet-wallet-lab/internal/wallet/exchange.go:156.3,157.17 2 12
github.com/a861252012/testnet-wallet-lab/internal/wallet/exchange.go:157.17,159.4 1 0
github.com/a861252012/testnet-wallet-lab/internal/wallet/exchange.go:160.3,160.25 1 12
github.com/a861252012/testnet-wallet-lab/internal/wallet/exchange.go:160.25,162.4 1 1
github.com/a861252012/testnet-wallet-lab/internal/wallet/exchange.go:163.3,164.78 2 11
github.com/a861252012/testnet-wallet-lab/internal/wallet/exchange.go:164.78,165.71 1 55
github.com/a861252012/testnet-wallet-lab/internal/wallet/exchange.go:165.71,167.5 1 0
github.com/a861252012/testnet-wallet-lab/internal/wallet/exchange.go:169.3,170.17 2 11
github.com/a861252012/testnet-wallet-lab/internal/wallet/exchange.go:170.17,172.4 1 0
github.com/a861252012/testnet-wallet-lab/internal/wallet/exchange.go:173.3,173.30 1 11
github.com/a861252012/testnet-wallet-lab/internal/wallet/exchange.go:173.30,175.4 1 1
github.com/a861252012/testnet-wallet-lab/internal/wallet/exchange.go:176.3,177.17 2 10
github.com/a861252012/testnet-wallet-lab/internal/wallet/exchange.go:177.17,179.4 1 0
github.com/a861252012/testnet-wallet-lab/internal/wallet/exchange.go:180.3,180.32 1 10
github.com/a861252012/testnet-wallet-lab/internal/wallet/exchange.go:180.32,182.4 1 1
github.com/a861252012/testnet-wallet-lab/internal/wallet/exchange.go:183.3,185.17 3 9
github.com/a861252012/testnet-wallet-lab/internal/wallet/exchange.go:185.17,187.4 1 1
github.com/a861252012/testnet-wallet-lab/internal/wallet/exchange.go:189.3,190.26 2 8
github.com/a861252012/testnet-wallet-lab/internal/wallet/exchange.go:190.26,192.4 1 1
github.com/a861252012/testnet-wallet-lab/internal/wallet/exchange.go:193.3,194.17 2 7
github.com/a861252012/testnet-wallet-lab/internal/wallet/exchange.go:194.17,196.4 1 0
github.com/a861252012/testnet-wallet-lab/internal/wallet/exchange.go:197.3,199.17 3 7
github.com/a861252012/testnet-wallet-lab/internal/wallet/exchange.go:199.17,201.4 1 0
github.com/a861252012/testnet-wallet-lab/internal/wallet/exchange.go:202.3,205.134 4 7
github.com/a861252012/testnet-wallet-lab/internal/wallet/exchange.go:206.8,208.3 1 0
github.com/a861252012/testnet-wallet-lab/internal/wallet/exchange.go:209.2,209.119 1 9
github.com/a861252012/testnet-wallet-lab/internal/wallet/exchange.go:209.119,211.3 1 1
github.com/a861252012/testnet-wallet-lab/internal/wallet/exchange.go:212.2,212.15 1 8
github.com/a861252012/testnet-wallet-lab/internal/wallet/exchange.go:215.165,217.16 2 14
github.com/a861252012/testnet-wallet-lab/internal/wallet/exchange.go:217.16,219.3 1 0
github.com/a861252012/testnet-wallet-lab/internal/wallet/exchange.go:220.2,220.22 1 14
github.com/a861252012/testnet-wallet-lab/internal/wallet/exchange.go:220.22,221.23 1 4
github.com/a861252012/testnet-wallet-lab/internal/wallet/exchange.go:221.23,223.4 1 0
github.com/a861252012/testnet-wallet-lab/internal/wallet/exchange.go:224.3,224.13 1 4
github.com/a861252012/testnet-wallet-lab/internal/wallet/exchange.go:226.2,227.36 2 10
github.com/a861252012/testnet-wallet-lab/internal/wallet/exchange.go:227.36,229.3 1 2
github.com/a861252012/testnet-wallet-lab/internal/wallet/exchange.go:230.2,231.55 2 8
github.com/a861252012/testnet-wallet-lab/internal/wallet/exchange.go:231.55,233.3 1 0
github.com/a861252012/testnet-wallet-lab/internal/wallet/exchange.go:234.2,235.59 2 8
github.com/a861252012/testnet-wallet-lab/internal/wallet/exchange.go:235.59,237.3 1 1
github.com/a861252012/testnet-wallet-lab/internal/wallet/exchange.go:238.2,238.12 1 7
github.com/a861252012/testnet-wallet-lab/internal/wallet/exchange.go:241.84,242.41 1 7
github.com/a861252012/testnet-wallet-lab/internal/wallet/exchange.go:242.41,244.3 1 0
github.com/a861252012/testnet-wallet-lab/internal/wallet/exchange.go:245.2,245.48 1 7
github.com/a861252012/testnet-wallet-lab/internal/wallet/exchange.go:245.48,247.17 2 6
github.com/a861252012/testnet-wallet-lab/internal/wallet/exchange.go:247.17,249.4 1 0
github.com/a861252012/testnet-wallet-lab/internal/wallet/exchange.go:250.3,250.35 1 6
github.com/a861252012/testnet-wallet-lab/internal/wallet/exchange.go:250.35,252.4 1 1
github.com/a861252012/testnet-wallet-lab/internal/wallet/exchange.go:254.2,254.24 1 6
github.com/a861252012/testnet-wallet-lab/internal/wallet/exchange.go:254.24,256.17 2 4
github.com/a861252012/testnet-wallet-lab/internal/wallet/exchange.go:256.17,258.4 1 0
github.com/a861252012/testnet-wallet-lab/internal/wallet/exchange.go:259.3,259.37 1 4
github.com/a861252012/testnet-wallet-lab/internal/wallet/exchange.go:259.37,261.4 1 1
github.com/a861252012/testnet-wallet-lab/internal/wallet/exchange.go:263.2,263.103 1 5
github.com/a861252012/testnet-wallet-lab/internal/wallet/exchange.go:266.145,269.16 3 13
github.com/a861252012/testnet-wallet-lab/internal/wallet/exchange.go:269.16,271.3 1 0
github.com/a861252012/testnet-wallet-lab/internal/wallet/exchange.go:272.2,273.16 2 13
github.com/a861252012/testnet-wallet-lab/internal/wallet/exchange.go:273.16,275.3 1 0
github.com/a861252012/testnet-wallet-lab/internal/wallet/exchange.go:276.2,277.40 2 13
github.com/a861252012/testnet-wallet-lab/internal/wallet/exchange.go:277.40,279.3 1 0
github.com/a861252012/testnet-wallet-lab/internal/wallet/exchange.go:280.2,281.32 2 13
github.com/a861252012/testnet-wallet-lab/internal/wallet/exchange.go:281.32,283.3 1 1
github.com/a861252012/testnet-wallet-lab/internal/wallet/exchange.go:284.2,285.16 2 12
github.com/a861252012/testnet-wallet-lab/internal/wallet/exchange.go:285.16,287.3 1 0
github.com/a861252012/testnet-wallet-lab/internal/wallet/exchange.go:288.2,289.16 2 12
github.com/a861252012/testnet-wallet-lab/internal/wallet/exchange.go:289.16,291.3 1 0
github.com/a861252012/testnet-wallet-lab/internal/wallet/exchange.go:292.2,293.36 2 12
github.com/a861252012/testnet-wallet-lab/internal/wallet/exchange.go:293.36,295.3 1 0
github.com/a861252012/testnet-wallet-lab/internal/wallet/exchange.go:296.2,297.28 2 12
github.com/a861252012/testnet-wallet-lab/internal/wallet/faucet.go:26.73,27.21 1 6
github.com/a861252012/testnet-wallet-lab/internal/wallet/faucet.go:27.21,29.3 1 0
github.com/a861252012/testnet-wallet-lab/internal/wallet/faucet.go:30.2,31.49 2 6
github.com/a861252012/testnet-wallet-lab/internal/wallet/faucet.go:31.49,33.3 1 0
github.com/a861252012/testnet-wallet-lab/internal/wallet/faucet.go:34.2,35.16 2 6
github.com/a861252012/testnet-wallet-lab/internal/wallet/faucet.go:35.16,37.3 1 0
github.com/a861252012/testnet-wallet-lab/internal/wallet/faucet.go:38.2,39.19 2 6
github.com/a861252012/testnet-wallet-lab/internal/wallet/faucet.go:39.19,41.3 1 0
github.com/a861252012/testnet-wallet-lab/internal/wallet/faucet.go:42.2,45.46 4 6
github.com/a861252012/testnet-wallet-lab/internal/wallet/faucet.go:45.46,46.48 1 7
github.com/a861252012/testnet-wallet-lab/internal/wallet/faucet.go:46.48,47.12 1 0
github.com/a861252012/testnet-wallet-lab/internal/wallet/faucet.go:49.3,49.112 1 7
github.com/a861252012/testnet-wallet-lab/internal/wallet/faucet.go:49.112,50.12 1 6
github.com/a861252012/testnet-wallet-lab/internal/wallet/faucet.go:52.3,53.84 2 1
github.com/a861252012/testnet-wallet-lab/internal/wallet/faucet.go:53.84,56.4 2 1
github.com/a861252012/testnet-wallet-lab/internal/wallet/faucet.go:58.2,59.21 2 6
github.com/a861252012/testnet-wallet-lab/internal/wallet/faucet.go:59.21,62.3 2 1
github.com/a861252012/testnet-wallet-lab/internal/wallet/faucet.go:63.2,63.18 1 5
github.com/a861252012/testnet-wallet-lab/internal/wallet/faucet.go:63.18,65.3 1 0
github.com/a861252012/testnet-wallet-lab/internal/wallet/faucet.go:66.2,66.53 1 5
github.com/a861252012/testnet-wallet-lab/internal/wallet/faucet.go:66.53,68.3 1 1
github.com/a861252012/testnet-wallet-lab/internal/wallet/faucet.go:69.2,70.16 2 4
github.com/a861252012/testnet-wallet-lab/internal/wallet/faucet.go:70.16,71.43 1 0
github.com/a861252012/testnet-wallet-lab/internal/wallet/faucet.go:71.43,73.4 1 0
github.com/a861252012/testnet-wallet-lab/internal/wallet/faucet.go:74.3,74.18 1 0
github.com/a861252012/testnet-wallet-lab/internal/wallet/faucet.go:76.2,77.60 2 4
github.com/a861252012/testnet-wallet-lab/internal/wallet/faucet.go:77.60,79.3 1 0
github.com/a861252012/testnet-wallet-lab/internal/wallet/faucet.go:80.2,80.57 1 4
github.com/a861252012/testnet-wallet-lab/internal/wallet/faucet.go:83.110,84.21 1 9
github.com/a861252012/testnet-wallet-lab/internal/wallet/faucet.go:84.21,86.3 1 0
github.com/a861252012/testnet-wallet-lab/internal/wallet/faucet.go:87.2,89.17 3 9
github.com/a861252012/testnet-wallet-lab/internal/wallet/faucet.go:90.23,91.19 1 8
github.com/a861252012/testnet-wallet-lab/internal/wallet/faucet.go:92.77,93.20 1 0
github.com/a861252012/testnet-wallet-lab/internal/wallet/faucet.go:94.27,95.17 1 0
github.com/a861252012/testnet-wallet-lab/internal/wallet/faucet.go:96.10,97.28 1 1
github.com/a861252012/testnet-wallet-lab/internal/wallet/faucet.go:99.2,100.39 2 8
github.com/a861252012/testnet-wallet-lab/internal/wallet/faucet.go:100.39,102.3 1 0
github.com/a861252012/testnet-wallet-lab/internal/wallet/faucet.go:103.2,103.40 1 8
github.com/a861252012/testnet-wallet-lab/internal/wallet/faucet.go:103.40,105.3 1 0
github.com/a861252012/testnet-wallet-lab/internal/wallet/faucet.go:106.2,107.51 2 8
github.com/a861252012/testnet-wallet-lab/internal/wallet/faucet.go:107.51,109.3 1 3
github.com/a861252012/testnet-wallet-lab/internal/wallet/faucet.go:109.8,109.30 1 5
github.com/a861252012/testnet-wallet-lab/internal/wallet/faucet.go:109.30,111.3 1 1
github.com/a861252012/testnet-wallet-lab/internal/wallet/faucet.go:112.2,113.16 2 7
github.com/a861252012/testnet-wallet-lab/internal/wallet/faucet.go:113.16,115.3 1 0
github.com/a861252012/testnet-wallet-lab/internal/wallet/faucet.go:116.2,117.35 2 7
github.com/a861252012/testnet-wallet-lab/internal/wallet/faucet.go:117.35,118.75 1 7
github.com/a861252012/testnet-wallet-lab/internal/wallet/faucet.go:118.75,120.4 1 6
github.com/a861252012/testnet-wallet-lab/internal/wallet/faucet.go:122.2,122.12 1 7
github.com/a861252012/testnet-wallet-lab/internal/wallet/faucet.go:122.12,124.3 1 1
github.com/a861252012/testnet-wallet-lab/internal/wallet/faucet.go:125.2,126.16 2 6
github.com/a861252012/testnet-wallet-lab/internal/wallet/faucet.go:126.16,128.3 1 0
github.com/a861252012/testnet-wallet-lab/internal/wallet/faucet.go:129.2,129.40 1 6
github.com/a861252012/testnet-wallet-lab/internal/wallet/faucet.go:129.40,131.3 1 0
github.com/a861252012/testnet-wallet-lab/internal/wallet/faucet.go:133.2,134.50 2 6
github.com/a861252012/testnet-wallet-lab/internal/wallet/faucet.go:134.50,136.53 2 3
github.com/a861252012/testnet-wallet-lab/internal/wallet/faucet.go:136.53,137.12 1 0
github.com/a861252012/testnet-wallet-lab/internal/wallet/faucet.go:139.3,139.100 1 3
github.com/a861252012/testnet-wallet-lab/internal/wallet/faucet.go:139.100,140.12 1 1
github.com/a861252012/testnet-wallet-lab/internal/wallet/faucet.go:142.3,143.140 2 2
github.com/a861252012/testnet-wallet-lab/internal/wallet/faucet.go:143.140,145.4 1 2
github.com/a861252012/testnet-wallet-lab/internal/wallet/faucet.go:147.2,147.18 1 4
github.com/a861252012/testnet-wallet-lab/internal/wallet/faucet.go:147.18,149.3 1 0
github.com/a861252012/testnet-wallet-lab/internal/wallet/faucet.go:150.2,150.47 1 4
github.com/a861252012/testnet-wallet-lab/internal/wallet/faucet.go:150.47,152.3 1 0
github.com/a861252012/testnet-wallet-lab/internal/wallet/faucet.go:153.2,154.16 2 4
github.com/a861252012/testnet-wallet-lab/internal/wallet/faucet.go:154.16,155.43 1 0
github.com/a861252012/testnet-wallet-lab/internal/wallet/faucet.go:155.43,157.4 1 0
github.com/a861252012/testnet-wallet-lab/internal/wallet/faucet.go:158.3,158.18 1 0
github.com/a861252012/testnet-wallet-lab/internal/wallet/faucet.go:160.2,161.36 2 4
github.com/a861252012/testnet-wallet-lab/internal/wallet/faucet.go:161.36,163.34 2 0
github.com/a861252012/testnet-wallet-lab/internal/wallet/faucet.go:163.34,165.4 1 0
github.com/a861252012/testnet-wallet-lab/internal/wallet/faucet.go:166.3,166.23 1 0
github.com/a861252012/testnet-wallet-lab/internal/wallet/faucet.go:168.2,169.36 2 4
github.com/a861252012/testnet-wallet-lab/internal/wallet/faucet.go:169.36,171.3 1 0
github.com/a861252012/testnet-wallet-lab/internal/wallet/faucet.go:171.8,171.56 1 4
github.com/a861252012/testnet-wallet-lab/internal/wallet/faucet.go:171.56,173.3 1 2
github.com/a861252012/testnet-wallet-lab/internal/wallet/faucet.go:174.2,175.47 2 4
github.com/a861252012/testnet-wallet-lab/internal/wallet/faucet.go:175.47,177.3 1 1
github.com/a861252012/testnet-wallet-lab/internal/wallet/faucet.go:178.2,178.47 1 3
github.com/a861252012/testnet-wallet-lab/internal/wallet/faucet.go:181.93,183.16 2 2
github.com/a861252012/testnet-wallet-lab/internal/wallet/faucet.go:183.16,185.3 1 0
github.com/a861252012/testnet-wallet-lab/internal/wallet/faucet.go:186.2,187.19 2 2
github.com/a861252012/testnet-wallet-lab/internal/wallet/faucet.go:187.19,189.3 1 0
github.com/a861252012/testnet-wallet-lab/internal/wallet/faucet.go:190.2,190.37 1 2
github.com/a861252012/testnet-wallet-lab/internal/wallet/faucet.go:190.37,192.3 1 1
github.com/a861252012/testnet-wallet-lab/internal/wallet/faucet.go:193.2,194.16 2 1
github.com/a861252012/testnet-wallet-lab/internal/wallet/faucet.go:194.16,196.3 1 0
github.com/a861252012/testnet-wallet-lab/internal/wallet/faucet.go:197.2,198.16 2 1
github.com/a861252012/testnet-wallet-lab/internal/wallet/faucet.go:198.16,200.3 1 0
github.com/a861252012/testnet-wallet-lab/internal/wallet/faucet.go:201.2,201.103 1 1
github.com/a861252012/testnet-wallet-lab/internal/wallet/journal.go:40.94,41.19 1 2607
github.com/a861252012/testnet-wallet-lab/internal/wallet/journal.go:41.19,43.3 1 0
github.com/a861252012/testnet-wallet-lab/internal/wallet/journal.go:44.2,45.16 2 2607
github.com/a861252012/testnet-wallet-lab/internal/wallet/journal.go:45.16,47.3 1 0
github.com/a861252012/testnet-wallet-lab/internal/wallet/journal.go:48.2,49.16 2 2607
github.com/a861252012/testnet-wallet-lab/internal/wallet/journal.go:49.16,51.3 1 0
github.com/a861252012/testnet-wallet-lab/internal/wallet/journal.go:52.2,53.21 2 2607
github.com/a861252012/testnet-wallet-lab/internal/wallet/journal.go:53.21,55.17 2 6
github.com/a861252012/testnet-wallet-lab/internal/wallet/journal.go:55.17,57.4 1 0
github.com/a861252012/testnet-wallet-lab/internal/wallet/journal.go:58.3,58.14 1 6
github.com/a861252012/testnet-wallet-lab/internal/wallet/journal.go:60.2,61.16 2 2607
github.com/a861252012/testnet-wallet-lab/internal/wallet/journal.go:61.16,63.3 1 0
github.com/a861252012/testnet-wallet-lab/internal/wallet/journal.go:64.2,65.25 2 2607
github.com/a861252012/testnet-wallet-lab/internal/wallet/journal.go:65.25,67.17 2 7
github.com/a861252012/testnet-wallet-lab/internal/wallet/journal.go:67.17,69.4 1 0
github.com/a861252012/testnet-wallet-lab/internal/wallet/journal.go:71.2,72.18 2 2607
github.com/a861252012/testnet-wallet-lab/internal/wallet/journal.go:72.18,74.3 1 1
github.com/a861252012/testnet-wallet-lab/internal/wallet/journal.go:75.2,82.63 2 2607
github.com/a861252012/testnet-wallet-lab/internal/wallet/journal.go:82.63,84.3 1 0
github.com/a861252012/testnet-wallet-lab/internal/wallet/journal.go:85.2,85.20 1 2607
github.com/a861252012/testnet-wallet-lab/internal/wallet/journal.go:88.68,89.19 1 2902
github.com/a861252012/testnet-wallet-lab/internal/wallet/journal.go:89.19,91.3 1 0
github.com/a861252012/testnet-wallet-lab/internal/wallet/journal.go:92.2,98.3 1 2902
github.com/a861252012/testnet-wallet-lab/internal/wallet/journal.go:101.72,102.19 1 2672
github.com/a861252012/testnet-wallet-lab/internal/wallet/journal.go:102.19,104.3 1 0
github.com/a861252012/testnet-wallet-lab/internal/wallet/journal.go:105.2,105.70 1 2672
github.com/a861252012/testnet-wallet-lab/internal/wallet/journal.go:105.70,107.3 1 0
github.com/a861252012/testnet-wallet-lab/internal/wallet/journal.go:108.2,108.69 1 2672
github.com/a861252012/testnet-wallet-lab/internal/wallet/journal.go:108.69,110.3 1 0
github.com/a861252012/testnet-wallet-lab/internal/wallet/journal.go:111.2,111.21 1 2672
github.com/a861252012/testnet-wallet-lab/internal/wallet/journal.go:111.21,112.63 1 71
github.com/a861252012/testnet-wallet-lab/internal/wallet/journal.go:112.63,114.4 1 0
github.com/a861252012/testnet-wallet-lab/internal/wallet/journal.go:116.2,116.67 1 2672
github.com/a861252012/testnet-wallet-lab/internal/wallet/journal.go:116.67,118.3 1 1
github.com/a861252012/testnet-wallet-lab/internal/wallet/journal.go:119.2,119.25 1 2671
github.com/a861252012/testnet-wallet-lab/internal/wallet/journal.go:119.25,120.74 1 71
github.com/a861252012/testnet-wallet-lab/internal/wallet/journal.go:120.74,122.4 1 0
github.com/a861252012/testnet-wallet-lab/internal/wallet/journal.go:124.2,125.16 2 2671
github.com/a861252012/testnet-wallet-lab/internal/wallet/journal.go:125.16,127.3 1 0
github.com/a861252012/testnet-wallet-lab/internal/wallet/journal.go:128.2,129.124 2 2671
github.com/a861252012/testnet-wallet-lab/internal/wallet/journal.go:129.124,131.3 1 0
github.com/a861252012/testnet-wallet-lab/internal/wallet/journal.go:132.2,132.12 1 2671
github.com/a861252012/testnet-wallet-lab/internal/wallet/journal.go:135.51,137.2 1 5610
github.com/a861252012/testnet-wallet-lab/internal/wallet/journal.go:148.86,154.23 3 118
github.com/a861252012/testnet-wallet-lab/internal/wallet/journal.go:154.23,156.3 1 114
github.com/a861252012/testnet-wallet-lab/internal/wallet/journal.go:157.2,157.34 1 118
github.com/a861252012/testnet-wallet-lab/internal/wallet/journal.go:157.34,159.3 1 0
github.com/a861252012/testnet-wallet-lab/internal/wallet/journal.go:160.2,160.42 1 118
github.com/a861252012/testnet-wallet-lab/internal/wallet/journal.go:160.42,162.3 1 0
github.com/a861252012/testnet-wallet-lab/internal/wallet/journal.go:163.2,163.16 1 118
github.com/a861252012/testnet-wallet-lab/internal/wallet/journal.go:166.48,168.2 1 287
github.com/a861252012/testnet-wallet-lab/internal/wallet/journal.go:170.40,173.16 3 118
github.com/a861252012/testnet-wallet-lab/internal/wallet/journal.go:173.16,174.25 1 109
github.com/a861252012/testnet-wallet-lab/internal/wallet/journal.go:174.25,176.4 1 109
github.com/a861252012/testnet-wallet-lab/internal/wallet/journal.go:177.3,177.13 1 0
github.com/a861252012/testnet-wallet-lab/internal/wallet/journal.go:179.2,180.54 2 9
github.com/a861252012/testnet-wallet-lab/internal/wallet/journal.go:180.54,182.3 1 0
github.com/a861252012/testnet-wallet-lab/internal/wallet/journal.go:183.2,183.24 1 9
github.com/a861252012/testnet-wallet-lab/internal/wallet/journal.go:183.24,185.3 1 0
github.com/a861252012/testnet-wallet-lab/internal/wallet/journal.go:186.2,187.30 2 9
github.com/a861252012/testnet-wallet-lab/internal/wallet/journal.go:187.30,189.17 2 1007
github.com/a861252012/testnet-wallet-lab/internal/wallet/journal.go:189.17,191.4 1 0
github.com/a861252012/testnet-wallet-lab/internal/wallet/journal.go:192.3,192.36 1 1007
github.com/a861252012/testnet-wallet-lab/internal/wallet/journal.go:194.2,195.12 2 9
github.com/a861252012/testnet-wallet-lab/internal/wallet/journal.go:198.79,199.32 1 663
github.com/a861252012/testnet-wallet-lab/internal/wallet/journal.go:199.32,200.13 1 2401
github.com/a861252012/testnet-wallet-lab/internal/wallet/journal.go:200.13,202.4 1 1
github.com/a861252012/testnet-wallet-lab/internal/wallet/journal.go:204.2,204.31 1 662
github.com/a861252012/testnet-wallet-lab/internal/wallet/journal.go:204.31,205.13 1 4514
github.com/a861252012/testnet-wallet-lab/internal/wallet/journal.go:205.13,207.4 1 95
github.com/a861252012/testnet-wallet-lab/internal/wallet/journal.go:212.48,216.53 4 201
github.com/a861252012/testnet-wallet-lab/internal/wallet/journal.go:216.53,217.35 1 1964
github.com/a861252012/testnet-wallet-lab/internal/wallet/journal.go:217.35,219.4 1 1913
github.com/a861252012/testnet-wallet-lab/internal/wallet/journal.go:220.3,220.14 1 1964
github.com/a861252012/testnet-wallet-lab/internal/wallet/journal.go:222.2,223.53 2 201
github.com/a861252012/testnet-wallet-lab/internal/wallet/journal.go:223.53,224.22 1 1948
github.com/a861252012/testnet-wallet-lab/internal/wallet/journal.go:224.22,227.4 2 27
github.com/a861252012/testnet-wallet-lab/internal/wallet/journal.go:228.3,228.14 1 1921
github.com/a861252012/testnet-wallet-lab/internal/wallet/journal.go:230.2,230.17 1 201
github.com/a861252012/testnet-wallet-lab/internal/wallet/journal.go:234.72,236.16 2 96
github.com/a861252012/testnet-wallet-lab/internal/wallet/journal.go:236.16,238.3 1 0
github.com/a861252012/testnet-wallet-lab/internal/wallet/journal.go:239.2,242.53 4 96
github.com/a861252012/testnet-wallet-lab/internal/wallet/journal.go:242.53,243.22 1 1035
github.com/a861252012/testnet-wallet-lab/internal/wallet/journal.go:243.22,247.4 3 9
github.com/a861252012/testnet-wallet-lab/internal/wallet/journal.go:248.3,248.14 1 1026
github.com/a861252012/testnet-wallet-lab/internal/wallet/journal.go:250.2,250.15 1 96
github.com/a861252012/testnet-wallet-lab/internal/wallet/journal.go:254.66,256.16 2 60
github.com/a861252012/testnet-wallet-lab/internal/wallet/journal.go:256.16,258.3 1 0
github.com/a861252012/testnet-wallet-lab/internal/wallet/journal.go:259.2,262.53 4 60
github.com/a861252012/testnet-wallet-lab/internal/wallet/journal.go:262.53,263.19 1 60
github.com/a861252012/testnet-wallet-lab/internal/wallet/journal.go:263.19,267.4 3 60
github.com/a861252012/testnet-wallet-lab/internal/wallet/journal.go:268.3,268.14 1 0
github.com/a861252012/testnet-wallet-lab/internal/wallet/journal.go:270.2,270.15 1 60
github.com/a861252012/testnet-wallet-lab/internal/wallet/journal.go:275.79,279.29 3 66
github.com/a861252012/testnet-wallet-lab/internal/wallet/journal.go:279.29,281.3 1 1
github.com/a861252012/testnet-wallet-lab/internal/wallet/journal.go:282.2,282.66 1 65
github.com/a861252012/testnet-wallet-lab/internal/wallet/journal.go:282.66,284.3 1 1
github.com/a861252012/testnet-wallet-lab/internal/wallet/journal.go:286.2,290.50 5 64
github.com/a861252012/testnet-wallet-lab/internal/wallet/journal.go:290.50,292.3 1 2
github.com/a861252012/testnet-wallet-lab/internal/wallet/journal.go:293.2,294.32 2 62
github.com/a861252012/testnet-wallet-lab/internal/wallet/journal.go:298.129,300.16 2 30
github.com/a861252012/testnet-wallet-lab/internal/wallet/journal.go:300.16,302.3 1 0
github.com/a861252012/testnet-wallet-lab/internal/wallet/journal.go:303.2,308.36 5 30
github.com/a861252012/testnet-wallet-lab/internal/wallet/journal.go:308.36,310.32 2 46
github.com/a861252012/testnet-wallet-lab/internal/wallet/journal.go:310.32,318.4 7 30
github.com/a861252012/testnet-wallet-lab/internal/wallet/journal.go:319.3,319.18 1 46
github.com/a861252012/testnet-wallet-lab/internal/wallet/journal.go:321.2,321.12 1 30
github.com/a861252012/testnet-wallet-lab/internal/wallet/journal.go:321.12,323.3 1 0
github.com/a861252012/testnet-wallet-lab/internal/wallet/journal.go:324.2,324.44 1 30
github.com/a861252012/testnet-wallet-lab/internal/wallet/journal.go:324.44,326.3 1 0
github.com/a861252012/testnet-wallet-lab/internal/wallet/journal.go:327.2,328.12 2 30
github.com/a861252012/testnet-wallet-lab/internal/wallet/journal.go:332.55,338.28 5 23
github.com/a861252012/testnet-wallet-lab/internal/wallet/journal.go:338.28,339.35 1 1813
github.com/a861252012/testnet-wallet-lab/internal/wallet/journal.go:339.35,341.4 1 1802
github.com/a861252012/testnet-wallet-lab/internal/wallet/journal.go:343.2,344.28 2 23
github.com/a861252012/testnet-wallet-lab/internal/wallet/journal.go:344.28,357.73 2 1813
github.com/a861252012/testnet-wallet-lab/internal/wallet/journal.go:357.73,361.4 3 0
github.com/a861252012/testnet-wallet-lab/internal/wallet/journal.go:365.2,365.58 1 23
github.com/a861252012/testnet-wallet-lab/internal/wallet/journal.go:365.58,365.106 1 2236
github.com/a861252012/testnet-wallet-lab/internal/wallet/journal.go:367.2,367.14 1 23
github.com/a861252012/testnet-wallet-lab/internal/wallet/journal.go:377.56,383.53 5 17
github.com/a861252012/testnet-wallet-lab/internal/wallet/journal.go:383.53,384.50 1 913
github.com/a861252012/testnet-wallet-lab/internal/wallet/journal.go:384.50,386.4 1 900
github.com/a861252012/testnet-wallet-lab/internal/wallet/journal.go:387.3,387.14 1 913
github.com/a861252012/testnet-wallet-lab/internal/wallet/journal.go:389.2,389.47 1 17
github.com/a861252012/testnet-wallet-lab/internal/wallet/journal.go:389.47,391.48 2 113
github.com/a861252012/testnet-wallet-lab/internal/wallet/journal.go:391.48,397.4 1 13
github.com/a861252012/testnet-wallet-lab/internal/wallet/journal.go:399.2,399.14 1 17
github.com/a861252012/testnet-wallet-lab/internal/wallet/journal.go:404.189,406.16 2 79
github.com/a861252012/testnet-wallet-lab/internal/wallet/journal.go:406.16,408.3 1 0
github.com/a861252012/testnet-wallet-lab/internal/wallet/journal.go:409.2,415.36 6 79
github.com/a861252012/testnet-wallet-lab/internal/wallet/journal.go:415.36,417.32 2 89
github.com/a861252012/testnet-wallet-lab/internal/wallet/journal.go:417.32,420.4 2 79
github.com/a861252012/testnet-wallet-lab/internal/wallet/journal.go:421.3,421.18 1 89
github.com/a861252012/testnet-wallet-lab/internal/wallet/journal.go:423.2,423.12 1 79
github.com/a861252012/testnet-wallet-lab/internal/wallet/journal.go:423.12,425.3 1 0
github.com/a861252012/testnet-wallet-lab/internal/wallet/journal.go:428.2,428.39 1 79
github.com/a861252012/testnet-wallet-lab/internal/wallet/journal.go:428.39,430.3 1 6
github.com/a861252012/testnet-wallet-lab/internal/wallet/journal.go:432.2,434.158 2 73
github.com/a861252012/testnet-wallet-lab/internal/wallet/journal.go:434.158,436.3 1 3
github.com/a861252012/testnet-wallet-lab/internal/wallet/journal.go:438.2,446.44 8 70
github.com/a861252012/testnet-wallet-lab/internal/wallet/journal.go:446.44,448.3 1 3
github.com/a861252012/testnet-wallet-lab/internal/wallet/journal.go:449.2,450.18 2 67
github.com/a861252012/testnet-wallet-lab/internal/wallet/journal.go:453.70,455.33 2 168
github.com/a861252012/testnet-wallet-lab/internal/wallet/journal.go:455.33,457.3 1 2101
github.com/a861252012/testnet-wallet-lab/internal/wallet/journal.go:458.2,459.16 2 168
github.com/a861252012/testnet-wallet-lab/internal/wallet/journal.go:459.16,461.3 1 0
github.com/a861252012/testnet-wallet-lab/internal/wallet/journal.go:462.2,462.54 1 168
github.com/a861252012/testnet-wallet-lab/internal/wallet/journal.go:465.70,469.53 4 53
github.com/a861252012/testnet-wallet-lab/internal/wallet/journal.go:469.53,470.23 1 61
github.com/a861252012/testnet-wallet-lab/internal/wallet/journal.go:470.23,472.4 1 61
github.com/a861252012/testnet-wallet-lab/internal/wallet/journal.go:473.3,473.14 1 61
github.com/a861252012/testnet-wallet-lab/internal/wallet/journal.go:475.2,475.16 1 53
github.com/a861252012/testnet-wallet-lab/internal/wallet/journal.go:478.57,482.53 4 34
github.com/a861252012/testnet-wallet-lab/internal/wallet/journal.go:482.53,483.55 1 34
github.com/a861252012/testnet-wallet-lab/internal/wallet/journal.go:483.55,486.4 2 0
github.com/a861252012/testnet-wallet-lab/internal/wallet/journal.go:487.3,487.14 1 34
github.com/a861252012/testnet-wallet-lab/internal/wallet/journal.go:489.2,489.14 1 34
github.com/a861252012/testnet-wallet-lab/internal/wallet/journal.go:493.48,495.16 2 118
github.com/a861252012/testnet-wallet-lab/internal/wallet/journal.go:495.16,497.3 1 0
github.com/a861252012/testnet-wallet-lab/internal/wallet/journal.go:498.2,499.31 2 118
github.com/a861252012/testnet-wallet-lab/internal/wallet/journal.go:499.31,501.3 1 1007
github.com/a861252012/testnet-wallet-lab/internal/wallet/journal.go:502.2,502.29 1 118
github.com/a861252012/testnet-wallet-lab/internal/wallet/journal.go:502.29,504.17 2 2
github.com/a861252012/testnet-wallet-lab/internal/wallet/journal.go:504.17,506.4 1 0
github.com/a861252012/testnet-wallet-lab/internal/wallet/journal.go:507.3,508.43 2 2
github.com/a861252012/testnet-wallet-lab/internal/wallet/journal.go:508.43,510.4 1 0
github.com/a861252012/testnet-wallet-lab/internal/wallet/journal.go:511.3,511.31 1 2
github.com/a861252012/testnet-wallet-lab/internal/wallet/journal.go:511.31,513.18 2 1600
github.com/a861252012/testnet-wallet-lab/internal/wallet/journal.go:513.18,515.5 1 0
github.com/a861252012/testnet-wallet-lab/internal/wallet/journal.go:516.4,516.20 1 1600
github.com/a861252012/testnet-wallet-lab/internal/wallet/journal.go:516.20,518.5 1 0
github.com/a861252012/testnet-wallet-lab/internal/wallet/journal.go:519.4,519.29 1 1600
github.com/a861252012/testnet-wallet-lab/internal/wallet/journal.go:519.29,522.5 2 800
github.com/a861252012/testnet-wallet-lab/internal/wallet/journal.go:525.2,525.12 1 118
github.com/a861252012/testnet-wallet-lab/internal/wallet/journal.go:528.59,531.27 3 14
github.com/a861252012/testnet-wallet-lab/internal/wallet/journal.go:531.27,533.3 1 13
github.com/a861252012/testnet-wallet-lab/internal/wallet/journal.go:534.2,536.53 3 1
github.com/a861252012/testnet-wallet-lab/internal/wallet/journal.go:536.53,537.50 1 900
github.com/a861252012/testnet-wallet-lab/internal/wallet/journal.go:537.50,539.4 1 899
github.com/a861252012/testnet-wallet-lab/internal/wallet/journal.go:540.3,540.14 1 900
github.com/a861252012/testnet-wallet-lab/internal/wallet/journal.go:542.2,542.31 1 1
github.com/a861252012/testnet-wallet-lab/internal/wallet/journal.go:542.31,543.75 1 900
github.com/a861252012/testnet-wallet-lab/internal/wallet/journal.go:543.75,545.23 2 800
github.com/a861252012/testnet-wallet-lab/internal/wallet/journal.go:545.23,548.5 2 0
github.com/a861252012/testnet-wallet-lab/internal/wallet/journal.go:549.4,549.36 1 800
github.com/a861252012/testnet-wallet-lab/internal/wallet/journal.go:550.9,552.4 1 100
github.com/a861252012/testnet-wallet-lab/internal/wallet/journal.go:554.2,554.23 1 1
github.com/a861252012/testnet-wallet-lab/internal/wallet/journal.go:554.23,556.3 1 0
github.com/a861252012/testnet-wallet-lab/internal/wallet/journal.go:557.2,558.33 2 1
github.com/a861252012/testnet-wallet-lab/internal/wallet/journal.go:558.33,560.3 1 800
github.com/a861252012/testnet-wallet-lab/internal/wallet/journal.go:561.2,562.16 2 1
github.com/a861252012/testnet-wallet-lab/internal/wallet/journal.go:562.16,564.3 1 0
github.com/a861252012/testnet-wallet-lab/internal/wallet/journal.go:565.2,566.58 2 1
github.com/a861252012/testnet-wallet-lab/internal/wallet/journal.go:566.58,568.3 1 0
github.com/a861252012/testnet-wallet-lab/internal/wallet/journal.go:569.2,569.44 1 1
github.com/a861252012/testnet-wallet-lab/internal/wallet/journal.go:569.44,571.3 1 0
github.com/a861252012/testnet-wallet-lab/internal/wallet/journal.go:572.2,574.26 3 1
github.com/a861252012/testnet-wallet-lab/internal/wallet/keystore.go:35.82,36.18 1 153
github.com/a861252012/testnet-wallet-lab/internal/wallet/keystore.go:36.18,38.3 1 12
github.com/a861252012/testnet-wallet-lab/internal/wallet/keystore.go:39.2,39.18 1 153
github.com/a861252012/testnet-wallet-lab/internal/wallet/keystore.go:39.18,41.3 1 12
github.com/a861252012/testnet-wallet-lab/internal/wallet/keystore.go:42.2,47.3 1 153
github.com/a861252012/testnet-wallet-lab/internal/wallet/keystore.go:50.50,52.2 1 827
github.com/a861252012/testnet-wallet-lab/internal/wallet/keystore.go:56.46,58.31 2 154
github.com/a861252012/testnet-wallet-lab/internal/wallet/keystore.go:58.31,60.3 1 9
github.com/a861252012/testnet-wallet-lab/internal/wallet/keystore.go:61.2,61.12 1 145
github.com/a861252012/testnet-wallet-lab/internal/wallet/keystore.go:66.76,68.2 1 1
github.com/a861252012/testnet-wallet-lab/internal/wallet/keystore.go:70.93,72.40 2 119
github.com/a861252012/testnet-wallet-lab/internal/wallet/keystore.go:72.40,74.3 1 1
github.com/a861252012/testnet-wallet-lab/internal/wallet/keystore.go:77.2,81.16 4 118
github.com/a861252012/testnet-wallet-lab/internal/wallet/keystore.go:81.16,83.3 1 0
github.com/a861252012/testnet-wallet-lab/internal/wallet/keystore.go:85.2,89.16 3 118
github.com/a861252012/testnet-wallet-lab/internal/wallet/keystore.go:89.16,91.3 1 0
github.com/a861252012/testnet-wallet-lab/internal/wallet/keystore.go:92.2,95.16 3 118
github.com/a861252012/testnet-wallet-lab/internal/wallet/keystore.go:95.16,97.3 1 0
github.com/a861252012/testnet-wallet-lab/internal/wallet/keystore.go:98.2,101.16 3 118
github.com/a861252012/testnet-wallet-lab/internal/wallet/keystore.go:101.16,103.3 1 0
github.com/a861252012/testnet-wallet-lab/internal/wallet/keystore.go:104.2,107.16 3 118
github.com/a861252012/testnet-wallet-lab/internal/wallet/keystore.go:107.16,109.3 1 0
github.com/a861252012/testnet-wallet-lab/internal/wallet/keystore.go:110.2,113.16 3 118
github.com/a861252012/testnet-wallet-lab/internal/wallet/keystore.go:113.16,115.3 1 0
github.com/a861252012/testnet-wallet-lab/internal/wallet/keystore.go:116.2,119.16 3 118
github.com/a861252012/testnet-wallet-lab/internal/wallet/keystore.go:119.16,121.3 1 0
github.com/a861252012/testnet-wallet-lab/internal/wallet/keystore.go:122.2,123.27 2 118
github.com/a861252012/testnet-wallet-lab/internal/wallet/keystore.go:126.50,127.9 1 239
github.com/a861252012/testnet-wallet-lab/internal/wallet/keystore.go:128.34,129.13 1 239
github.com/a861252012/testnet-wallet-lab/internal/wallet/keystore.go:130.10,131.34 1 0
github.com/a861252012/testnet-wallet-lab/internal/wallet/keystore.go:135.44,137.2 1 239
github.com/a861252012/testnet-wallet-lab/internal/wallet/keystore.go:140.42,145.2 4 134
github.com/a861252012/testnet-wallet-lab/internal/wallet/keystore.go:148.54,152.16 4 207
github.com/a861252012/testnet-wallet-lab/internal/wallet/keystore.go:152.16,153.25 1 12
github.com/a861252012/testnet-wallet-lab/internal/wallet/keystore.go:153.25,155.4 1 12
github.com/a861252012/testnet-wallet-lab/internal/wallet/keystore.go:156.3,156.17 1 0
github.com/a861252012/testnet-wallet-lab/internal/wallet/keystore.go:158.2,161.52 2 195
github.com/a861252012/testnet-wallet-lab/internal/wallet/keystore.go:161.52,163.3 1 0
github.com/a861252012/testnet-wallet-lab/internal/wallet/keystore.go:164.2,164.44 1 195
github.com/a861252012/testnet-wallet-lab/internal/wallet/keystore.go:164.44,166.3 1 195
github.com/a861252012/testnet-wallet-lab/internal/wallet/keystore.go:167.2,168.16 2 195
github.com/a861252012/testnet-wallet-lab/internal/wallet/keystore.go:168.16,170.3 1 0
github.com/a861252012/testnet-wallet-lab/internal/wallet/keystore.go:171.2,171.24 1 195
github.com/a861252012/testnet-wallet-lab/internal/wallet/keystore.go:177.77,180.51 3 42
github.com/a861252012/testnet-wallet-lab/internal/wallet/keystore.go:180.51,182.3 1 5
github.com/a861252012/testnet-wallet-lab/internal/wallet/keystore.go:184.2,187.64 3 37
github.com/a861252012/testnet-wallet-lab/internal/wallet/keystore.go:187.64,188.17 1 2
github.com/a861252012/testnet-wallet-lab/internal/wallet/keystore.go:188.17,190.4 1 0
github.com/a861252012/testnet-wallet-lab/internal/wallet/keystore.go:191.3,191.30 1 2
github.com/a861252012/testnet-wallet-lab/internal/wallet/keystore.go:194.2,195.16 2 35
github.com/a861252012/testnet-wallet-lab/internal/wallet/keystore.go:195.16,197.3 1 0
github.com/a861252012/testnet-wallet-lab/internal/wallet/keystore.go:198.2,201.16 3 35
github.com/a861252012/testnet-wallet-lab/internal/wallet/keystore.go:201.16,203.3 1 0
github.com/a861252012/testnet-wallet-lab/internal/wallet/keystore.go:205.2,206.15 2 35
github.com/a861252012/testnet-wallet-lab/internal/wallet/keystore.go:206.15,208.3 1 34
github.com/a861252012/testnet-wallet-lab/internal/wallet/keystore.go:209.2,210.16 2 35
github.com/a861252012/testnet-wallet-lab/internal/wallet/keystore.go:210.16,212.3 1 0
github.com/a861252012/testnet-wallet-lab/internal/wallet/keystore.go:213.2,215.43 2 35
github.com/a861252012/testnet-wallet-lab/internal/wallet/keystore.go:215.43,217.3 1 0
github.com/a861252012/testnet-wallet-lab/internal/wallet/keystore.go:218.2,225.55 3 35
github.com/a861252012/testnet-wallet-lab/internal/wallet/keystore.go:225.55,227.3 1 0
github.com/a861252012/testnet-wallet-lab/internal/wallet/keystore.go:228.2,229.16 2 35
github.com/a861252012/testnet-wallet-lab/internal/wallet/keystore.go:229.16,231.3 1 0
github.com/a861252012/testnet-wallet-lab/internal/wallet/keystore.go:233.2,233.74 1 35
github.com/a861252012/testnet-wallet-lab/internal/wallet/keystore.go:233.74,235.3 1 0
github.com/a861252012/testnet-wallet-lab/internal/wallet/keystore.go:237.2,241.8 1 35
github.com/a861252012/testnet-wallet-lab/internal/wallet/keystore.go:246.87,249.51 3 84
github.com/a861252012/testnet-wallet-lab/internal/wallet/keystore.go:249.51,251.3 1 0
github.com/a861252012/testnet-wallet-lab/internal/wallet/keystore.go:253.2,255.82 3 84
github.com/a861252012/testnet-wallet-lab/internal/wallet/keystore.go:255.82,257.3 1 2
github.com/a861252012/testnet-wallet-lab/internal/wallet/keystore.go:259.2,260.15 2 82
github.com/a861252012/testnet-wallet-lab/internal/wallet/keystore.go:260.15,262.3 1 71
github.com/a861252012/testnet-wallet-lab/internal/wallet/keystore.go:263.2,264.16 2 82
github.com/a861252012/testnet-wallet-lab/internal/wallet/keystore.go:264.16,266.3 1 1
github.com/a861252012/testnet-wallet-lab/internal/wallet/keystore.go:267.2,272.64 4 81
github.com/a861252012/testnet-wallet-lab/internal/wallet/keystore.go:272.64,273.17 1 1
github.com/a861252012/testnet-wallet-lab/internal/wallet/keystore.go:273.17,275.4 1 0
github.com/a861252012/testnet-wallet-lab/internal/wallet/keystore.go:276.3,276.30 1 1
github.com/a861252012/testnet-wallet-lab/internal/wallet/keystore.go:279.2,279.43 1 80
github.com/a861252012/testnet-wallet-lab/internal/wallet/keystore.go:279.43,281.3 1 0
github.com/a861252012/testnet-wallet-lab/internal/wallet/keystore.go:282.2,289.55 3 80
github.com/a861252012/testnet-wallet-lab/internal/wallet/keystore.go:289.55,291.3 1 0
github.com/a861252012/testnet-wallet-lab/internal/wallet/keystore.go:292.2,293.16 2 80
github.com/a861252012/testnet-wallet-lab/internal/wallet/keystore.go:293.16,295.3 1 0
github.com/a861252012/testnet-wallet-lab/internal/wallet/keystore.go:297.2,297.74 1 80
github.com/a861252012/testnet-wallet-lab/internal/wallet/keystore.go:297.74,299.3 1 0
github.com/a861252012/testnet-wallet-lab/internal/wallet/keystore.go:301.2,304.8 1 80
github.com/a861252012/testnet-wallet-lab/internal/wallet/keystore.go:308.77,313.16 4 15
github.com/a861252012/testnet-wallet-lab/internal/wallet/keystore.go:313.16,314.25 1 0
github.com/a861252012/testnet-wallet-lab/internal/wallet/keystore.go:314.25,316.4 1 0
github.com/a861252012/testnet-wallet-lab/internal/wallet/keystore.go:317.3,317.18 1 0
github.com/a861252012/testnet-wallet-lab/internal/wallet/keystore.go:320.2,320.43 1 15
github.com/a861252012/testnet-wallet-lab/internal/wallet/keystore.go:320.43,322.3 1 0
github.com/a861252012/testnet-wallet-lab/internal/wallet/keystore.go:323.2,326.16 3 15
github.com/a861252012/testnet-wallet-lab/internal/wallet/keystore.go:326.16,328.3 1 3
github.com/a861252012/testnet-wallet-lab/internal/wallet/keystore.go:329.2,331.35 2 12
github.com/a861252012/testnet-wallet-lab/internal/wallet/keystore.go:335.120,338.54 3 13
github.com/a861252012/testnet-wallet-lab/internal/wallet/keystore.go:338.54,340.3 1 0
github.com/a861252012/testnet-wallet-lab/internal/wallet/keystore.go:341.2,345.151 2 13
github.com/a861252012/testnet-wallet-lab/internal/wallet/keystore.go:345.151,347.3 1 0
github.com/a861252012/testnet-wallet-lab/internal/wallet/keystore.go:348.2,349.56 2 13
github.com/a861252012/testnet-wallet-lab/internal/wallet/keystore.go:349.56,351.89 2 43
github.com/a861252012/testnet-wallet-lab/internal/wallet/keystore.go:351.89,353.4 1 3
github.com/a861252012/testnet-wallet-lab/internal/wallet/keystore.go:354.3,354.28 1 40
github.com/a861252012/testnet-wallet-lab/internal/wallet/keystore.go:356.2,357.91 2 10
github.com/a861252012/testnet-wallet-lab/internal/wallet/keystore.go:357.91,359.3 1 1
github.com/a861252012/testnet-wallet-lab/internal/wallet/keystore.go:360.2,361.9 2 9
github.com/a861252012/testnet-wallet-lab/internal/wallet/keystore.go:361.9,363.3 1 2
github.com/a861252012/testnet-wallet-lab/internal/wallet/keystore.go:364.2,368.179 5 7
github.com/a861252012/testnet-wallet-lab/internal/wallet/keystore.go:368.179,370.3 1 1
github.com/a861252012/testnet-wallet-lab/internal/wallet/keystore.go:371.2,373.64 3 6
github.com/a861252012/testnet-wallet-lab/internal/wallet/keystore.go:373.64,375.3 1 1
github.com/a861252012/testnet-wallet-lab/internal/wallet/keystore.go:376.2,376.43 1 5
github.com/a861252012/testnet-wallet-lab/internal/wallet/keystore.go:376.43,378.3 1 0
github.com/a861252012/testnet-wallet-lab/internal/wallet/keystore.go:379.2,381.16 3 5
github.com/a861252012/testnet-wallet-lab/internal/wallet/keystore.go:381.16,383.3 1 1
github.com/a861252012/testnet-wallet-lab/internal/wallet/keystore.go:384.2,386.62 3 4
github.com/a861252012/testnet-wallet-lab/internal/wallet/keystore.go:386.62,388.3 1 1
github.com/a861252012/testnet-wallet-lab/internal/wallet/keystore.go:389.2,390.16 2 3
github.com/a861252012/testnet-wallet-lab/internal/wallet/keystore.go:390.16,392.3 1 0
github.com/a861252012/testnet-wallet-lab/internal/wallet/keystore.go:393.2,393.76 1 3
github.com/a861252012/testnet-wallet-lab/internal/wallet/keystore.go:393.76,395.3 1 0
github.com/a861252012/testnet-wallet-lab/internal/wallet/keystore.go:396.2,396.57 1 3
github.com/a861252012/testnet-wallet-lab/internal/wallet/keystore.go:399.79,400.54 1 2
github.com/a861252012/testnet-wallet-lab/internal/wallet/keystore.go:400.54,402.3 1 0
github.com/a861252012/testnet-wallet-lab/internal/wallet/keystore.go:403.2,406.16 4 2
github.com/a861252012/testnet-wallet-lab/internal/wallet/keystore.go:406.16,408.3 1 0
github.com/a861252012/testnet-wallet-lab/internal/wallet/keystore.go:409.2,409.43 1 2
github.com/a861252012/testnet-wallet-lab/internal/wallet/keystore.go:409.43,411.3 1 0
github.com/a861252012/testnet-wallet-lab/internal/wallet/keystore.go:412.2,414.16 3 2
github.com/a861252012/testnet-wallet-lab/internal/wallet/keystore.go:414.16,416.3 1 1
github.com/a861252012/testnet-wallet-lab/internal/wallet/keystore.go:417.2,419.16 3 1
github.com/a861252012/testnet-wallet-lab/internal/wallet/keystore.go:419.16,421.3 1 0
github.com/a861252012/testnet-wallet-lab/internal/wallet/keystore.go:422.2,422.60 1 1
github.com/a861252012/testnet-wallet-lab/internal/wallet/keystore.go:427.79,432.16 4 102
github.com/a861252012/testnet-wallet-lab/internal/wallet/keystore.go:432.16,433.25 1 0
github.com/a861252012/testnet-wallet-lab/internal/wallet/keystore.go:433.25,435.4 1 0
github.com/a861252012/testnet-wallet-lab/internal/wallet/keystore.go:436.3,436.18 1 0
github.com/a861252012/testnet-wallet-lab/internal/wallet/keystore.go:439.2,439.43 1 102
github.com/a861252012/testnet-wallet-lab/internal/wallet/keystore.go:439.43,441.3 1 0
github.com/a861252012/testnet-wallet-lab/internal/wallet/keystore.go:442.2,445.16 3 102
github.com/a861252012/testnet-wallet-lab/internal/wallet/keystore.go:445.16,447.3 1 4
github.com/a861252012/testnet-wallet-lab/internal/wallet/keystore.go:448.2,448.17 1 98
github.com/a861252012/testnet-wallet-lab/internal/wallet/keystore.go:452.72,454.47 2 348
github.com/a861252012/testnet-wallet-lab/internal/wallet/keystore.go:454.47,456.3 1 5
github.com/a861252012/testnet-wallet-lab/internal/wallet/keystore.go:458.2,459.16 2 343
github.com/a861252012/testnet-wallet-lab/internal/wallet/keystore.go:459.16,461.3 1 0
github.com/a861252012/testnet-wallet-lab/internal/wallet/keystore.go:462.2,463.15 2 343
github.com/a861252012/testnet-wallet-lab/internal/wallet/keystore.go:463.15,465.3 1 343
github.com/a861252012/testnet-wallet-lab/internal/wallet/keystore.go:467.2,467.44 1 343
github.com/a861252012/testnet-wallet-lab/internal/wallet/keystore.go:467.44,470.3 2 0
github.com/a861252012/testnet-wallet-lab/internal/wallet/keystore.go:471.2,471.47 1 343
github.com/a861252012/testnet-wallet-lab/internal/wallet/keystore.go:471.47,474.3 2 0
github.com/a861252012/testnet-wallet-lab/internal/wallet/keystore.go:475.2,475.39 1 343
github.com/a861252012/testnet-wallet-lab/internal/wallet/keystore.go:475.39,478.3 2 0
github.com/a861252012/testnet-wallet-lab/internal/wallet/keystore.go:479.2,479.40 1 343
github.com/a861252012/testnet-wallet-lab/internal/wallet/keystore.go:479.40,481.3 1 0
github.com/a861252012/testnet-wallet-lab/internal/wallet/keystore.go:482.2,482.49 1 343
github.com/a861252012/testnet-wallet-lab/internal/wallet/keystore.go:482.49,484.3 1 1
github.com/a861252012/testnet-wallet-lab/internal/wallet/keystore.go:487.2,488.16 2 342
github.com/a861252012/testnet-wallet-lab/internal/wallet/keystore.go:488.16,490.3 1 0
github.com/a861252012/testnet-wallet-lab/internal/wallet/keystore.go:491.2,492.17 2 342
github.com/a861252012/testnet-wallet-lab/internal/wallet/keystore.go:495.26,496.19 1 938
github.com/a861252012/testnet-wallet-lab/internal/wallet/keystore.go:496.19,498.3 1 34497
github.com/a861252012/testnet-wallet-lab/internal/wallet/keystore.go:501.42,502.28 1 234
github.com/a861252012/testnet-wallet-lab/internal/wallet/keystore.go:502.28,504.3 1 0
github.com/a861252012/testnet-wallet-lab/internal/wallet/keystore.go:505.2,506.19 2 234
github.com/a861252012/testnet-wallet-lab/internal/wallet/keystore.go:506.19,508.3 1 936
github.com/a861252012/testnet-wallet-lab/internal/wallet/keystore.go:512.80,514.16 2 119
github.com/a861252012/testnet-wallet-lab/internal/wallet/keystore.go:514.16,516.3 1 0
github.com/a861252012/testnet-wallet-lab/internal/wallet/keystore.go:517.2,518.29 2 119
github.com/a861252012/testnet-wallet-lab/internal/wallet/keystore.go:518.29,519.32 1 119
github.com/a861252012/testnet-wallet-lab/internal/wallet/keystore.go:519.32,520.12 1 116
github.com/a861252012/testnet-wallet-lab/internal/wallet/keystore.go:522.3,523.25 2 3
github.com/a861252012/testnet-wallet-lab/internal/wallet/keystore.go:523.25,524.12 1 1
github.com/a861252012/testnet-wallet-lab/internal/wallet/keystore.go:526.3,526.17 1 2
github.com/a861252012/testnet-wallet-lab/internal/wallet/keystore.go:526.17,528.4 1 0
github.com/a861252012/testnet-wallet-lab/internal/wallet/keystore.go:529.3,532.41 2 2
github.com/a861252012/testnet-wallet-lab/internal/wallet/keystore.go:532.41,534.4 1 0
github.com/a861252012/testnet-wallet-lab/internal/wallet/keystore.go:535.3,535.51 1 2
github.com/a861252012/testnet-wallet-lab/internal/wallet/keystore.go:535.51,537.4 1 1
github.com/a861252012/testnet-wallet-lab/internal/wallet/keystore.go:539.2,539.12 1 118
github.com/a861252012/testnet-wallet-lab/internal/wallet/pools.go:28.97,30.16 2 3
github.com/a861252012/testnet-wallet-lab/internal/wallet/pools.go:30.16,32.3 1 1
github.com/a861252012/testnet-wallet-lab/internal/wallet/pools.go:33.2,33.44 1 2
github.com/a861252012/testnet-wallet-lab/internal/wallet/pools.go:36.116,37.43 1 2
github.com/a861252012/testnet-wallet-lab/internal/wallet/pools.go:37.43,39.3 1 0
github.com/a861252012/testnet-wallet-lab/internal/wallet/pools.go:40.2,42.15 3 2
github.com/a861252012/testnet-wallet-lab/internal/wallet/pools.go:42.15,44.3 1 0
github.com/a861252012/testnet-wallet-lab/internal/wallet/pools.go:45.2,46.16 2 2
github.com/a861252012/testnet-wallet-lab/internal/wallet/pools.go:46.16,48.3 1 0
github.com/a861252012/testnet-wallet-lab/internal/wallet/pools.go:49.2,50.16 2 2
github.com/a861252012/testnet-wallet-lab/internal/wallet/pools.go:50.16,52.3 1 0
github.com/a861252012/testnet-wallet-lab/internal/wallet/pools.go:53.2,54.16 2 2
github.com/a861252012/testnet-wallet-lab/internal/wallet/pools.go:54.16,56.3 1 0
github.com/a861252012/testnet-wallet-lab/internal/wallet/pools.go:57.2,57.24 1 2
github.com/a861252012/testnet-wallet-lab/internal/wallet/pools.go:57.24,59.3 1 1
github.com/a861252012/testnet-wallet-lab/internal/wallet/pools.go:60.2,60.125 1 1
github.com/a861252012/testnet-wallet-lab/internal/wallet/pools.go:60.125,61.72 1 4
github.com/a861252012/testnet-wallet-lab/internal/wallet/pools.go:61.72,63.4 1 0
github.com/a861252012/testnet-wallet-lab/internal/wallet/pools.go:65.2,67.51 3 1
github.com/a861252012/testnet-wallet-lab/internal/wallet/pools.go:67.51,69.29 2 4
github.com/a861252012/testnet-wallet-lab/internal/wallet/pools.go:69.29,73.18 4 4
github.com/a861252012/testnet-wallet-lab/internal/wallet/pools.go:73.18,75.5 1 0
github.com/a861252012/testnet-wallet-lab/internal/wallet/pools.go:75.10,75.35 1 4
github.com/a861252012/testnet-wallet-lab/internal/wallet/pools.go:75.35,77.5 1 0
github.com/a861252012/testnet-wallet-lab/internal/wallet/pools.go:77.10,81.5 3 4
github.com/a861252012/testnet-wallet-lab/internal/wallet/pools.go:82.4,82.27 1 4
github.com/a861252012/testnet-wallet-lab/internal/wallet/pools.go:85.2,87.36 3 1
github.com/a861252012/testnet-wallet-lab/internal/wallet/pools.go:87.36,88.89 1 4
github.com/a861252012/testnet-wallet-lab/internal/wallet/pools.go:88.89,91.4 2 1
github.com/a861252012/testnet-wallet-lab/internal/wallet/pools.go:93.2,93.20 1 1
github.com/a861252012/testnet-wallet-lab/internal/wallet/quote.go:53.34,57.2 1 110
github.com/a861252012/testnet-wallet-lab/internal/wallet/quote.go:59.59,60.31 1 179
github.com/a861252012/testnet-wallet-lab/internal/wallet/quote.go:60.31,61.29 1 120
github.com/a861252012/testnet-wallet-lab/internal/wallet/quote.go:61.29,63.4 1 1
github.com/a861252012/testnet-wallet-lab/internal/wallet/quote.go:67.48,68.14 1 92
github.com/a861252012/testnet-wallet-lab/internal/wallet/quote.go:68.14,70.3 1 0
github.com/a861252012/testnet-wallet-lab/internal/wallet/quote.go:71.2,71.54 1 92
github.com/a861252012/testnet-wallet-lab/internal/wallet/quote.go:71.54,73.3 1 0
github.com/a861252012/testnet-wallet-lab/internal/wallet/quote.go:74.2,80.27 5 92
github.com/a861252012/testnet-wallet-lab/internal/wallet/quote.go:80.27,82.3 1 0
github.com/a861252012/testnet-wallet-lab/internal/wallet/quote.go:83.2,84.12 2 92
github.com/a861252012/testnet-wallet-lab/internal/wallet/quote.go:87.59,89.16 2 87
github.com/a861252012/testnet-wallet-lab/internal/wallet/quote.go:89.16,91.3 1 0
github.com/a861252012/testnet-wallet-lab/internal/wallet/quote.go:92.2,99.9 6 87
github.com/a861252012/testnet-wallet-lab/internal/wallet/quote.go:99.9,101.3 1 1
github.com/a861252012/testnet-wallet-lab/internal/wallet/quote.go:102.2,102.15 1 86
github.com/a861252012/testnet-wallet-lab/internal/wallet/quote.go:105.42,109.2 3 58
github.com/a861252012/testnet-wallet-lab/internal/wallet/quote.go:123.132,141.16 4 95
github.com/a861252012/testnet-wallet-lab/internal/wallet/quote.go:142.47,143.37 1 8
github.com/a861252012/testnet-wallet-lab/internal/wallet/quote.go:143.37,145.4 1 0
github.com/a861252012/testnet-wallet-lab/internal/wallet/quote.go:146.3,146.29 1 8
github.com/a861252012/testnet-wallet-lab/internal/wallet/quote.go:146.29,148.4 1 0
github.com/a861252012/testnet-wallet-lab/internal/wallet/quote.go:149.3,149.25 1 8
github.com/a861252012/testnet-wallet-lab/internal/wallet/quote.go:149.25,151.4 1 1
github.com/a861252012/testnet-wallet-lab/internal/wallet/quote.go:152.3,153.17 2 7
github.com/a861252012/testnet-wallet-lab/internal/wallet/quote.go:153.17,155.4 1 0
github.com/a861252012/testnet-wallet-lab/internal/wallet/quote.go:156.3,156.31 1 7
github.com/a861252012/testnet-wallet-lab/internal/wallet/quote.go:156.31,157.37 1 2
github.com/a861252012/testnet-wallet-lab/internal/wallet/quote.go:157.37,159.5 1 1
github.com/a861252012/testnet-wallet-lab/internal/wallet/quote.go:160.4,160.56 1 1
github.com/a861252012/testnet-wallet-lab/internal/wallet/quote.go:162.3,163.77 2 5
github.com/a861252012/testnet-wallet-lab/internal/wallet/quote.go:163.77,165.4 1 0
github.com/a861252012/testnet-wallet-lab/internal/wallet/quote.go:166.3,169.35 4 5
github.com/a861252012/testnet-wallet-lab/internal/wallet/quote.go:169.35,171.4 1 2
github.com/a861252012/testnet-wallet-lab/internal/wallet/quote.go:171.9,173.25 2 3
github.com/a861252012/testnet-wallet-lab/internal/wallet/quote.go:173.25,175.5 1 0
github.com/a861252012/testnet-wallet-lab/internal/wallet/quote.go:176.4,176.37 1 3
github.com/a861252012/testnet-wallet-lab/internal/wallet/quote.go:176.37,178.5 1 0
github.com/a861252012/testnet-wallet-lab/internal/wallet/quote.go:179.4,181.62 3 3
github.com/a861252012/testnet-wallet-lab/internal/wallet/quote.go:183.3,183.17 1 5
github.com/a861252012/testnet-wallet-lab/internal/wallet/quote.go:183.17,185.4 1 0
github.com/a861252012/testnet-wallet-lab/internal/wallet/quote.go:186.3,186.89 1 5
github.com/a861252012/testnet-wallet-lab/internal/wallet/quote.go:186.89,188.4 1 0
github.com/a861252012/testnet-wallet-lab/internal/wallet/quote.go:190.44,191.25 1 19
github.com/a861252012/testnet-wallet-lab/internal/wallet/quote.go:191.25,193.4 1 1
github.com/a861252012/testnet-wallet-lab/internal/wallet/quote.go:194.3,195.17 2 18
github.com/a861252012/testnet-wallet-lab/internal/wallet/quote.go:195.17,197.4 1 10
github.com/a861252012/testnet-wallet-lab/internal/wallet/quote.go:198.3,199.117 2 8
github.com/a861252012/testnet-wallet-lab/internal/wallet/quote.go:201.17,204.17 3 53
github.com/a861252012/testnet-wallet-lab/internal/wallet/quote.go:204.17,206.4 1 0
github.com/a861252012/testnet-wallet-lab/internal/wallet/quote.go:207.3,207.31 1 53
github.com/a861252012/testnet-wallet-lab/internal/wallet/quote.go:207.31,209.4 1 0
github.com/a861252012/testnet-wallet-lab/internal/wallet/quote.go:210.3,213.30 4 53
github.com/a861252012/testnet-wallet-lab/internal/wallet/quote.go:215.37,216.29 1 15
github.com/a861252012/testnet-wallet-lab/internal/wallet/quote.go:216.29,217.32 1 0
github.com/a861252012/testnet-wallet-lab/internal/wallet/quote.go:217.32,219.5 1 0
github.com/a861252012/testnet-wallet-lab/internal/wallet/quote.go:220.4,220.76 1 0
github.com/a861252012/testnet-wallet-lab/internal/wallet/quote.go:222.3,227.17 5 15
github.com/a861252012/testnet-wallet-lab/internal/wallet/quote.go:227.17,229.4 1 0
github.com/a861252012/testnet-wallet-lab/internal/wallet/quote.go:230.3,233.14 4 15
github.com/a861252012/testnet-wallet-lab/internal/wallet/quote.go:233.14,234.54 1 2
github.com/a861252012/testnet-wallet-lab/internal/wallet/quote.go:234.54,236.5 1 0
github.com/a861252012/testnet-wallet-lab/internal/wallet/quote.go:237.4,237.67 1 2
github.com/a861252012/testnet-wallet-lab/internal/wallet/quote.go:238.9,240.18 2 13
github.com/a861252012/testnet-wallet-lab/internal/wallet/quote.go:240.18,242.5 1 11
github.com/a861252012/testnet-wallet-lab/internal/wallet/quote.go:244.3,244.17 1 15
github.com/a861252012/testnet-wallet-lab/internal/wallet/quote.go:244.17,246.4 1 2
github.com/a861252012/testnet-wallet-lab/internal/wallet/quote.go:247.3,248.31 2 13
github.com/a861252012/testnet-wallet-lab/internal/wallet/quote.go:248.31,249.32 1 6
github.com/a861252012/testnet-wallet-lab/internal/wallet/quote.go:249.32,251.5 1 0
github.com/a861252012/testnet-wallet-lab/internal/wallet/quote.go:254.4,255.18 2 6
github.com/a861252012/testnet-wallet-lab/internal/wallet/quote.go:255.18,257.5 1 0
github.com/a861252012/testnet-wallet-lab/internal/wallet/quote.go:258.4,258.33 1 6
github.com/a861252012/testnet-wallet-lab/internal/wallet/quote.go:258.33,260.5 1 0
github.com/a861252012/testnet-wallet-lab/internal/wallet/quote.go:261.9,262.41 1 7
github.com/a861252012/testnet-wallet-lab/internal/wallet/quote.go:262.41,264.5 1 1
github.com/a861252012/testnet-wallet-lab/internal/wallet/quote.go:265.4,265.31 1 6
github.com/a861252012/testnet-wallet-lab/internal/wallet/quote.go:265.31,267.5 1 0
github.com/a861252012/testnet-wallet-lab/internal/wallet/quote.go:270.4,271.18 2 6
github.com/a861252012/testnet-wallet-lab/internal/wallet/quote.go:271.18,273.5 1 0
github.com/a861252012/testnet-wallet-lab/internal/wallet/quote.go:274.4,274.62 1 6
github.com/a861252012/testnet-wallet-lab/internal/wallet/quote.go:274.62,276.5 1 1
github.com/a861252012/testnet-wallet-lab/internal/wallet/quote.go:279.3,281.17 3 11
github.com/a861252012/testnet-wallet-lab/internal/wallet/quote.go:281.17,283.4 1 0
github.com/a861252012/testnet-wallet-lab/internal/wallet/quote.go:286.3,287.125 2 11
github.com/a861252012/testnet-wallet-lab/internal/wallet/quote.go:287.125,289.4 1 0
github.com/a861252012/testnet-wallet-lab/internal/wallet/quote.go:292.3,292.88 1 11
github.com/a861252012/testnet-wallet-lab/internal/wallet/quote.go:292.88,294.4 1 0
github.com/a861252012/testnet-wallet-lab/internal/wallet/quote.go:296.10,297.117 1 0
github.com/a861252012/testnet-wallet-lab/internal/wallet/quote.go:301.2,302.16 2 77
github.com/a861252012/testnet-wallet-lab/internal/wallet/quote.go:302.16,304.3 1 0
github.com/a861252012/testnet-wallet-lab/internal/wallet/quote.go:305.2,305.67 1 77
github.com/a861252012/testnet-wallet-lab/internal/wallet/quote.go:305.67,307.3 1 0
github.com/a861252012/testnet-wallet-lab/internal/wallet/quote.go:308.2,311.16 3 77
github.com/a861252012/testnet-wallet-lab/internal/wallet/quote.go:311.16,313.3 1 0
github.com/a861252012/testnet-wallet-lab/internal/wallet/quote.go:314.2,314.52 1 77
github.com/a861252012/testnet-wallet-lab/internal/wallet/quote.go:314.52,316.3 1 0
github.com/a861252012/testnet-wallet-lab/internal/wallet/quote.go:317.2,326.16 5 77
github.com/a861252012/testnet-wallet-lab/internal/wallet/quote.go:326.16,328.3 1 0
github.com/a861252012/testnet-wallet-lab/internal/wallet/quote.go:329.2,331.40 3 77
github.com/a861252012/testnet-wallet-lab/internal/wallet/quote.go:331.40,333.3 1 2
github.com/a861252012/testnet-wallet-lab/internal/wallet/quote.go:336.2,337.16 2 75
github.com/a861252012/testnet-wallet-lab/internal/wallet/quote.go:337.16,339.3 1 1
github.com/a861252012/testnet-wallet-lab/internal/wallet/quote.go:340.2,340.64 1 74
github.com/a861252012/testnet-wallet-lab/internal/wallet/quote.go:340.64,342.3 1 0
github.com/a861252012/testnet-wallet-lab/internal/wallet/quote.go:343.2,346.16 3 74
github.com/a861252012/testnet-wallet-lab/internal/wallet/quote.go:346.16,348.3 1 0
github.com/a861252012/testnet-wallet-lab/internal/wallet/quote.go:351.2,359.37 5 74
github.com/a861252012/testnet-wallet-lab/internal/wallet/quote.go:359.37,361.3 1 0
github.com/a861252012/testnet-wallet-lab/internal/wallet/quote.go:364.2,365.46 2 74
github.com/a861252012/testnet-wallet-lab/internal/wallet/quote.go:365.46,367.3 1 0
github.com/a861252012/testnet-wallet-lab/internal/wallet/quote.go:368.2,372.48 4 74
github.com/a861252012/testnet-wallet-lab/internal/wallet/quote.go:372.48,374.3 1 8
github.com/a861252012/testnet-wallet-lab/internal/wallet/quote.go:376.2,376.22 1 74
github.com/a861252012/testnet-wallet-lab/internal/wallet/quote.go:376.22,378.3 1 8
github.com/a861252012/testnet-wallet-lab/internal/wallet/quote.go:380.2,404.8 1 74
github.com/a861252012/testnet-wallet-lab/internal/wallet/quote.go:408.50,410.38 2 92
github.com/a861252012/testnet-wallet-lab/internal/wallet/quote.go:410.38,412.3 1 23
github.com/a861252012/testnet-wallet-lab/internal/wallet/quote.go:413.2,414.21 2 92
github.com/a861252012/testnet-wallet-lab/internal/wallet/quote.go:414.21,416.3 1 23
github.com/a861252012/testnet-wallet-lab/internal/wallet/quote.go:418.2,419.27 2 92
github.com/a861252012/testnet-wallet-lab/internal/wallet/quote.go:419.27,421.3 1 12
github.com/a861252012/testnet-wallet-lab/internal/wallet/quote.go:422.2,442.3 1 92
github.com/a861252012/testnet-wallet-lab/internal/wallet/replacement.go:19.100,21.19 2 18
github.com/a861252012/testnet-wallet-lab/internal/wallet/replacement.go:21.19,23.3 1 0
github.com/a861252012/testnet-wallet-lab/internal/wallet/replacement.go:24.2,24.40 1 18
github.com/a861252012/testnet-wallet-lab/internal/wallet/replacement.go:24.40,26.3 1 0
github.com/a861252012/testnet-wallet-lab/internal/wallet/replacement.go:27.2,28.16 2 18
github.com/a861252012/testnet-wallet-lab/internal/wallet/replacement.go:28.16,30.3 1 0
github.com/a861252012/testnet-wallet-lab/internal/wallet/replacement.go:31.2,32.164 2 18
github.com/a861252012/testnet-wallet-lab/internal/wallet/replacement.go:32.164,34.3 1 0
github.com/a861252012/testnet-wallet-lab/internal/wallet/replacement.go:35.2,36.16 2 18
github.com/a861252012/testnet-wallet-lab/internal/wallet/replacement.go:36.16,38.3 1 0
github.com/a861252012/testnet-wallet-lab/internal/wallet/replacement.go:39.2,41.34 3 18
github.com/a861252012/testnet-wallet-lab/internal/wallet/replacement.go:41.34,43.3 1 0
github.com/a861252012/testnet-wallet-lab/internal/wallet/replacement.go:44.2,45.16 2 18
github.com/a861252012/testnet-wallet-lab/internal/wallet/replacement.go:45.16,47.3 1 0
github.com/a861252012/testnet-wallet-lab/internal/wallet/replacement.go:48.2,48.24 1 18
github.com/a861252012/testnet-wallet-lab/internal/wallet/replacement.go:48.24,50.3 1 0
github.com/a861252012/testnet-wallet-lab/internal/wallet/replacement.go:51.2,52.16 2 18
github.com/a861252012/testnet-wallet-lab/internal/wallet/replacement.go:52.16,54.3 1 0
github.com/a861252012/testnet-wallet-lab/internal/wallet/replacement.go:55.2,55.25 1 18
github.com/a861252012/testnet-wallet-lab/internal/wallet/replacement.go:55.25,57.3 1 0
github.com/a861252012/testnet-wallet-lab/internal/wallet/replacement.go:58.2,59.16 2 18
github.com/a861252012/testnet-wallet-lab/internal/wallet/replacement.go:59.16,61.3 1 0
github.com/a861252012/testnet-wallet-lab/internal/wallet/replacement.go:62.2,63.58 2 18
github.com/a861252012/testnet-wallet-lab/internal/wallet/replacement.go:63.58,66.52 3 18
github.com/a861252012/testnet-wallet-lab/internal/wallet/replacement.go:66.52,68.4 1 0
github.com/a861252012/testnet-wallet-lab/internal/wallet/replacement.go:70.3,72.26 3 18
github.com/a861252012/testnet-wallet-lab/internal/wallet/replacement.go:72.26,74.4 1 0
github.com/a861252012/testnet-wallet-lab/internal/wallet/replacement.go:75.3,75.27 1 18
github.com/a861252012/testnet-wallet-lab/internal/wallet/replacement.go:75.27,77.4 1 18
github.com/a861252012/testnet-wallet-lab/internal/wallet/replacement.go:78.3,78.27 1 18
github.com/a861252012/testnet-wallet-lab/internal/wallet/replacement.go:78.27,80.4 1 18
github.com/a861252012/testnet-wallet-lab/internal/wallet/replacement.go:82.2,83.28 2 18
github.com/a861252012/testnet-wallet-lab/internal/wallet/replacement.go:83.28,85.3 1 0
github.com/a861252012/testnet-wallet-lab/internal/wallet/replacement.go:86.2,89.9 4 18
github.com/a861252012/testnet-wallet-lab/internal/wallet/replacement.go:89.9,91.3 1 0
github.com/a861252012/testnet-wallet-lab/internal/wallet/replacement.go:92.2,92.36 1 18
github.com/a861252012/testnet-wallet-lab/internal/wallet/replacement.go:92.36,95.3 2 9
github.com/a861252012/testnet-wallet-lab/internal/wallet/replacement.go:96.2,98.37 3 18
github.com/a861252012/testnet-wallet-lab/internal/wallet/replacement.go:98.37,99.70 1 9
github.com/a861252012/testnet-wallet-lab/internal/wallet/replacement.go:99.70,101.18 2 0
github.com/a861252012/testnet-wallet-lab/internal/wallet/replacement.go:101.18,103.5 1 0
github.com/a861252012/testnet-wallet-lab/internal/wallet/replacement.go:104.4,105.18 2 0
github.com/a861252012/testnet-wallet-lab/internal/wallet/replacement.go:105.18,107.5 1 0
github.com/a861252012/testnet-wallet-lab/internal/wallet/replacement.go:108.4,110.75 3 0
github.com/a861252012/testnet-wallet-lab/internal/wallet/replacement.go:110.75,112.5 1 0
github.com/a861252012/testnet-wallet-lab/internal/wallet/replacement.go:115.2,116.16 2 18
github.com/a861252012/testnet-wallet-lab/internal/wallet/replacement.go:116.16,118.3 1 0
github.com/a861252012/testnet-wallet-lab/internal/wallet/replacement.go:119.2,119.40 1 18
github.com/a861252012/testnet-wallet-lab/internal/wallet/replacement.go:119.40,121.3 1 0
github.com/a861252012/testnet-wallet-lab/internal/wallet/replacement.go:122.2,123.25 2 18
github.com/a861252012/testnet-wallet-lab/internal/wallet/replacement.go:123.25,125.3 1 0
github.com/a861252012/testnet-wallet-lab/internal/wallet/replacement.go:126.2,129.16 4 18
github.com/a861252012/testnet-wallet-lab/internal/wallet/replacement.go:129.16,131.3 1 0
github.com/a861252012/testnet-wallet-lab/internal/wallet/replacement.go:132.2,132.28 1 18
github.com/a861252012/testnet-wallet-lab/internal/wallet/replacement.go:132.28,134.3 1 0
github.com/a861252012/testnet-wallet-lab/internal/wallet/replacement.go:135.2,136.41 2 18
github.com/a861252012/testnet-wallet-lab/internal/wallet/replacement.go:136.41,138.3 1 0
github.com/a861252012/testnet-wallet-lab/internal/wallet/replacement.go:139.2,140.54 2 18
github.com/a861252012/testnet-wallet-lab/internal/wallet/replacement.go:140.54,142.3 1 0
github.com/a861252012/testnet-wallet-lab/internal/wallet/replacement.go:143.2,143.674 1 18
github.com/a861252012/testnet-wallet-lab/internal/wallet/rollup_fee.go:12.82,13.27 1 165
github.com/a861252012/testnet-wallet-lab/internal/wallet/rollup_fee.go:13.27,15.3 1 145
github.com/a861252012/testnet-wallet-lab/internal/wallet/rollup_fee.go:16.2,18.16 3 20
github.com/a861252012/testnet-wallet-lab/internal/wallet/rollup_fee.go:18.16,20.3 1 0
github.com/a861252012/testnet-wallet-lab/internal/wallet/rollup_fee.go:21.2,21.11 1 20
github.com/a861252012/testnet-wallet-lab/internal/wallet/rollup_fee.go:21.11,22.64 1 8
github.com/a861252012/testnet-wallet-lab/internal/wallet/rollup_fee.go:22.64,24.4 1 0
github.com/a861252012/testnet-wallet-lab/internal/wallet/rollup_fee.go:25.3,25.13 1 8
github.com/a861252012/testnet-wallet-lab/internal/wallet/rollup_fee.go:27.2,31.16 5 12
github.com/a861252012/testnet-wallet-lab/internal/wallet/rollup_fee.go:31.16,33.3 1 0
github.com/a861252012/testnet-wallet-lab/internal/wallet/rollup_fee.go:34.2,34.36 1 12
github.com/a861252012/testnet-wallet-lab/internal/wallet/rollup_fee.go:34.36,36.3 1 0
github.com/a861252012/testnet-wallet-lab/internal/wallet/rollup_fee.go:37.2,37.12 1 12
github.com/a861252012/testnet-wallet-lab/internal/wallet/scanner.go:44.59,46.25 2 6
github.com/a861252012/testnet-wallet-lab/internal/wallet/scanner.go:46.25,48.3 1 4
github.com/a861252012/testnet-wallet-lab/internal/wallet/scanner.go:49.2,49.37 1 6
github.com/a861252012/testnet-wallet-lab/internal/wallet/scanner.go:49.37,51.3 1 0
github.com/a861252012/testnet-wallet-lab/internal/wallet/scanner.go:52.2,52.176 1 6
github.com/a861252012/testnet-wallet-lab/internal/wallet/scanner.go:55.72,56.30 1 7
github.com/a861252012/testnet-wallet-lab/internal/wallet/scanner.go:56.30,58.3 1 0
github.com/a861252012/testnet-wallet-lab/internal/wallet/scanner.go:59.2,59.38 1 7
github.com/a861252012/testnet-wallet-lab/internal/wallet/scanner.go:59.38,60.86 1 0
github.com/a861252012/testnet-wallet-lab/internal/wallet/scanner.go:60.86,62.4 1 0
github.com/a861252012/testnet-wallet-lab/internal/wallet/scanner.go:64.2,65.26 2 7
github.com/a861252012/testnet-wallet-lab/internal/wallet/scanner.go:65.26,67.3 1 5
github.com/a861252012/testnet-wallet-lab/internal/wallet/scanner.go:68.2,68.38 1 7
github.com/a861252012/testnet-wallet-lab/internal/wallet/scanner.go:68.38,70.3 1 0
github.com/a861252012/testnet-wallet-lab/internal/wallet/scanner.go:71.2,74.8 1 7
github.com/a861252012/testnet-wallet-lab/internal/wallet/scanner.go:77.60,79.25 2 4
github.com/a861252012/testnet-wallet-lab/internal/wallet/scanner.go:79.25,81.38 2 3
github.com/a861252012/testnet-wallet-lab/internal/wallet/scanner.go:81.38,83.4 1 0
github.com/a861252012/testnet-wallet-lab/internal/wallet/scanner.go:85.2,88.3 1 4
github.com/a861252012/testnet-wallet-lab/internal/wallet/scanner.go:91.54,93.24 2 8
github.com/a861252012/testnet-wallet-lab/internal/wallet/scanner.go:93.24,95.3 1 1
github.com/a861252012/testnet-wallet-lab/internal/wallet/scanner.go:96.2,96.16 1 7
github.com/a861252012/testnet-wallet-lab/internal/wallet/scanner.go:96.16,98.3 1 0
github.com/a861252012/testnet-wallet-lab/internal/wallet/scanner.go:99.2,100.42 2 7
github.com/a861252012/testnet-wallet-lab/internal/wallet/scanner.go:100.42,102.3 1 0
github.com/a861252012/testnet-wallet-lab/internal/wallet/scanner.go:103.2,103.37 1 7
github.com/a861252012/testnet-wallet-lab/internal/wallet/scanner.go:106.57,110.16 4 4
github.com/a861252012/testnet-wallet-lab/internal/wallet/scanner.go:110.16,112.3 1 0
github.com/a861252012/testnet-wallet-lab/internal/wallet/scanner.go:113.2,113.41 1 4
github.com/a861252012/testnet-wallet-lab/internal/wallet/scanner.go:116.85,120.16 4 2
github.com/a861252012/testnet-wallet-lab/internal/wallet/scanner.go:120.16,122.3 1 0
github.com/a861252012/testnet-wallet-lab/internal/wallet/scanner.go:123.2,123.18 1 2
github.com/a861252012/testnet-wallet-lab/internal/wallet/scanner.go:123.18,126.3 2 1
github.com/a861252012/testnet-wallet-lab/internal/wallet/scanner.go:127.2,130.16 4 2
github.com/a861252012/testnet-wallet-lab/internal/wallet/scanner.go:130.16,132.3 1 0
github.com/a861252012/testnet-wallet-lab/internal/wallet/scanner.go:133.2,133.93 1 2
github.com/a861252012/testnet-wallet-lab/internal/wallet/scanner.go:133.93,135.3 1 0
github.com/a861252012/testnet-wallet-lab/internal/wallet/scanner.go:136.2,136.41 1 2
github.com/a861252012/testnet-wallet-lab/internal/wallet/scanner.go:139.55,143.34 4 2
github.com/a861252012/testnet-wallet-lab/internal/wallet/scanner.go:143.34,145.3 1 0
github.com/a861252012/testnet-wallet-lab/internal/wallet/scanner.go:146.2,147.16 2 2
github.com/a861252012/testnet-wallet-lab/internal/wallet/scanner.go:147.16,149.3 1 0
github.com/a861252012/testnet-wallet-lab/internal/wallet/scanner.go:150.2,151.16 2 2
github.com/a861252012/testnet-wallet-lab/internal/wallet/scanner.go:151.16,153.22 2 2
github.com/a861252012/testnet-wallet-lab/internal/wallet/scanner.go:153.22,155.18 2 0
github.com/a861252012/testnet-wallet-lab/internal/wallet/scanner.go:155.18,157.5 1 0
github.com/a861252012/testnet-wallet-lab/internal/wallet/scanner.go:158.4,158.28 1 0
github.com/a861252012/testnet-wallet-lab/internal/wallet/scanner.go:160.3,160.26 1 2
github.com/a861252012/testnet-wallet-lab/internal/wallet/scanner.go:160.26,163.18 3 2
github.com/a861252012/testnet-wallet-lab/internal/wallet/scanner.go:163.18,165.5 1 1
github.com/a861252012/testnet-wallet-lab/internal/wallet/scanner.go:166.4,166.18 1 2
github.com/a861252012/testnet-wallet-lab/internal/wallet/scanner.go:166.18,168.40 2 1
github.com/a861252012/testnet-wallet-lab/internal/wallet/scanner.go:168.40,170.6 1 0
github.com/a861252012/testnet-wallet-lab/internal/wallet/scanner.go:171.5,171.38 1 1
github.com/a861252012/testnet-wallet-lab/internal/wallet/scanner.go:171.38,173.25 2 0
github.com/a861252012/testnet-wallet-lab/internal/wallet/scanner.go:173.25,175.7 1 0
github.com/a861252012/testnet-wallet-lab/internal/wallet/scanner.go:176.6,176.50 1 0
github.com/a861252012/testnet-wallet-lab/internal/wallet/scanner.go:176.50,179.7 2 0
github.com/a861252012/testnet-wallet-lab/internal/wallet/scanner.go:181.5,181.20 1 1
github.com/a861252012/testnet-wallet-lab/internal/wallet/scanner.go:185.2,186.16 2 2
github.com/a861252012/testnet-wallet-lab/internal/wallet/scanner.go:186.16,188.3 1 1
github.com/a861252012/testnet-wallet-lab/internal/wallet/scanner.go:189.2,191.23 3 2
github.com/a861252012/testnet-wallet-lab/internal/wallet/scanner.go:191.23,193.3 1 0
github.com/a861252012/testnet-wallet-lab/internal/wallet/scanner.go:194.2,194.101 1 2
github.com/a861252012/testnet-wallet-lab/internal/wallet/scanner.go:194.101,196.3 1 0
github.com/a861252012/testnet-wallet-lab/internal/wallet/scanner.go:197.2,197.12 1 2
github.com/a861252012/testnet-wallet-lab/internal/wallet/scanner.go:201.55,205.6 4 0
github.com/a861252012/testnet-wallet-lab/internal/wallet/scanner.go:205.6,206.10 1 0
github.com/a861252012/testnet-wallet-lab/internal/wallet/scanner.go:207.21,208.10 1 0
github.com/a861252012/testnet-wallet-lab/internal/wallet/scanner.go:209.19,210.28 1 0
github.com/a861252012/testnet-wallet-lab/internal/wallet/scanner.go:210.28,211.13 1 0
github.com/a861252012/testnet-wallet-lab/internal/wallet/scanner.go:213.4,213.37 1 0
github.com/a861252012/testnet-wallet-lab/internal/wallet/scanner.go:213.37,218.5 4 0
github.com/a861252012/testnet-wallet-lab/internal/wallet/scanner.go:219.4,221.12 3 0
github.com/a861252012/testnet-wallet-lab/internal/wallet/service.go:42.96,43.21 1 111
github.com/a861252012/testnet-wallet-lab/internal/wallet/service.go:43.21,45.3 1 0
github.com/a861252012/testnet-wallet-lab/internal/wallet/service.go:47.2,48.28 2 111
github.com/a861252012/testnet-wallet-lab/internal/wallet/service.go:48.28,51.3 2 106
github.com/a861252012/testnet-wallet-lab/internal/wallet/service.go:53.2,53.53 1 111
github.com/a861252012/testnet-wallet-lab/internal/wallet/service.go:53.53,55.3 1 0
github.com/a861252012/testnet-wallet-lab/internal/wallet/service.go:56.2,56.50 1 111
github.com/a861252012/testnet-wallet-lab/internal/wallet/service.go:56.50,58.3 1 0
github.com/a861252012/testnet-wallet-lab/internal/wallet/service.go:59.2,60.16 2 111
github.com/a861252012/testnet-wallet-lab/internal/wallet/service.go:60.16,62.3 1 0
github.com/a861252012/testnet-wallet-lab/internal/wallet/service.go:63.2,63.87 1 111
github.com/a861252012/testnet-wallet-lab/internal/wallet/service.go:63.87,66.3 2 1
github.com/a861252012/testnet-wallet-lab/internal/wallet/service.go:67.2,68.15 2 110
github.com/a861252012/testnet-wallet-lab/internal/wallet/service.go:68.15,69.15 1 110
github.com/a861252012/testnet-wallet-lab/internal/wallet/service.go:69.15,71.4 1 0
github.com/a861252012/testnet-wallet-lab/internal/wallet/service.go:73.2,75.16 3 110
github.com/a861252012/testnet-wallet-lab/internal/wallet/service.go:75.16,77.3 1 0
github.com/a861252012/testnet-wallet-lab/internal/wallet/service.go:79.2,80.48 2 110
github.com/a861252012/testnet-wallet-lab/internal/wallet/service.go:80.48,82.3 1 0
github.com/a861252012/testnet-wallet-lab/internal/wallet/service.go:84.2,93.8 2 110
github.com/a861252012/testnet-wallet-lab/internal/wallet/service.go:96.33,101.23 5 116
github.com/a861252012/testnet-wallet-lab/internal/wallet/service.go:101.23,103.3 1 6
github.com/a861252012/testnet-wallet-lab/internal/wallet/service.go:104.2,106.12 3 110
github.com/a861252012/testnet-wallet-lab/internal/wallet/service.go:109.38,111.2 1 0
github.com/a861252012/testnet-wallet-lab/internal/wallet/service.go:114.35,116.2 1 0
github.com/a861252012/testnet-wallet-lab/internal/wallet/service.go:118.86,128.2 1 73
github.com/a861252012/testnet-wallet-lab/internal/wallet/service.go:130.49,132.54 2 1
github.com/a861252012/testnet-wallet-lab/internal/wallet/service.go:132.54,134.3 1 0
github.com/a861252012/testnet-wallet-lab/internal/wallet/service.go:135.2,147.43 2 1
github.com/a861252012/testnet-wallet-lab/internal/wallet/service.go:147.43,149.3 1 1
github.com/a861252012/testnet-wallet-lab/internal/wallet/service.go:150.2,150.18 1 1
github.com/a861252012/testnet-wallet-lab/internal/wallet/service.go:153.68,155.2 1 20
github.com/a861252012/testnet-wallet-lab/internal/wallet/service.go:157.78,159.2 1 68
github.com/a861252012/testnet-wallet-lab/internal/wallet/service.go:161.68,163.2 1 6
github.com/a861252012/testnet-wallet-lab/internal/wallet/service.go:165.111,169.2 3 1
github.com/a861252012/testnet-wallet-lab/internal/wallet/service.go:171.70,175.2 3 0
github.com/a861252012/testnet-wallet-lab/internal/wallet/service.go:177.92,178.26 1 6
github.com/a861252012/testnet-wallet-lab/internal/wallet/service.go:178.26,180.3 1 0
github.com/a861252012/testnet-wallet-lab/internal/wallet/service.go:181.2,182.16 2 6
github.com/a861252012/testnet-wallet-lab/internal/wallet/service.go:182.16,184.3 1 0
github.com/a861252012/testnet-wallet-lab/internal/wallet/service.go:185.2,188.16 3 6
github.com/a861252012/testnet-wallet-lab/internal/wallet/service.go:188.16,190.3 1 0
github.com/a861252012/testnet-wallet-lab/internal/wallet/service.go:192.2,193.16 2 6
github.com/a861252012/testnet-wallet-lab/internal/wallet/service.go:193.16,195.3 1 0
github.com/a861252012/testnet-wallet-lab/internal/wallet/service.go:197.2,198.16 2 6
github.com/a861252012/testnet-wallet-lab/internal/wallet/service.go:198.16,200.3 1 0
github.com/a861252012/testnet-wallet-lab/internal/wallet/service.go:202.2,210.13 3 6
github.com/a861252012/testnet-wallet-lab/internal/wallet/service.go:210.13,211.53 1 4
github.com/a861252012/testnet-wallet-lab/internal/wallet/service.go:211.53,213.4 1 1
github.com/a861252012/testnet-wallet-lab/internal/wallet/service.go:214.3,214.22 1 3
github.com/a861252012/testnet-wallet-lab/internal/wallet/service.go:216.2,216.19 1 5
github.com/a861252012/testnet-wallet-lab/internal/wallet/service.go:216.19,218.17 2 2
github.com/a861252012/testnet-wallet-lab/internal/wallet/service.go:218.17,220.4 1 1
github.com/a861252012/testnet-wallet-lab/internal/wallet/service.go:221.3,222.17 2 1
github.com/a861252012/testnet-wallet-lab/internal/wallet/service.go:222.17,224.4 1 0
github.com/a861252012/testnet-wallet-lab/internal/wallet/service.go:225.3,225.115 1 1
github.com/a861252012/testnet-wallet-lab/internal/wallet/service.go:227.2,227.18 1 4
github.com/a861252012/testnet-wallet-lab/internal/wallet/service.go:230.89,232.16 2 121
github.com/a861252012/testnet-wallet-lab/internal/wallet/service.go:232.16,234.3 1 1
github.com/a861252012/testnet-wallet-lab/internal/wallet/service.go:235.2,235.37 1 120
github.com/a861252012/testnet-wallet-lab/internal/wallet/service.go:238.99,241.27 3 120
github.com/a861252012/testnet-wallet-lab/internal/wallet/service.go:241.27,243.3 1 0
github.com/a861252012/testnet-wallet-lab/internal/wallet/service.go:244.2,244.26 1 120
github.com/a861252012/testnet-wallet-lab/internal/wallet/service.go:244.26,246.3 1 0
github.com/a861252012/testnet-wallet-lab/internal/wallet/service.go:248.2,248.71 1 120
github.com/a861252012/testnet-wallet-lab/internal/wallet/service.go:248.71,250.17 2 18
github.com/a861252012/testnet-wallet-lab/internal/wallet/service.go:250.17,252.4 1 0
github.com/a861252012/testnet-wallet-lab/internal/wallet/service.go:253.3,253.55 1 18
github.com/a861252012/testnet-wallet-lab/internal/wallet/service.go:253.55,255.4 1 0
github.com/a861252012/testnet-wallet-lab/internal/wallet/service.go:256.3,256.45 1 18
github.com/a861252012/testnet-wallet-lab/internal/wallet/service.go:256.45,258.4 1 0
github.com/a861252012/testnet-wallet-lab/internal/wallet/service.go:259.3,259.33 1 18
github.com/a861252012/testnet-wallet-lab/internal/wallet/service.go:262.2,262.43 1 102
github.com/a861252012/testnet-wallet-lab/internal/wallet/service.go:262.43,263.25 1 9
github.com/a861252012/testnet-wallet-lab/internal/wallet/service.go:264.45,265.115 1 0
github.com/a861252012/testnet-wallet-lab/internal/wallet/service.go:266.48,267.81 1 2
github.com/a861252012/testnet-wallet-lab/internal/wallet/service.go:271.2,271.83 1 100
github.com/a861252012/testnet-wallet-lab/internal/wallet/service.go:271.83,272.27 1 10
github.com/a861252012/testnet-wallet-lab/internal/wallet/service.go:272.27,274.4 1 2
github.com/a861252012/testnet-wallet-lab/internal/wallet/service.go:275.3,275.48 1 8
github.com/a861252012/testnet-wallet-lab/internal/wallet/service.go:278.2,278.31 1 98
github.com/a861252012/testnet-wallet-lab/internal/wallet/service.go:278.31,280.3 1 3
github.com/a861252012/testnet-wallet-lab/internal/wallet/service.go:282.2,283.16 2 95
github.com/a861252012/testnet-wallet-lab/internal/wallet/service.go:283.16,285.3 1 0
github.com/a861252012/testnet-wallet-lab/internal/wallet/service.go:286.2,289.16 3 95
github.com/a861252012/testnet-wallet-lab/internal/wallet/service.go:289.16,291.3 1 21
github.com/a861252012/testnet-wallet-lab/internal/wallet/service.go:293.2,293.33 1 74
github.com/a861252012/testnet-wallet-lab/internal/wallet/service.go:293.33,295.3 1 51
github.com/a861252012/testnet-wallet-lab/internal/wallet/service.go:296.2,296.54 1 74
github.com/a861252012/testnet-wallet-lab/internal/wallet/service.go:296.54,298.3 1 0
github.com/a861252012/testnet-wallet-lab/internal/wallet/service.go:299.2,299.44 1 74
github.com/a861252012/testnet-wallet-lab/internal/wallet/service.go:299.44,301.3 1 0
github.com/a861252012/testnet-wallet-lab/internal/wallet/service.go:303.2,303.32 1 74
github.com/a861252012/testnet-wallet-lab/internal/wallet/service.go:306.94,310.27 3 95
github.com/a861252012/testnet-wallet-lab/internal/wallet/service.go:310.27,312.3 1 0
github.com/a861252012/testnet-wallet-lab/internal/wallet/service.go:314.2,314.67 1 95
github.com/a861252012/testnet-wallet-lab/internal/wallet/service.go:314.67,316.3 1 8
github.com/a861252012/testnet-wallet-lab/internal/wallet/service.go:318.2,319.16 2 87
github.com/a861252012/testnet-wallet-lab/internal/wallet/service.go:319.16,321.3 1 1
github.com/a861252012/testnet-wallet-lab/internal/wallet/service.go:323.2,323.62 1 86
github.com/a861252012/testnet-wallet-lab/internal/wallet/service.go:323.62,325.3 1 0
github.com/a861252012/testnet-wallet-lab/internal/wallet/service.go:328.2,329.16 2 86
github.com/a861252012/testnet-wallet-lab/internal/wallet/service.go:329.16,331.3 1 2
github.com/a861252012/testnet-wallet-lab/internal/wallet/service.go:332.2,334.31 2 84
github.com/a861252012/testnet-wallet-lab/internal/wallet/service.go:334.31,336.3 1 0
github.com/a861252012/testnet-wallet-lab/internal/wallet/service.go:337.2,337.41 1 84
github.com/a861252012/testnet-wallet-lab/internal/wallet/service.go:337.41,339.3 1 0
github.com/a861252012/testnet-wallet-lab/internal/wallet/service.go:341.2,341.51 1 84
github.com/a861252012/testnet-wallet-lab/internal/wallet/service.go:341.51,343.3 1 2
github.com/a861252012/testnet-wallet-lab/internal/wallet/service.go:345.2,346.33 2 82
github.com/a861252012/testnet-wallet-lab/internal/wallet/service.go:346.33,347.73 1 16
github.com/a861252012/testnet-wallet-lab/internal/wallet/service.go:347.73,349.4 1 8
github.com/a861252012/testnet-wallet-lab/internal/wallet/service.go:350.3,351.86 2 8
github.com/a861252012/testnet-wallet-lab/internal/wallet/service.go:351.86,353.4 1 0
github.com/a861252012/testnet-wallet-lab/internal/wallet/service.go:354.3,354.29 1 8
github.com/a861252012/testnet-wallet-lab/internal/wallet/service.go:356.2,356.16 1 74
github.com/a861252012/testnet-wallet-lab/internal/wallet/service.go:356.16,358.3 1 0
github.com/a861252012/testnet-wallet-lab/internal/wallet/service.go:359.2,359.33 1 74
github.com/a861252012/testnet-wallet-lab/internal/wallet/service.go:359.33,361.3 1 1
github.com/a861252012/testnet-wallet-lab/internal/wallet/service.go:363.2,363.55 1 73
github.com/a861252012/testnet-wallet-lab/internal/wallet/service.go:363.55,365.3 1 0
github.com/a861252012/testnet-wallet-lab/internal/wallet/service.go:368.2,369.16 2 73
github.com/a861252012/testnet-wallet-lab/internal/wallet/service.go:369.16,371.3 1 0
github.com/a861252012/testnet-wallet-lab/internal/wallet/service.go:372.2,372.43 1 73
github.com/a861252012/testnet-wallet-lab/internal/wallet/service.go:372.43,374.3 1 1
github.com/a861252012/testnet-wallet-lab/internal/wallet/service.go:377.2,377.32 1 72
github.com/a861252012/testnet-wallet-lab/internal/wallet/service.go:377.32,379.17 2 4
github.com/a861252012/testnet-wallet-lab/internal/wallet/service.go:379.17,381.4 1 0
github.com/a861252012/testnet-wallet-lab/internal/wallet/service.go:382.3,382.38 1 4
github.com/a861252012/testnet-wallet-lab/internal/wallet/service.go:382.38,384.4 1 0
github.com/a861252012/testnet-wallet-lab/internal/wallet/service.go:387.2,388.16 2 72
github.com/a861252012/testnet-wallet-lab/internal/wallet/service.go:388.16,390.3 1 0
github.com/a861252012/testnet-wallet-lab/internal/wallet/service.go:391.2,391.69 1 72
github.com/a861252012/testnet-wallet-lab/internal/wallet/service.go:391.69,393.3 1 0
github.com/a861252012/testnet-wallet-lab/internal/wallet/service.go:394.2,394.31 1 72
github.com/a861252012/testnet-wallet-lab/internal/wallet/service.go:394.31,396.17 2 3
github.com/a861252012/testnet-wallet-lab/internal/wallet/service.go:396.17,398.4 1 0
github.com/a861252012/testnet-wallet-lab/internal/wallet/service.go:399.3,399.57 1 3
github.com/a861252012/testnet-wallet-lab/internal/wallet/service.go:399.57,401.4 1 1
github.com/a861252012/testnet-wallet-lab/internal/wallet/service.go:403.2,403.22 1 71
github.com/a861252012/testnet-wallet-lab/internal/wallet/service.go:404.32,405.63 1 7
github.com/a861252012/testnet-wallet-lab/internal/wallet/service.go:405.63,407.4 1 4
github.com/a861252012/testnet-wallet-lab/internal/wallet/service.go:408.47,409.125 1 7
github.com/a861252012/testnet-wallet-lab/internal/wallet/service.go:409.125,411.4 1 2
github.com/a861252012/testnet-wallet-lab/internal/wallet/service.go:412.3,412.79 1 5
github.com/a861252012/testnet-wallet-lab/internal/wallet/service.go:412.79,414.4 1 1
github.com/a861252012/testnet-wallet-lab/internal/wallet/service.go:415.3,415.42 1 4
github.com/a861252012/testnet-wallet-lab/internal/wallet/service.go:415.42,417.18 2 3
github.com/a861252012/testnet-wallet-lab/internal/wallet/service.go:417.18,419.5 1 0
github.com/a861252012/testnet-wallet-lab/internal/wallet/service.go:420.4,420.41 1 3
github.com/a861252012/testnet-wallet-lab/internal/wallet/service.go:420.41,422.5 1 1
github.com/a861252012/testnet-wallet-lab/internal/wallet/service.go:424.3,424.109 1 3
github.com/a861252012/testnet-wallet-lab/internal/wallet/service.go:424.109,426.4 1 1
github.com/a861252012/testnet-wallet-lab/internal/wallet/service.go:428.2,428.87 1 62
github.com/a861252012/testnet-wallet-lab/internal/wallet/service.go:428.87,430.17 2 6
github.com/a861252012/testnet-wallet-lab/internal/wallet/service.go:430.17,432.4 1 0
github.com/a861252012/testnet-wallet-lab/internal/wallet/service.go:433.3,433.59 1 6
github.com/a861252012/testnet-wallet-lab/internal/wallet/service.go:433.59,435.4 1 0
github.com/a861252012/testnet-wallet-lab/internal/wallet/service.go:436.3,436.94 1 6
github.com/a861252012/testnet-wallet-lab/internal/wallet/service.go:436.94,438.4 1 0
github.com/a861252012/testnet-wallet-lab/internal/wallet/service.go:440.2,440.34 1 62
github.com/a861252012/testnet-wallet-lab/internal/wallet/service.go:440.34,442.3 1 0
github.com/a861252012/testnet-wallet-lab/internal/wallet/service.go:443.2,443.41 1 62
github.com/a861252012/testnet-wallet-lab/internal/wallet/service.go:443.41,445.3 1 0
github.com/a861252012/testnet-wallet-lab/internal/wallet/service.go:446.2,446.33 1 62
github.com/a861252012/testnet-wallet-lab/internal/wallet/service.go:446.33,448.17 2 8
github.com/a861252012/testnet-wallet-lab/internal/wallet/service.go:448.17,450.4 1 0
github.com/a861252012/testnet-wallet-lab/internal/wallet/service.go:451.3,451.27 1 8
github.com/a861252012/testnet-wallet-lab/internal/wallet/service.go:451.27,453.4 1 0
github.com/a861252012/testnet-wallet-lab/internal/wallet/service.go:455.2,455.34 1 62
github.com/a861252012/testnet-wallet-lab/internal/wallet/service.go:455.34,457.3 1 0
github.com/a861252012/testnet-wallet-lab/internal/wallet/service.go:458.2,458.41 1 62
github.com/a861252012/testnet-wallet-lab/internal/wallet/service.go:458.41,460.3 1 0
github.com/a861252012/testnet-wallet-lab/internal/wallet/service.go:462.2,475.16 5 62
github.com/a861252012/testnet-wallet-lab/internal/wallet/service.go:475.16,477.3 1 0
github.com/a861252012/testnet-wallet-lab/internal/wallet/service.go:479.2,481.16 3 62
github.com/a861252012/testnet-wallet-lab/internal/wallet/service.go:481.16,483.3 1 0
github.com/a861252012/testnet-wallet-lab/internal/wallet/service.go:484.2,505.16 5 62
github.com/a861252012/testnet-wallet-lab/internal/wallet/service.go:505.16,506.38 1 3
github.com/a861252012/testnet-wallet-lab/internal/wallet/service.go:506.38,508.4 1 2
github.com/a861252012/testnet-wallet-lab/internal/wallet/service.go:509.3,509.18 1 3
github.com/a861252012/testnet-wallet-lab/internal/wallet/service.go:513.2,516.25 4 59
github.com/a861252012/testnet-wallet-lab/internal/wallet/service.go:516.25,519.3 2 13
github.com/a861252012/testnet-wallet-lab/internal/wallet/service.go:521.2,522.16 2 59
github.com/a861252012/testnet-wallet-lab/internal/wallet/service.go:522.16,525.3 2 1
github.com/a861252012/testnet-wallet-lab/internal/wallet/service.go:526.2,527.14 2 58
github.com/a861252012/testnet-wallet-lab/internal/wallet/service.go:527.14,529.20 2 2
github.com/a861252012/testnet-wallet-lab/internal/wallet/service.go:529.20,531.4 1 2
github.com/a861252012/testnet-wallet-lab/internal/wallet/service.go:533.2,533.54 1 56
github.com/a861252012/testnet-wallet-lab/internal/wallet/service.go:536.82,540.27 3 9
github.com/a861252012/testnet-wallet-lab/internal/wallet/service.go:540.27,542.3 1 1
github.com/a861252012/testnet-wallet-lab/internal/wallet/service.go:544.2,545.19 2 8
github.com/a861252012/testnet-wallet-lab/internal/wallet/service.go:545.19,547.3 1 0
github.com/a861252012/testnet-wallet-lab/internal/wallet/service.go:549.2,549.40 1 8
github.com/a861252012/testnet-wallet-lab/internal/wallet/service.go:549.40,550.64 1 0
github.com/a861252012/testnet-wallet-lab/internal/wallet/service.go:550.64,552.4 1 0
github.com/a861252012/testnet-wallet-lab/internal/wallet/service.go:553.3,553.59 1 0
github.com/a861252012/testnet-wallet-lab/internal/wallet/service.go:556.2,559.16 3 8
github.com/a861252012/testnet-wallet-lab/internal/wallet/service.go:559.16,561.3 1 0
github.com/a861252012/testnet-wallet-lab/internal/wallet/service.go:563.2,564.53 2 8
github.com/a861252012/testnet-wallet-lab/internal/wallet/service.go:564.53,566.3 1 0
github.com/a861252012/testnet-wallet-lab/internal/wallet/service.go:569.2,569.44 1 8
github.com/a861252012/testnet-wallet-lab/internal/wallet/service.go:569.44,571.3 1 0
github.com/a861252012/testnet-wallet-lab/internal/wallet/service.go:572.2,572.59 1 8
github.com/a861252012/testnet-wallet-lab/internal/wallet/service.go:572.59,574.3 1 0
github.com/a861252012/testnet-wallet-lab/internal/wallet/service.go:576.2,579.25 4 8
github.com/a861252012/testnet-wallet-lab/internal/wallet/service.go:579.25,582.3 2 3
github.com/a861252012/testnet-wallet-lab/internal/wallet/service.go:584.2,585.16 2 8
github.com/a861252012/testnet-wallet-lab/internal/wallet/service.go:585.16,588.3 2 1
github.com/a861252012/testnet-wallet-lab/internal/wallet/service.go:589.2,589.14 1 7
github.com/a861252012/testnet-wallet-lab/internal/wallet/service.go:589.14,591.20 2 2
github.com/a861252012/testnet-wallet-lab/internal/wallet/service.go:591.20,593.4 1 2
github.com/a861252012/testnet-wallet-lab/internal/wallet/service.go:596.2,596.54 1 5
github.com/a861252012/testnet-wallet-lab/internal/wallet/service.go:599.74,606.37 6 13
github.com/a861252012/testnet-wallet-lab/internal/wallet/service.go:606.37,609.23 3 9
github.com/a861252012/testnet-wallet-lab/internal/wallet/service.go:609.23,611.9 2 2
github.com/a861252012/testnet-wallet-lab/internal/wallet/service.go:613.3,615.23 3 7
github.com/a861252012/testnet-wallet-lab/internal/wallet/service.go:615.23,617.9 2 1
github.com/a861252012/testnet-wallet-lab/internal/wallet/service.go:619.3,619.34 1 6
github.com/a861252012/testnet-wallet-lab/internal/wallet/service.go:619.34,620.24 1 1
github.com/a861252012/testnet-wallet-lab/internal/wallet/service.go:621.85,622.165 1 1
github.com/a861252012/testnet-wallet-lab/internal/wallet/service.go:622.165,625.6 2 0
github.com/a861252012/testnet-wallet-lab/internal/wallet/service.go:628.3,628.40 1 6
github.com/a861252012/testnet-wallet-lab/internal/wallet/service.go:628.40,630.84 2 5
github.com/a861252012/testnet-wallet-lab/internal/wallet/service.go:630.84,631.125 1 3
github.com/a861252012/testnet-wallet-lab/internal/wallet/service.go:631.125,634.6 2 0
github.com/a861252012/testnet-wallet-lab/internal/wallet/service.go:637.3,637.17 1 6
github.com/a861252012/testnet-wallet-lab/internal/wallet/service.go:637.17,639.4 1 5
github.com/a861252012/testnet-wallet-lab/internal/wallet/service.go:642.2,642.44 1 13
github.com/a861252012/testnet-wallet-lab/internal/wallet/service.go:642.44,644.3 1 0
github.com/a861252012/testnet-wallet-lab/internal/wallet/service.go:646.2,646.56 1 13
github.com/a861252012/testnet-wallet-lab/internal/wallet/service.go:646.56,649.3 2 0
github.com/a861252012/testnet-wallet-lab/internal/wallet/service.go:650.2,653.8 1 13
github.com/a861252012/testnet-wallet-lab/internal/wallet/service.go:657.99,659.16 2 1
github.com/a861252012/testnet-wallet-lab/internal/wallet/service.go:659.16,661.3 1 0
github.com/a861252012/testnet-wallet-lab/internal/wallet/service.go:662.2,664.28 3 1
github.com/a861252012/testnet-wallet-lab/internal/wallet/service.go:664.28,666.3 1 0
github.com/a861252012/testnet-wallet-lab/internal/wallet/service.go:667.2,667.21 1 1
github.com/a861252012/testnet-wallet-lab/internal/wallet/solana.go:75.76,77.79 2 9
github.com/a861252012/testnet-wallet-lab/internal/wallet/solana.go:77.79,79.3 1 0
github.com/a861252012/testnet-wallet-lab/internal/wallet/solana.go:80.2,80.12 1 9
github.com/a861252012/testnet-wallet-lab/internal/wallet/solana.go:80.12,82.3 1 0
github.com/a861252012/testnet-wallet-lab/internal/wallet/solana.go:83.2,83.47 1 9
github.com/a861252012/testnet-wallet-lab/internal/wallet/solana.go:83.47,85.3 1 0
github.com/a861252012/testnet-wallet-lab/internal/wallet/solana.go:86.2,87.16 2 9
github.com/a861252012/testnet-wallet-lab/internal/wallet/solana.go:87.16,89.3 1 0
github.com/a861252012/testnet-wallet-lab/internal/wallet/solana.go:90.2,90.87 1 9
github.com/a861252012/testnet-wallet-lab/internal/wallet/solana.go:90.87,93.3 2 0
github.com/a861252012/testnet-wallet-lab/internal/wallet/solana.go:94.2,96.39 3 9
github.com/a861252012/testnet-wallet-lab/internal/wallet/solana.go:96.39,99.3 2 0
github.com/a861252012/testnet-wallet-lab/internal/wallet/solana.go:100.2,101.19 2 9
github.com/a861252012/testnet-wallet-lab/internal/wallet/solana.go:101.19,102.65 1 3
github.com/a861252012/testnet-wallet-lab/internal/wallet/solana.go:102.65,105.4 2 0
github.com/a861252012/testnet-wallet-lab/internal/wallet/solana.go:107.2,107.19 1 9
github.com/a861252012/testnet-wallet-lab/internal/wallet/solana.go:107.19,109.3 1 3
github.com/a861252012/testnet-wallet-lab/internal/wallet/solana.go:110.2,110.30 1 9
github.com/a861252012/testnet-wallet-lab/internal/wallet/solana.go:110.30,112.17 2 3
github.com/a861252012/testnet-wallet-lab/internal/wallet/solana.go:112.17,115.4 2 0
github.com/a861252012/testnet-wallet-lab/internal/wallet/solana.go:116.3,118.133 3 3
github.com/a861252012/testnet-wallet-lab/internal/wallet/solana.go:118.133,121.4 2 0
github.com/a861252012/testnet-wallet-lab/internal/wallet/solana.go:123.2,123.15 1 9
github.com/a861252012/testnet-wallet-lab/internal/wallet/solana.go:125.39,129.2 3 10
github.com/a861252012/testnet-wallet-lab/internal/wallet/solana.go:130.58,132.16 2 24
github.com/a861252012/testnet-wallet-lab/internal/wallet/solana.go:132.16,134.3 1 1
github.com/a861252012/testnet-wallet-lab/internal/wallet/solana.go:135.2,135.45 1 23
github.com/a861252012/testnet-wallet-lab/internal/wallet/solana.go:135.45,137.3 1 1
github.com/a861252012/testnet-wallet-lab/internal/wallet/solana.go:138.2,138.12 1 22
github.com/a861252012/testnet-wallet-lab/internal/wallet/solana.go:140.56,144.24 4 3
github.com/a861252012/testnet-wallet-lab/internal/wallet/solana.go:144.24,146.3 1 0
github.com/a861252012/testnet-wallet-lab/internal/wallet/solana.go:147.2,147.16 1 3
github.com/a861252012/testnet-wallet-lab/internal/wallet/solana.go:147.16,149.3 1 0
github.com/a861252012/testnet-wallet-lab/internal/wallet/solana.go:150.2,150.88 1 3
github.com/a861252012/testnet-wallet-lab/internal/wallet/solana.go:152.94,154.16 2 0
github.com/a861252012/testnet-wallet-lab/internal/wallet/solana.go:154.16,156.3 1 0
github.com/a861252012/testnet-wallet-lab/internal/wallet/solana.go:157.2,157.37 1 0
github.com/a861252012/testnet-wallet-lab/internal/wallet/solana.go:157.37,159.3 1 0
github.com/a861252012/testnet-wallet-lab/internal/wallet/solana.go:160.2,161.33 2 0
github.com/a861252012/testnet-wallet-lab/internal/wallet/solana.go:161.33,163.3 1 0
github.com/a861252012/testnet-wallet-lab/internal/wallet/solana.go:164.2,164.194 1 0
github.com/a861252012/testnet-wallet-lab/internal/wallet/solana.go:166.43,167.30 1 18
github.com/a861252012/testnet-wallet-lab/internal/wallet/solana.go:167.30,168.88 1 12
github.com/a861252012/testnet-wallet-lab/internal/wallet/solana.go:168.88,170.4 1 2
github.com/a861252012/testnet-wallet-lab/internal/wallet/solana.go:172.2,172.14 1 16
github.com/a861252012/testnet-wallet-lab/internal/wallet/solana.go:174.93,177.13 3 6
github.com/a861252012/testnet-wallet-lab/internal/wallet/solana.go:177.13,179.3 1 0
github.com/a861252012/testnet-wallet-lab/internal/wallet/solana.go:180.2,180.20 1 6
github.com/a861252012/testnet-wallet-lab/internal/wallet/solana.go:180.20,182.3 1 1
github.com/a861252012/testnet-wallet-lab/internal/wallet/solana.go:183.2,184.64 2 5
github.com/a861252012/testnet-wallet-lab/internal/wallet/solana.go:184.64,186.3 1 0
github.com/a861252012/testnet-wallet-lab/internal/wallet/solana.go:187.2,188.68 2 5
github.com/a861252012/testnet-wallet-lab/internal/wallet/solana.go:188.68,190.3 1 1
github.com/a861252012/testnet-wallet-lab/internal/wallet/solana.go:191.2,191.37 1 4
github.com/a861252012/testnet-wallet-lab/internal/wallet/solana.go:191.37,193.3 1 0
github.com/a861252012/testnet-wallet-lab/internal/wallet/solana.go:194.2,195.16 2 4
github.com/a861252012/testnet-wallet-lab/internal/wallet/solana.go:195.16,197.3 1 0
github.com/a861252012/testnet-wallet-lab/internal/wallet/solana.go:198.2,199.16 2 4
github.com/a861252012/testnet-wallet-lab/internal/wallet/solana.go:199.16,201.3 1 0
github.com/a861252012/testnet-wallet-lab/internal/wallet/solana.go:202.2,203.56 2 4
github.com/a861252012/testnet-wallet-lab/internal/wallet/solana.go:203.56,205.3 1 0
github.com/a861252012/testnet-wallet-lab/internal/wallet/solana.go:206.2,207.16 2 4
github.com/a861252012/testnet-wallet-lab/internal/wallet/solana.go:207.16,209.3 1 0
github.com/a861252012/testnet-wallet-lab/internal/wallet/solana.go:210.2,211.16 2 4
github.com/a861252012/testnet-wallet-lab/internal/wallet/solana.go:211.16,213.3 1 0
github.com/a861252012/testnet-wallet-lab/internal/wallet/solana.go:214.2,215.50 2 4
github.com/a861252012/testnet-wallet-lab/internal/wallet/solana.go:215.50,217.3 1 0
github.com/a861252012/testnet-wallet-lab/internal/wallet/solana.go:218.2,219.34 2 4
github.com/a861252012/testnet-wallet-lab/internal/wallet/solana.go:219.34,221.3 1 0
github.com/a861252012/testnet-wallet-lab/internal/wallet/solana.go:222.2,223.58 2 4
github.com/a861252012/testnet-wallet-lab/internal/wallet/solana.go:223.58,225.3 1 0
github.com/a861252012/testnet-wallet-lab/internal/wallet/solana.go:227.2,229.95 3 4
github.com/a861252012/testnet-wallet-lab/internal/wallet/solana.go:229.95,231.3 1 0
github.com/a861252012/testnet-wallet-lab/internal/wallet/solana.go:232.2,232.30 1 4
github.com/a861252012/testnet-wallet-lab/internal/wallet/solana.go:232.30,233.34 1 0
github.com/a861252012/testnet-wallet-lab/internal/wallet/solana.go:233.34,235.4 1 0
github.com/a861252012/testnet-wallet-lab/internal/wallet/solana.go:237.2,237.25 1 4
github.com/a861252012/testnet-wallet-lab/internal/wallet/solana.go:237.25,239.3 1 0
github.com/a861252012/testnet-wallet-lab/internal/wallet/solana.go:240.2,242.15 3 4
github.com/a861252012/testnet-wallet-lab/internal/wallet/solana.go:244.41,246.22 2 14
github.com/a861252012/testnet-wallet-lab/internal/wallet/solana.go:246.22,248.3 1 14
github.com/a861252012/testnet-wallet-lab/internal/wallet/solana.go:249.2,249.35 1 14
github.com/a861252012/testnet-wallet-lab/internal/wallet/solana.go:249.35,251.3 1 17
github.com/a861252012/testnet-wallet-lab/internal/wallet/solana.go:252.2,253.16 2 14
github.com/a861252012/testnet-wallet-lab/internal/wallet/solana.go:253.16,255.3 1 14
github.com/a861252012/testnet-wallet-lab/internal/wallet/solana.go:256.2,256.16 1 14
github.com/a861252012/testnet-wallet-lab/internal/wallet/solana.go:256.16,258.3 1 0
github.com/a861252012/testnet-wallet-lab/internal/wallet/solana.go:259.2,259.12 1 14
github.com/a861252012/testnet-wallet-lab/internal/wallet/solana.go:261.95,263.16 2 6
github.com/a861252012/testnet-wallet-lab/internal/wallet/solana.go:263.16,265.3 1 0
github.com/a861252012/testnet-wallet-lab/internal/wallet/solana.go:266.2,268.30 3 6
github.com/a861252012/testnet-wallet-lab/internal/wallet/solana.go:268.30,269.27 1 2
github.com/a861252012/testnet-wallet-lab/internal/wallet/solana.go:269.27,272.4 2 1
github.com/a861252012/testnet-wallet-lab/internal/wallet/solana.go:274.2,274.13 1 5
github.com/a861252012/testnet-wallet-lab/internal/wallet/solana.go:274.13,276.3 1 0
github.com/a861252012/testnet-wallet-lab/internal/wallet/solana.go:277.2,277.20 1 5
github.com/a861252012/testnet-wallet-lab/internal/wallet/solana.go:277.20,279.3 1 0
github.com/a861252012/testnet-wallet-lab/internal/wallet/solana.go:280.2,280.28 1 5
github.com/a861252012/testnet-wallet-lab/internal/wallet/solana.go:280.28,282.3 1 0
github.com/a861252012/testnet-wallet-lab/internal/wallet/solana.go:283.2,284.45 2 5
github.com/a861252012/testnet-wallet-lab/internal/wallet/solana.go:284.45,286.3 1 0
github.com/a861252012/testnet-wallet-lab/internal/wallet/solana.go:287.2,288.16 2 5
github.com/a861252012/testnet-wallet-lab/internal/wallet/solana.go:288.16,290.3 1 0
github.com/a861252012/testnet-wallet-lab/internal/wallet/solana.go:291.2,294.44 4 5
github.com/a861252012/testnet-wallet-lab/internal/wallet/solana.go:294.44,296.3 1 0
github.com/a861252012/testnet-wallet-lab/internal/wallet/solana.go:297.2,297.37 1 5
github.com/a861252012/testnet-wallet-lab/internal/wallet/solana.go:297.37,299.3 1 1
github.com/a861252012/testnet-wallet-lab/internal/wallet/solana.go:300.2,301.16 2 4
github.com/a861252012/testnet-wallet-lab/internal/wallet/solana.go:301.16,303.3 1 0
github.com/a861252012/testnet-wallet-lab/internal/wallet/solana.go:304.2,304.57 1 4
github.com/a861252012/testnet-wallet-lab/internal/wallet/solana.go:304.57,306.3 1 1
github.com/a861252012/testnet-wallet-lab/internal/wallet/solana.go:307.2,308.34 2 3
github.com/a861252012/testnet-wallet-lab/internal/wallet/solana.go:308.34,310.3 1 0
github.com/a861252012/testnet-wallet-lab/internal/wallet/solana.go:311.2,312.58 2 3
github.com/a861252012/testnet-wallet-lab/internal/wallet/solana.go:312.58,314.3 1 0
github.com/a861252012/testnet-wallet-lab/internal/wallet/solana.go:315.2,316.16 2 3
github.com/a861252012/testnet-wallet-lab/internal/wallet/solana.go:316.16,318.3 1 0
github.com/a861252012/testnet-wallet-lab/internal/wallet/solana.go:319.2,320.50 2 3
github.com/a861252012/testnet-wallet-lab/internal/wallet/solana.go:320.50,322.3 1 0
github.com/a861252012/testnet-wallet-lab/internal/wallet/solana.go:323.2,323.24 1 3
github.com/a861252012/testnet-wallet-lab/internal/wallet/solana.go:323.24,325.3 1 0
github.com/a861252012/testnet-wallet-lab/internal/wallet/solana.go:326.2,326.61 1 3
github.com/a861252012/testnet-wallet-lab/internal/wallet/solana.go:326.61,327.33 1 6
github.com/a861252012/testnet-wallet-lab/internal/wallet/solana.go:327.33,329.4 1 6
github.com/a861252012/testnet-wallet-lab/internal/wallet/solana.go:330.3,330.13 1 0
github.com/a861252012/testnet-wallet-lab/internal/wallet/solana.go:332.2,332.16 1 3
github.com/a861252012/testnet-wallet-lab/internal/wallet/solana.go:332.16,334.3 1 0
github.com/a861252012/testnet-wallet-lab/internal/wallet/solana.go:335.2,336.16 2 3
github.com/a861252012/testnet-wallet-lab/internal/wallet/solana.go:336.16,338.3 1 0
github.com/a861252012/testnet-wallet-lab/internal/wallet/solana.go:339.2,341.36 3 3
github.com/a861252012/testnet-wallet-lab/internal/wallet/solana.go:341.36,343.3 1 0
github.com/a861252012/testnet-wallet-lab/internal/wallet/solana.go:344.2,346.66 3 3
github.com/a861252012/testnet-wallet-lab/internal/wallet/solana.go:346.66,349.37 3 3
github.com/a861252012/testnet-wallet-lab/internal/wallet/solana.go:349.37,351.4 1 0
github.com/a861252012/testnet-wallet-lab/internal/wallet/solana.go:353.2,353.21 1 3
github.com/a861252012/testnet-wallet-lab/internal/wallet/solana.go:356.78,359.37 3 11
github.com/a861252012/testnet-wallet-lab/internal/wallet/solana.go:359.37,361.3 1 0
github.com/a861252012/testnet-wallet-lab/internal/wallet/solana.go:362.2,365.27 4 11
github.com/a861252012/testnet-wallet-lab/internal/wallet/solana.go:365.27,367.24 2 12
github.com/a861252012/testnet-wallet-lab/internal/wallet/solana.go:367.24,369.18 2 10
github.com/a861252012/testnet-wallet-lab/internal/wallet/solana.go:369.18,371.31 2 0
github.com/a861252012/testnet-wallet-lab/internal/wallet/solana.go:371.31,373.6 1 0
github.com/a861252012/testnet-wallet-lab/internal/wallet/solana.go:374.5,374.13 1 0
github.com/a861252012/testnet-wallet-lab/internal/wallet/solana.go:376.4,377.65 2 10
github.com/a861252012/testnet-wallet-lab/internal/wallet/solana.go:377.65,379.31 2 1
github.com/a861252012/testnet-wallet-lab/internal/wallet/solana.go:379.31,381.6 1 1
github.com/a861252012/testnet-wallet-lab/internal/wallet/solana.go:382.5,382.13 1 1
github.com/a861252012/testnet-wallet-lab/internal/wallet/solana.go:384.4,386.50 3 9
github.com/a861252012/testnet-wallet-lab/internal/wallet/solana.go:386.50,389.26 3 7
github.com/a861252012/testnet-wallet-lab/internal/wallet/solana.go:389.26,391.6 1 5
github.com/a861252012/testnet-wallet-lab/internal/wallet/solana.go:392.10,392.60 1 2
github.com/a861252012/testnet-wallet-lab/internal/wallet/solana.go:392.60,394.5 1 1
github.com/a861252012/testnet-wallet-lab/internal/wallet/solana.go:395.4,395.62 1 9
github.com/a861252012/testnet-wallet-lab/internal/wallet/solana.go:395.62,399.5 3 8
github.com/a861252012/testnet-wallet-lab/internal/wallet/solana.go:401.3,401.29 1 11
github.com/a861252012/testnet-wallet-lab/internal/wallet/solana.go:401.29,403.4 1 11
github.com/a861252012/testnet-wallet-lab/internal/wallet/solana.go:405.2,405.13 1 11
github.com/a861252012/testnet-wallet-lab/internal/wallet/solana.go:405.13,406.37 1 7
github.com/a861252012/testnet-wallet-lab/internal/wallet/solana.go:406.37,408.4 1 0
github.com/a861252012/testnet-wallet-lab/internal/wallet/solana.go:410.2,410.20 1 11
github.com/a861252012/testnet-wallet-lab/internal/wallet/solana.go:412.93,414.16 2 2
github.com/a861252012/testnet-wallet-lab/internal/wallet/solana.go:414.16,416.3 1 0
github.com/a861252012/testnet-wallet-lab/internal/wallet/solana.go:417.2,420.13 4 2
github.com/a861252012/testnet-wallet-lab/internal/wallet/solana.go:420.13,422.3 1 0
github.com/a861252012/testnet-wallet-lab/internal/wallet/solana.go:423.2,423.37 1 2
github.com/a861252012/testnet-wallet-lab/internal/wallet/solana.go:423.37,425.3 1 0
github.com/a861252012/testnet-wallet-lab/internal/wallet/solana.go:426.2,426.27 1 2
github.com/a861252012/testnet-wallet-lab/internal/wallet/solana.go:426.27,428.24 2 2
github.com/a861252012/testnet-wallet-lab/internal/wallet/solana.go:428.24,430.19 2 2
github.com/a861252012/testnet-wallet-lab/internal/wallet/solana.go:430.19,432.5 1 0
github.com/a861252012/testnet-wallet-lab/internal/wallet/solana.go:433.4,433.40 1 2
github.com/a861252012/testnet-wallet-lab/internal/wallet/solana.go:433.40,435.5 1 1
github.com/a861252012/testnet-wallet-lab/internal/wallet/solana.go:436.4,437.18 2 1
github.com/a861252012/testnet-wallet-lab/internal/wallet/solana.go:437.18,439.5 1 0
github.com/a861252012/testnet-wallet-lab/internal/wallet/solana.go:440.4,440.28 1 1
github.com/a861252012/testnet-wallet-lab/internal/wallet/solana.go:440.28,442.5 1 0
github.com/a861252012/testnet-wallet-lab/internal/wallet/solana.go:443.4,444.18 2 1
github.com/a861252012/testnet-wallet-lab/internal/wallet/solana.go:444.18,446.5 1 0
github.com/a861252012/testnet-wallet-lab/internal/wallet/solana.go:447.4,447.33 1 1
github.com/a861252012/testnet-wallet-lab/internal/wallet/solana.go:447.33,450.39 3 1
github.com/a861252012/testnet-wallet-lab/internal/wallet/solana.go:450.39,452.6 1 0
github.com/a861252012/testnet-wallet-lab/internal/wallet/solana.go:454.4,454.23 1 1
github.com/a861252012/testnet-wallet-lab/internal/wallet/solana.go:457.2,457.46 1 0
github.com/a861252012/testnet-wallet-lab/internal/wallet/solana_keys.go:33.55,37.29 4 4
github.com/a861252012/testnet-wallet-lab/internal/wallet/solana_keys.go:37.29,46.3 8 13
github.com/a861252012/testnet-wallet-lab/internal/wallet/solana_keys.go:47.2,49.12 3 4
github.com/a861252012/testnet-wallet-lab/internal/wallet/solana_keys.go:52.59,54.16 2 15
github.com/a861252012/testnet-wallet-lab/internal/wallet/solana_keys.go:54.16,56.3 1 0
github.com/a861252012/testnet-wallet-lab/internal/wallet/solana_keys.go:57.2,57.29 1 15
github.com/a861252012/testnet-wallet-lab/internal/wallet/solana_keys.go:60.58,62.134 2 16
github.com/a861252012/testnet-wallet-lab/internal/wallet/solana_keys.go:62.134,64.3 1 0
github.com/a861252012/testnet-wallet-lab/internal/wallet/solana_keys.go:65.2,65.64 1 16
github.com/a861252012/testnet-wallet-lab/internal/wallet/solana_keys.go:65.64,67.3 1 0
github.com/a861252012/testnet-wallet-lab/internal/wallet/solana_keys.go:68.2,68.18 1 16
github.com/a861252012/testnet-wallet-lab/internal/wallet/solana_keys.go:71.91,73.43 2 5
github.com/a861252012/testnet-wallet-lab/internal/wallet/solana_keys.go:73.43,75.3 1 0
github.com/a861252012/testnet-wallet-lab/internal/wallet/solana_keys.go:76.2,76.44 1 5
github.com/a861252012/testnet-wallet-lab/internal/wallet/solana_keys.go:76.44,78.3 1 0
github.com/a861252012/testnet-wallet-lab/internal/wallet/solana_keys.go:79.2,80.16 2 5
github.com/a861252012/testnet-wallet-lab/internal/wallet/solana_keys.go:80.16,82.3 1 0
github.com/a861252012/testnet-wallet-lab/internal/wallet/solana_keys.go:83.2,85.16 3 5
github.com/a861252012/testnet-wallet-lab/internal/wallet/solana_keys.go:85.16,87.3 1 0
github.com/a861252012/testnet-wallet-lab/internal/wallet/solana_keys.go:88.2,89.16 2 5
github.com/a861252012/testnet-wallet-lab/internal/wallet/solana_keys.go:89.16,91.3 1 0
github.com/a861252012/testnet-wallet-lab/internal/wallet/solana_keys.go:92.2,96.129 5 5
github.com/a861252012/testnet-wallet-lab/internal/wallet/solana_keys.go:99.70,101.16 2 8
github.com/a861252012/testnet-wallet-lab/internal/wallet/solana_keys.go:101.16,103.3 1 0
github.com/a861252012/testnet-wallet-lab/internal/wallet/solana_keys.go:104.2,104.41 1 8
github.com/a861252012/testnet-wallet-lab/internal/wallet/solana_keys.go:107.77,111.104 4 9
github.com/a861252012/testnet-wallet-lab/internal/wallet/solana_keys.go:111.104,113.3 1 0
github.com/a861252012/testnet-wallet-lab/internal/wallet/solana_keys.go:114.2,115.16 2 9
github.com/a861252012/testnet-wallet-lab/internal/wallet/solana_keys.go:115.16,117.3 1 0
github.com/a861252012/testnet-wallet-lab/internal/wallet/solana_keys.go:118.2,120.16 3 9
github.com/a861252012/testnet-wallet-lab/internal/wallet/solana_keys.go:120.16,122.3 1 0
github.com/a861252012/testnet-wallet-lab/internal/wallet/solana_keys.go:123.2,124.16 2 9
github.com/a861252012/testnet-wallet-lab/internal/wallet/solana_keys.go:124.16,126.3 1 0
github.com/a861252012/testnet-wallet-lab/internal/wallet/solana_keys.go:127.2,128.16 2 9
github.com/a861252012/testnet-wallet-lab/internal/wallet/solana_keys.go:128.16,130.3 1 1
github.com/a861252012/testnet-wallet-lab/internal/wallet/solana_keys.go:131.2,133.66 3 8
github.com/a861252012/testnet-wallet-lab/internal/wallet/solana_keys.go:133.66,136.3 2 0
github.com/a861252012/testnet-wallet-lab/internal/wallet/solana_keys.go:137.2,137.18 1 8
github.com/a861252012/testnet-wallet-lab/internal/wallet/solana_keys.go:140.90,143.51 3 3
github.com/a861252012/testnet-wallet-lab/internal/wallet/solana_keys.go:143.51,145.3 1 0
github.com/a861252012/testnet-wallet-lab/internal/wallet/solana_keys.go:146.2,146.78 1 3
github.com/a861252012/testnet-wallet-lab/internal/wallet/solana_keys.go:146.78,148.3 1 0
github.com/a861252012/testnet-wallet-lab/internal/wallet/solana_keys.go:149.2,150.15 2 3
github.com/a861252012/testnet-wallet-lab/internal/wallet/solana_keys.go:150.15,152.17 2 1
github.com/a861252012/testnet-wallet-lab/internal/wallet/solana_keys.go:152.17,154.4 1 0
github.com/a861252012/testnet-wallet-lab/internal/wallet/solana_keys.go:155.3,157.17 3 1
github.com/a861252012/testnet-wallet-lab/internal/wallet/solana_keys.go:157.17,159.4 1 0
github.com/a861252012/testnet-wallet-lab/internal/wallet/solana_keys.go:161.2,162.38 2 3
github.com/a861252012/testnet-wallet-lab/internal/wallet/solana_keys.go:162.38,164.3 1 0
github.com/a861252012/testnet-wallet-lab/internal/wallet/solana_keys.go:165.2,170.16 6 3
github.com/a861252012/testnet-wallet-lab/internal/wallet/solana_keys.go:170.16,172.3 1 0
github.com/a861252012/testnet-wallet-lab/internal/wallet/solana_keys.go:173.2,174.16 2 3
github.com/a861252012/testnet-wallet-lab/internal/wallet/solana_keys.go:174.16,176.3 1 0
github.com/a861252012/testnet-wallet-lab/internal/wallet/solana_keys.go:177.2,177.85 1 3
github.com/a861252012/testnet-wallet-lab/internal/wallet/solana_keys.go:177.85,179.3 1 0
github.com/a861252012/testnet-wallet-lab/internal/wallet/solana_keys.go:180.2,181.15 2 3
github.com/a861252012/testnet-wallet-lab/internal/wallet/solana_keys.go:181.15,183.3 1 1
github.com/a861252012/testnet-wallet-lab/internal/wallet/solana_keys.go:184.2,184.20 1 3
github.com/a861252012/testnet-wallet-lab/internal/wallet/solana_keys.go:187.74,191.16 4 2
github.com/a861252012/testnet-wallet-lab/internal/wallet/solana_keys.go:191.16,193.3 1 1
github.com/a861252012/testnet-wallet-lab/internal/wallet/solana_keys.go:194.2,195.54 2 1
github.com/a861252012/testnet-wallet-lab/internal/wallet/solana_keys.go:198.96,201.54 3 1
github.com/a861252012/testnet-wallet-lab/internal/wallet/solana_keys.go:201.54,203.3 1 0
github.com/a861252012/testnet-wallet-lab/internal/wallet/solana_keys.go:204.2,204.78 1 1
github.com/a861252012/testnet-wallet-lab/internal/wallet/solana_keys.go:204.78,206.3 1 0
github.com/a861252012/testnet-wallet-lab/internal/wallet/solana_keys.go:207.2,208.16 2 1
github.com/a861252012/testnet-wallet-lab/internal/wallet/solana_keys.go:208.16,210.3 1 0
github.com/a861252012/testnet-wallet-lab/internal/wallet/solana_keys.go:211.2,212.16 2 1
github.com/a861252012/testnet-wallet-lab/internal/wallet/solana_keys.go:212.16,214.3 1 0
github.com/a861252012/testnet-wallet-lab/internal/wallet/solana_keys.go:215.2,217.16 3 1
github.com/a861252012/testnet-wallet-lab/internal/wallet/solana_keys.go:217.16,219.3 1 0
github.com/a861252012/testnet-wallet-lab/internal/wallet/solana_keys.go:220.2,221.16 2 1
github.com/a861252012/testnet-wallet-lab/internal/wallet/solana_keys.go:221.16,223.3 1 0
github.com/a861252012/testnet-wallet-lab/internal/wallet/solana_keys.go:224.2,224.70 1 1
github.com/a861252012/testnet-wallet-lab/internal/wallet/solana_keys.go:226.76,229.54 3 1
github.com/a861252012/testnet-wallet-lab/internal/wallet/solana_keys.go:229.54,231.3 1 0
github.com/a861252012/testnet-wallet-lab/internal/wallet/solana_keys.go:232.2,233.16 2 1
github.com/a861252012/testnet-wallet-lab/internal/wallet/solana_keys.go:233.16,235.3 1 0
github.com/a861252012/testnet-wallet-lab/internal/wallet/solana_keys.go:236.2,238.16 3 1
github.com/a861252012/testnet-wallet-lab/internal/wallet/solana_keys.go:238.16,240.3 1 0
github.com/a861252012/testnet-wallet-lab/internal/wallet/solana_keys.go:241.2,242.16 2 1
github.com/a861252012/testnet-wallet-lab/internal/wallet/solana_keys.go:242.16,244.3 1 0
github.com/a861252012/testnet-wallet-lab/internal/wallet/solana_keys.go:245.2,245.70 1 1
github.com/a861252012/testnet-wallet-lab/internal/wallet/tron.go:93.80,95.136 2 14
github.com/a861252012/testnet-wallet-lab/internal/wallet/tron.go:95.136,97.3 1 0
github.com/a861252012/testnet-wallet-lab/internal/wallet/tron.go:98.2,98.47 1 14
github.com/a861252012/testnet-wallet-lab/internal/wallet/tron.go:98.47,100.3 1 0
github.com/a861252012/testnet-wallet-lab/internal/wallet/tron.go:101.2,102.16 2 14
github.com/a861252012/testnet-wallet-lab/internal/wallet/tron.go:102.16,104.3 1 0
github.com/a861252012/testnet-wallet-lab/internal/wallet/tron.go:105.2,105.87 1 14
github.com/a861252012/testnet-wallet-lab/internal/wallet/tron.go:105.87,108.3 2 0
github.com/a861252012/testnet-wallet-lab/internal/wallet/tron.go:109.2,109.206 1 14
github.com/a861252012/testnet-wallet-lab/internal/wallet/tron.go:109.206,109.240 1 0
github.com/a861252012/testnet-wallet-lab/internal/wallet/tron.go:110.2,112.39 3 14
github.com/a861252012/testnet-wallet-lab/internal/wallet/tron.go:112.39,115.3 2 0
github.com/a861252012/testnet-wallet-lab/internal/wallet/tron.go:116.2,117.83 2 14
github.com/a861252012/testnet-wallet-lab/internal/wallet/tron.go:117.83,120.3 2 0
github.com/a861252012/testnet-wallet-lab/internal/wallet/tron.go:121.2,121.19 1 14
github.com/a861252012/testnet-wallet-lab/internal/wallet/tron.go:121.19,123.3 1 1
github.com/a861252012/testnet-wallet-lab/internal/wallet/tron.go:124.2,124.30 1 14
github.com/a861252012/testnet-wallet-lab/internal/wallet/tron.go:124.30,126.17 2 1
github.com/a861252012/testnet-wallet-lab/internal/wallet/tron.go:126.17,129.4 2 0
github.com/a861252012/testnet-wallet-lab/internal/wallet/tron.go:130.3,135.120 6 1
github.com/a861252012/testnet-wallet-lab/internal/wallet/tron.go:135.120,138.4 2 0
github.com/a861252012/testnet-wallet-lab/internal/wallet/tron.go:139.3,141.155 3 1
github.com/a861252012/testnet-wallet-lab/internal/wallet/tron.go:141.155,144.4 2 0
github.com/a861252012/testnet-wallet-lab/internal/wallet/tron.go:146.2,146.15 1 14
github.com/a861252012/testnet-wallet-lab/internal/wallet/tron.go:148.37,148.96 3 15
github.com/a861252012/testnet-wallet-lab/internal/wallet/tron.go:149.52,153.39 4 7
github.com/a861252012/testnet-wallet-lab/internal/wallet/tron.go:153.39,155.3 1 0
github.com/a861252012/testnet-wallet-lab/internal/wallet/tron.go:156.2,156.16 1 7
github.com/a861252012/testnet-wallet-lab/internal/wallet/tron.go:156.16,158.3 1 0
github.com/a861252012/testnet-wallet-lab/internal/wallet/tron.go:159.2,159.111 1 7
github.com/a861252012/testnet-wallet-lab/internal/wallet/tron.go:161.86,164.39 3 13
github.com/a861252012/testnet-wallet-lab/internal/wallet/tron.go:164.39,166.17 2 2
github.com/a861252012/testnet-wallet-lab/internal/wallet/tron.go:166.17,168.4 1 1
github.com/a861252012/testnet-wallet-lab/internal/wallet/tron.go:169.3,169.110 1 1
github.com/a861252012/testnet-wallet-lab/internal/wallet/tron.go:171.2,172.16 2 11
github.com/a861252012/testnet-wallet-lab/internal/wallet/tron.go:172.16,174.3 1 0
github.com/a861252012/testnet-wallet-lab/internal/wallet/tron.go:175.2,175.87 1 11
github.com/a861252012/testnet-wallet-lab/internal/wallet/tron.go:177.72,181.2 3 1
github.com/a861252012/testnet-wallet-lab/internal/wallet/tron.go:182.94,187.2 4 1
github.com/a861252012/testnet-wallet-lab/internal/wallet/tron.go:188.74,192.2 3 0
github.com/a861252012/testnet-wallet-lab/internal/wallet/tron.go:193.38,194.30 1 42
github.com/a861252012/testnet-wallet-lab/internal/wallet/tron.go:194.30,195.55 1 16
github.com/a861252012/testnet-wallet-lab/internal/wallet/tron.go:195.55,197.4 1 3
github.com/a861252012/testnet-wallet-lab/internal/wallet/tron.go:199.2,199.14 1 39
github.com/a861252012/testnet-wallet-lab/internal/wallet/tron.go:201.63,203.20 2 29
github.com/a861252012/testnet-wallet-lab/internal/wallet/tron.go:203.20,205.3 1 29
github.com/a861252012/testnet-wallet-lab/internal/wallet/tron.go:206.2,206.33 1 29
github.com/a861252012/testnet-wallet-lab/internal/wallet/tron.go:206.33,208.3 1 41
github.com/a861252012/testnet-wallet-lab/internal/wallet/tron.go:209.2,210.16 2 29
github.com/a861252012/testnet-wallet-lab/internal/wallet/tron.go:210.16,212.3 1 29
github.com/a861252012/testnet-wallet-lab/internal/wallet/tron.go:213.2,213.16 1 29
github.com/a861252012/testnet-wallet-lab/internal/wallet/tron.go:213.16,216.3 2 1
github.com/a861252012/testnet-wallet-lab/internal/wallet/tron.go:217.2,218.12 2 28
github.com/a861252012/testnet-wallet-lab/internal/wallet/tron.go:220.110,223.13 3 24
github.com/a861252012/testnet-wallet-lab/internal/wallet/tron.go:223.13,225.3 1 0
github.com/a861252012/testnet-wallet-lab/internal/wallet/tron.go:226.2,226.17 1 24
github.com/a861252012/testnet-wallet-lab/internal/wallet/tron.go:226.17,228.3 1 1
github.com/a861252012/testnet-wallet-lab/internal/wallet/tron.go:229.2,229.28 1 23
github.com/a861252012/testnet-wallet-lab/internal/wallet/tron.go:229.28,231.3 1 0
github.com/a861252012/testnet-wallet-lab/internal/wallet/tron.go:232.2,233.16 2 23
github.com/a861252012/testnet-wallet-lab/internal/wallet/tron.go:233.16,235.3 1 0
github.com/a861252012/testnet-wallet-lab/internal/wallet/tron.go:236.2,237.16 2 23
github.com/a861252012/testnet-wallet-lab/internal/wallet/tron.go:237.16,239.3 1 0
github.com/a861252012/testnet-wallet-lab/internal/wallet/tron.go:240.2,241.34 2 23
github.com/a861252012/testnet-wallet-lab/internal/wallet/tron.go:241.34,243.3 1 1
github.com/a861252012/testnet-wallet-lab/internal/wallet/tron.go:244.2,245.37 2 22
github.com/a861252012/testnet-wallet-lab/internal/wallet/tron.go:245.37,247.3 1 0
github.com/a861252012/testnet-wallet-lab/internal/wallet/tron.go:248.2,249.16 2 22
github.com/a861252012/testnet-wallet-lab/internal/wallet/tron.go:249.16,251.3 1 0
github.com/a861252012/testnet-wallet-lab/internal/wallet/tron.go:252.2,252.27 1 22
github.com/a861252012/testnet-wallet-lab/internal/wallet/tron.go:252.27,254.3 1 0
github.com/a861252012/testnet-wallet-lab/internal/wallet/tron.go:255.2,261.93 2 22
github.com/a861252012/testnet-wallet-lab/internal/wallet/tron.go:261.93,263.3 1 0
github.com/a861252012/testnet-wallet-lab/internal/wallet/tron.go:264.2,265.34 2 22
github.com/a861252012/testnet-wallet-lab/internal/wallet/tron.go:265.34,267.3 1 88
github.com/a861252012/testnet-wallet-lab/internal/wallet/tron.go:268.2,268.134 1 22
github.com/a861252012/testnet-wallet-lab/internal/wallet/tron.go:268.134,269.50 1 88
github.com/a861252012/testnet-wallet-lab/internal/wallet/tron.go:269.50,271.4 1 0
github.com/a861252012/testnet-wallet-lab/internal/wallet/tron.go:273.2,277.20 5 22
github.com/a861252012/testnet-wallet-lab/internal/wallet/tron.go:277.20,279.17 2 7
github.com/a861252012/testnet-wallet-lab/internal/wallet/tron.go:279.17,281.4 1 0
github.com/a861252012/testnet-wallet-lab/internal/wallet/tron.go:282.3,283.17 2 7
github.com/a861252012/testnet-wallet-lab/internal/wallet/tron.go:283.17,285.4 1 0
github.com/a861252012/testnet-wallet-lab/internal/wallet/tron.go:286.3,287.26 2 7
github.com/a861252012/testnet-wallet-lab/internal/wallet/tron.go:289.2,292.20 4 22
github.com/a861252012/testnet-wallet-lab/internal/wallet/tron.go:292.20,294.3 1 15
github.com/a861252012/testnet-wallet-lab/internal/wallet/tron.go:294.8,296.17 2 7
github.com/a861252012/testnet-wallet-lab/internal/wallet/tron.go:296.17,299.4 2 6
github.com/a861252012/testnet-wallet-lab/internal/wallet/tron.go:301.2,301.16 1 22
github.com/a861252012/testnet-wallet-lab/internal/wallet/tron.go:301.16,303.3 1 4
github.com/a861252012/testnet-wallet-lab/internal/wallet/tron.go:304.2,304.23 1 18
github.com/a861252012/testnet-wallet-lab/internal/wallet/tron.go:304.23,306.3 1 1
github.com/a861252012/testnet-wallet-lab/internal/wallet/tron.go:307.2,311.20 5 17
github.com/a861252012/testnet-wallet-lab/internal/wallet/tron.go:311.20,312.23 1 11
github.com/a861252012/testnet-wallet-lab/internal/wallet/tron.go:312.23,314.4 1 1
github.com/a861252012/testnet-wallet-lab/internal/wallet/tron.go:315.3,317.17 3 10
github.com/a861252012/testnet-wallet-lab/internal/wallet/tron.go:317.17,319.4 1 0
github.com/a861252012/testnet-wallet-lab/internal/wallet/tron.go:320.3,320.30 1 10
github.com/a861252012/testnet-wallet-lab/internal/wallet/tron.go:320.30,322.4 1 0
github.com/a861252012/testnet-wallet-lab/internal/wallet/tron.go:323.8,324.31 1 6
github.com/a861252012/testnet-wallet-lab/internal/wallet/tron.go:324.31,326.4 1 0
github.com/a861252012/testnet-wallet-lab/internal/wallet/tron.go:327.3,328.17 2 6
github.com/a861252012/testnet-wallet-lab/internal/wallet/tron.go:328.17,330.4 1 0
github.com/a861252012/testnet-wallet-lab/internal/wallet/tron.go:331.3,332.117 2 6
github.com/a861252012/testnet-wallet-lab/internal/wallet/tron.go:332.117,334.4 1 1
github.com/a861252012/testnet-wallet-lab/internal/wallet/tron.go:335.3,337.27 3 5
github.com/a861252012/testnet-wallet-lab/internal/wallet/tron.go:337.27,339.4 1 0
github.com/a861252012/testnet-wallet-lab/internal/wallet/tron.go:341.2,349.85 2 15
github.com/a861252012/testnet-wallet-lab/internal/wallet/tron.go:349.85,351.3 1 0
github.com/a861252012/testnet-wallet-lab/internal/wallet/tron.go:352.2,353.87 2 15
github.com/a861252012/testnet-wallet-lab/internal/wallet/tron.go:353.87,355.3 1 0
github.com/a861252012/testnet-wallet-lab/internal/wallet/tron.go:356.2,357.16 2 15
github.com/a861252012/testnet-wallet-lab/internal/wallet/tron.go:357.16,359.3 1 0
github.com/a861252012/testnet-wallet-lab/internal/wallet/tron.go:361.2,363.64 3 15
github.com/a861252012/testnet-wallet-lab/internal/wallet/tron.go:363.64,365.3 1 0
github.com/a861252012/testnet-wallet-lab/internal/wallet/tron.go:366.2,369.32 4 15
github.com/a861252012/testnet-wallet-lab/internal/wallet/tron.go:369.32,370.36 1 2
github.com/a861252012/testnet-wallet-lab/internal/wallet/tron.go:370.36,372.4 1 1
github.com/a861252012/testnet-wallet-lab/internal/wallet/tron.go:374.2,374.26 1 15
github.com/a861252012/testnet-wallet-lab/internal/wallet/tron.go:374.26,376.3 1 0
github.com/a861252012/testnet-wallet-lab/internal/wallet/tron.go:377.2,378.15 2 15
github.com/a861252012/testnet-wallet-lab/internal/wallet/tron.go:380.91,382.16 2 16
github.com/a861252012/testnet-wallet-lab/internal/wallet/tron.go:382.16,384.3 1 0
github.com/a861252012/testnet-wallet-lab/internal/wallet/tron.go:385.2,387.35 3 16
github.com/a861252012/testnet-wallet-lab/internal/wallet/tron.go:387.35,388.32 1 7
github.com/a861252012/testnet-wallet-lab/internal/wallet/tron.go:388.32,391.4 2 1
github.com/a861252012/testnet-wallet-lab/internal/wallet/tron.go:393.2,393.13 1 15
github.com/a861252012/testnet-wallet-lab/internal/wallet/tron.go:393.13,395.3 1 0
github.com/a861252012/testnet-wallet-lab/internal/wallet/tron.go:396.2,396.17 1 15
github.com/a861252012/testnet-wallet-lab/internal/wallet/tron.go:396.17,398.3 1 0
github.com/a861252012/testnet-wallet-lab/internal/wallet/tron.go:399.2,399.28 1 15
github.com/a861252012/testnet-wallet-lab/internal/wallet/tron.go:399.28,401.3 1 0
github.com/a861252012/testnet-wallet-lab/internal/wallet/tron.go:402.2,403.14 2 15
github.com/a861252012/testnet-wallet-lab/internal/wallet/tron.go:403.14,405.3 1 0
github.com/a861252012/testnet-wallet-lab/internal/wallet/tron.go:406.2,406.33 1 15
github.com/a861252012/testnet-wallet-lab/internal/wallet/tron.go:406.33,408.3 1 1
github.com/a861252012/testnet-wallet-lab/internal/wallet/tron.go:409.2,409.37 1 14
github.com/a861252012/testnet-wallet-lab/internal/wallet/tron.go:409.37,411.3 1 1
github.com/a861252012/testnet-wallet-lab/internal/wallet/tron.go:412.2,413.16 2 13
github.com/a861252012/testnet-wallet-lab/internal/wallet/tron.go:413.16,415.3 1 0
github.com/a861252012/testnet-wallet-lab/internal/wallet/tron.go:416.2,416.34 1 13
github.com/a861252012/testnet-wallet-lab/internal/wallet/tron.go:416.34,418.3 1 0
github.com/a861252012/testnet-wallet-lab/internal/wallet/tron.go:419.2,419.22 1 13
github.com/a861252012/testnet-wallet-lab/internal/wallet/tron.go:419.22,421.17 2 2
github.com/a861252012/testnet-wallet-lab/internal/wallet/tron.go:421.17,423.4 1 0
github.com/a861252012/testnet-wallet-lab/internal/wallet/tron.go:424.3,425.107 2 2
github.com/a861252012/testnet-wallet-lab/internal/wallet/tron.go:425.107,427.4 1 0
github.com/a861252012/testnet-wallet-lab/internal/wallet/tron.go:428.3,431.123 4 2
github.com/a861252012/testnet-wallet-lab/internal/wallet/tron.go:431.123,433.4 1 0
github.com/a861252012/testnet-wallet-lab/internal/wallet/tron.go:435.2,436.16 2 13
github.com/a861252012/testnet-wallet-lab/internal/wallet/tron.go:436.16,438.3 1 1
github.com/a861252012/testnet-wallet-lab/internal/wallet/tron.go:439.2,440.77 2 12
github.com/a861252012/testnet-wallet-lab/internal/wallet/tron.go:440.77,442.3 1 0
github.com/a861252012/testnet-wallet-lab/internal/wallet/tron.go:443.2,443.53 1 12
github.com/a861252012/testnet-wallet-lab/internal/wallet/tron.go:443.53,445.3 1 0
github.com/a861252012/testnet-wallet-lab/internal/wallet/tron.go:446.2,448.16 3 12
github.com/a861252012/testnet-wallet-lab/internal/wallet/tron.go:448.16,450.3 1 0
github.com/a861252012/testnet-wallet-lab/internal/wallet/tron.go:451.2,453.37 3 12
github.com/a861252012/testnet-wallet-lab/internal/wallet/tron.go:453.37,455.3 1 1
github.com/a861252012/testnet-wallet-lab/internal/wallet/tron.go:456.2,457.43 2 11
github.com/a861252012/testnet-wallet-lab/internal/wallet/tron.go:459.86,461.37 1 13
github.com/a861252012/testnet-wallet-lab/internal/wallet/tron.go:461.37,464.3 2 0
github.com/a861252012/testnet-wallet-lab/internal/wallet/tron.go:465.2,465.48 1 13
github.com/a861252012/testnet-wallet-lab/internal/wallet/tron.go:465.48,467.3 1 1
github.com/a861252012/testnet-wallet-lab/internal/wallet/tron.go:468.2,476.99 5 12
github.com/a861252012/testnet-wallet-lab/internal/wallet/tron.go:476.99,478.3 1 3
github.com/a861252012/testnet-wallet-lab/internal/wallet/tron.go:478.8,480.3 1 9
github.com/a861252012/testnet-wallet-lab/internal/wallet/tron.go:481.2,481.37 1 12
github.com/a861252012/testnet-wallet-lab/internal/wallet/tron.go:481.37,483.3 1 0
github.com/a861252012/testnet-wallet-lab/internal/wallet/tron.go:484.2,485.16 2 12
github.com/a861252012/testnet-wallet-lab/internal/wallet/tron.go:487.84,488.26 1 3
github.com/a861252012/testnet-wallet-lab/internal/wallet/tron.go:488.26,490.3 1 0
github.com/a861252012/testnet-wallet-lab/internal/wallet/tron.go:491.2,493.13 3 3
github.com/a861252012/testnet-wallet-lab/internal/wallet/tron.go:493.13,495.3 1 0
github.com/a861252012/testnet-wallet-lab/internal/wallet/tron.go:496.2,497.30 2 3
github.com/a861252012/testnet-wallet-lab/internal/wallet/tron.go:497.30,498.24 1 3
github.com/a861252012/testnet-wallet-lab/internal/wallet/tron.go:498.24,499.55 1 3
github.com/a861252012/testnet-wallet-lab/internal/wallet/tron.go:499.55,502.5 2 1
github.com/a861252012/testnet-wallet-lab/internal/wallet/tron.go:503.4,503.30 1 2
github.com/a861252012/testnet-wallet-lab/internal/wallet/tron.go:506.2,506.46 1 0
github.com/a861252012/testnet-wallet-lab/internal/wallet/tron.go:508.74,511.37 3 12
github.com/a861252012/testnet-wallet-lab/internal/wallet/tron.go:511.37,513.3 1 1
github.com/a861252012/testnet-wallet-lab/internal/wallet/tron.go:514.2,515.22 2 11
github.com/a861252012/testnet-wallet-lab/internal/wallet/tron.go:515.22,517.18 2 13
github.com/a861252012/testnet-wallet-lab/internal/wallet/tron.go:517.18,518.12 1 3
github.com/a861252012/testnet-wallet-lab/internal/wallet/tron.go:520.3,520.23 1 10
github.com/a861252012/testnet-wallet-lab/internal/wallet/tron.go:520.23,522.4 1 0
github.com/a861252012/testnet-wallet-lab/internal/wallet/tron.go:523.3,531.57 2 10
github.com/a861252012/testnet-wallet-lab/internal/wallet/tron.go:531.57,532.95 1 5
github.com/a861252012/testnet-wallet-lab/internal/wallet/tron.go:532.95,534.5 1 1
github.com/a861252012/testnet-wallet-lab/internal/wallet/tron.go:535.4,535.142 1 4
github.com/a861252012/testnet-wallet-lab/internal/wallet/tron.go:535.142,537.5 1 0
github.com/a861252012/testnet-wallet-lab/internal/wallet/tron.go:539.3,547.135 2 9
github.com/a861252012/testnet-wallet-lab/internal/wallet/tron.go:547.135,549.4 1 0
github.com/a861252012/testnet-wallet-lab/internal/wallet/tron.go:550.3,550.20 1 9
github.com/a861252012/testnet-wallet-lab/internal/wallet/tron.go:550.20,551.81 1 5
github.com/a861252012/testnet-wallet-lab/internal/wallet/tron.go:551.81,557.5 3 1
github.com/a861252012/testnet-wallet-lab/internal/wallet/tron.go:558.4,558.12 1 5
github.com/a861252012/testnet-wallet-lab/internal/wallet/tron.go:560.3,560.72 1 4
github.com/a861252012/testnet-wallet-lab/internal/wallet/tron.go:560.72,562.4 1 0
github.com/a861252012/testnet-wallet-lab/internal/wallet/tron.go:563.3,566.97 4 4
github.com/a861252012/testnet-wallet-lab/internal/wallet/tron.go:566.97,568.22 2 0
github.com/a861252012/testnet-wallet-lab/internal/wallet/tron.go:568.22,570.5 1 0
github.com/a861252012/testnet-wallet-lab/internal/wallet/tron.go:572.3,572.49 1 4
github.com/a861252012/testnet-wallet-lab/internal/wallet/tron.go:572.49,573.37 1 1
github.com/a861252012/testnet-wallet-lab/internal/wallet/tron.go:573.37,575.5 1 0
github.com/a861252012/testnet-wallet-lab/internal/wallet/tron.go:576.4,578.77 3 1
github.com/a861252012/testnet-wallet-lab/internal/wallet/tron.go:578.77,580.5 1 0
github.com/a861252012/testnet-wallet-lab/internal/wallet/tron.go:581.4,581.11 1 1
github.com/a861252012/testnet-wallet-lab/internal/wallet/tron.go:581.11,584.5 2 1
github.com/a861252012/testnet-wallet-lab/internal/wallet/tron.go:586.3,586.50 1 4
github.com/a861252012/testnet-wallet-lab/internal/wallet/tron.go:588.2,588.36 1 10
github.com/a861252012/testnet-wallet-lab/internal/wallet/tron.go:588.36,589.38 1 5
github.com/a861252012/testnet-wallet-lab/internal/wallet/tron.go:589.38,591.4 1 0
github.com/a861252012/testnet-wallet-lab/internal/wallet/tron.go:593.2,594.58 2 10
github.com/a861252012/testnet-wallet-lab/internal/wallet/tron.go:594.58,596.3 1 12
github.com/a861252012/testnet-wallet-lab/internal/wallet/tron.go:597.2,597.18 1 10
github.com/a861252012/testnet-wallet-lab/internal/wallet/tron_rpc.go:24.49,29.2 4 81
github.com/a861252012/testnet-wallet-lab/internal/wallet/tron_rpc.go:30.55,31.24 1 158
github.com/a861252012/testnet-wallet-lab/internal/wallet/tron_rpc.go:31.24,33.3 1 3
github.com/a861252012/testnet-wallet-lab/internal/wallet/tron_rpc.go:34.2,35.54 2 155
github.com/a861252012/testnet-wallet-lab/internal/wallet/tron_rpc.go:35.54,37.3 1 0
github.com/a861252012/testnet-wallet-lab/internal/wallet/tron_rpc.go:38.2,40.86 3 155
github.com/a861252012/testnet-wallet-lab/internal/wallet/tron_rpc.go:40.86,42.3 1 2
github.com/a861252012/testnet-wallet-lab/internal/wallet/tron_rpc.go:43.2,43.23 1 153
github.com/a861252012/testnet-wallet-lab/internal/wallet/tron_rpc.go:45.86,47.16 2 207
github.com/a861252012/testnet-wallet-lab/internal/wallet/tron_rpc.go:47.16,49.3 1 0
github.com/a861252012/testnet-wallet-lab/internal/wallet/tron_rpc.go:50.2,51.16 2 207
github.com/a861252012/testnet-wallet-lab/internal/wallet/tron_rpc.go:51.16,53.3 1 0
github.com/a861252012/testnet-wallet-lab/internal/wallet/tron_rpc.go:54.2,55.20 2 207
github.com/a861252012/testnet-wallet-lab/internal/wallet/tron_rpc.go:55.20,57.3 1 0
github.com/a861252012/testnet-wallet-lab/internal/wallet/tron_rpc.go:58.2,59.16 2 207
github.com/a861252012/testnet-wallet-lab/internal/wallet/tron_rpc.go:59.16,61.3 1 0
github.com/a861252012/testnet-wallet-lab/internal/wallet/tron_rpc.go:62.2,64.73 3 207
github.com/a861252012/testnet-wallet-lab/internal/wallet/tron_rpc.go:64.73,66.3 1 10
github.com/a861252012/testnet-wallet-lab/internal/wallet/tron_rpc.go:67.2,70.66 2 197
github.com/a861252012/testnet-wallet-lab/internal/wallet/tron_rpc.go:70.66,72.3 1 0
github.com/a861252012/testnet-wallet-lab/internal/wallet/tron_rpc.go:73.2,73.41 1 197
github.com/a861252012/testnet-wallet-lab/internal/wallet/tron_rpc.go:73.41,75.3 1 0
github.com/a861252012/testnet-wallet-lab/internal/wallet/tron_rpc.go:76.2,76.12 1 197
github.com/a861252012/testnet-wallet-lab/internal/wallet/tron_rpc.go:78.56,82.95 2 62
github.com/a861252012/testnet-wallet-lab/internal/wallet/tron_rpc.go:82.95,84.3 1 0
github.com/a861252012/testnet-wallet-lab/internal/wallet/tron_rpc.go:85.2,85.35 1 62
github.com/a861252012/testnet-wallet-lab/internal/wallet/tron_rpc.go:85.35,87.3 1 2
github.com/a861252012/testnet-wallet-lab/internal/wallet/tron_rpc.go:88.2,88.12 1 60
github.com/a861252012/testnet-wallet-lab/internal/wallet/tron_rpc.go:96.90,97.53 1 46
github.com/a861252012/testnet-wallet-lab/internal/wallet/tron_rpc.go:97.53,99.3 1 0
github.com/a861252012/testnet-wallet-lab/internal/wallet/tron_rpc.go:100.2,101.120 2 46
github.com/a861252012/testnet-wallet-lab/internal/wallet/tron_rpc.go:101.120,103.3 1 0
github.com/a861252012/testnet-wallet-lab/internal/wallet/tron_rpc.go:104.2,104.24 1 46
github.com/a861252012/testnet-wallet-lab/internal/wallet/tron_rpc.go:104.24,106.3 1 0
github.com/a861252012/testnet-wallet-lab/internal/wallet/tron_rpc.go:107.2,107.21 1 46
github.com/a861252012/testnet-wallet-lab/internal/wallet/tron_rpc.go:109.90,110.37 1 1
github.com/a861252012/testnet-wallet-lab/internal/wallet/tron_rpc.go:110.37,112.3 1 0
github.com/a861252012/testnet-wallet-lab/internal/wallet/tron_rpc.go:113.2,114.16 2 1
github.com/a861252012/testnet-wallet-lab/internal/wallet/tron_rpc.go:114.16,116.3 1 0
github.com/a861252012/testnet-wallet-lab/internal/wallet/tron_rpc.go:117.2,125.131 2 1
github.com/a861252012/testnet-wallet-lab/internal/wallet/tron_rpc.go:125.131,127.3 1 0
github.com/a861252012/testnet-wallet-lab/internal/wallet/tron_rpc.go:128.2,132.8 1 1
github.com/a861252012/testnet-wallet-lab/internal/wallet/tron_rpc.go:134.121,135.54 1 35
github.com/a861252012/testnet-wallet-lab/internal/wallet/tron_rpc.go:135.54,137.3 1 0
github.com/a861252012/testnet-wallet-lab/internal/wallet/tron_rpc.go:138.2,139.16 2 35
github.com/a861252012/testnet-wallet-lab/internal/wallet/tron_rpc.go:139.16,141.3 1 0
github.com/a861252012/testnet-wallet-lab/internal/wallet/tron_rpc.go:142.2,148.76 3 35
github.com/a861252012/testnet-wallet-lab/internal/wallet/tron_rpc.go:148.76,150.3 1 0
github.com/a861252012/testnet-wallet-lab/internal/wallet/tron_rpc.go:151.2,152.16 2 35
github.com/a861252012/testnet-wallet-lab/internal/wallet/tron_rpc.go:152.16,154.3 1 0
github.com/a861252012/testnet-wallet-lab/internal/wallet/tron_rpc.go:155.2,155.32 1 35
github.com/a861252012/testnet-wallet-lab/internal/wallet/tron_rpc.go:166.94,168.16 2 9
github.com/a861252012/testnet-wallet-lab/internal/wallet/tron_rpc.go:168.16,170.3 1 0
github.com/a861252012/testnet-wallet-lab/internal/wallet/tron_rpc.go:171.2,172.69 2 9
github.com/a861252012/testnet-wallet-lab/internal/wallet/tron_rpc.go:172.69,174.28 2 27
github.com/a861252012/testnet-wallet-lab/internal/wallet/tron_rpc.go:174.28,176.4 1 9
github.com/a861252012/testnet-wallet-lab/internal/wallet/tron_rpc.go:177.3,178.17 2 27
github.com/a861252012/testnet-wallet-lab/internal/wallet/tron_rpc.go:178.17,180.4 1 0
github.com/a861252012/testnet-wallet-lab/internal/wallet/tron_rpc.go:181.3,182.37 2 27
github.com/a861252012/testnet-wallet-lab/internal/wallet/tron_rpc.go:182.37,184.4 1 0
github.com/a861252012/testnet-wallet-lab/internal/wallet/tron_rpc.go:185.3,185.17 1 27
github.com/a861252012/testnet-wallet-lab/internal/wallet/tron_rpc.go:186.17,188.56 2 9
github.com/a861252012/testnet-wallet-lab/internal/wallet/tron_rpc.go:188.56,190.5 1 0
github.com/a861252012/testnet-wallet-lab/internal/wallet/tron_rpc.go:191.19,193.27 2 9
github.com/a861252012/testnet-wallet-lab/internal/wallet/tron_rpc.go:193.27,195.5 1 0
github.com/a861252012/testnet-wallet-lab/internal/wallet/tron_rpc.go:196.20,198.58 2 9
github.com/a861252012/testnet-wallet-lab/internal/wallet/tron_rpc.go:201.2,201.19 1 9
github.com/a861252012/testnet-wallet-lab/internal/wallet/tron_rpc.go:203.94,204.37 1 0
github.com/a861252012/testnet-wallet-lab/internal/wallet/tron_rpc.go:204.37,206.3 1 0
github.com/a861252012/testnet-wallet-lab/internal/wallet/tron_rpc.go:207.2,207.38 1 0
github.com/a861252012/testnet-wallet-lab/internal/wallet/tron_rpc.go:212.63,216.2 3 189
github.com/a861252012/testnet-wallet-lab/internal/wallet/tron_rpc.go:217.60,218.16 1 75
github.com/a861252012/testnet-wallet-lab/internal/wallet/tron_rpc.go:218.16,220.3 1 11
github.com/a861252012/testnet-wallet-lab/internal/wallet/tron_rpc.go:221.2,222.49 2 64
github.com/a861252012/testnet-wallet-lab/internal/wallet/tron_rpc.go:224.128,226.36 2 16
github.com/a861252012/testnet-wallet-lab/internal/wallet/tron_rpc.go:226.36,228.3 1 0
github.com/a861252012/testnet-wallet-lab/internal/wallet/tron_rpc.go:229.2,232.24 4 16
github.com/a861252012/testnet-wallet-lab/internal/wallet/tron_rpc.go:232.24,235.3 2 11
github.com/a861252012/testnet-wallet-lab/internal/wallet/tron_rpc.go:235.8,239.17 4 5
github.com/a861252012/testnet-wallet-lab/internal/wallet/tron_rpc.go:239.17,241.4 1 0
github.com/a861252012/testnet-wallet-lab/internal/wallet/tron_rpc.go:242.3,243.40 2 5
github.com/a861252012/testnet-wallet-lab/internal/wallet/tron_rpc.go:245.2,255.17 11 16
github.com/a861252012/testnet-wallet-lab/internal/wallet/tron_rpc.go:257.38,260.2 2 10
github.com/a861252012/testnet-wallet-lab/internal/wallet/types.go:41.50,42.41 1 179
github.com/a861252012/testnet-wallet-lab/internal/wallet/types.go:42.41,44.3 1 0
github.com/a861252012/testnet-wallet-lab/internal/wallet/types.go:45.2,45.28 1 179
github.com/a861252012/testnet-wallet-lab/internal/wallet/types.go:48.56,49.37 1 5405
github.com/a861252012/testnet-wallet-lab/internal/wallet/types.go:49.37,51.3 1 0
github.com/a861252012/testnet-wallet-lab/internal/wallet/types.go:52.2,52.28 1 5405
github.com/a861252012/testnet-wallet-lab/internal/wallet/types.go:57.56,59.16 2 237
github.com/a861252012/testnet-wallet-lab/internal/wallet/types.go:59.16,61.3 1 0
github.com/a861252012/testnet-wallet-lab/internal/wallet/types.go:62.2,62.39 1 237
github.com/a861252012/testnet-wallet-lab/internal/wallet/types.go:67.66,68.48 1 5366
github.com/a861252012/testnet-wallet-lab/internal/wallet/types.go:68.48,70.3 1 1
github.com/a861252012/testnet-wallet-lab/internal/wallet/types.go:71.2,71.36 1 5365
github.com/a861252012/testnet-wallet-lab/internal/wallet/types.go:86.69,87.20 1 124
github.com/a861252012/testnet-wallet-lab/internal/wallet/types.go:87.20,89.3 1 0
github.com/a861252012/testnet-wallet-lab/internal/wallet/types.go:90.2,91.16 2 124
github.com/a861252012/testnet-wallet-lab/internal/wallet/types.go:91.16,93.3 1 1
github.com/a861252012/testnet-wallet-lab/internal/wallet/types.go:94.2,96.55 3 123
github.com/a861252012/testnet-wallet-lab/internal/wallet/types.go:96.55,98.17 2 19
github.com/a861252012/testnet-wallet-lab/internal/wallet/types.go:98.17,100.4 1 1
github.com/a861252012/testnet-wallet-lab/internal/wallet/types.go:101.8,102.23 1 104
github.com/a861252012/testnet-wallet-lab/internal/wallet/types.go:102.23,104.18 2 104
github.com/a861252012/testnet-wallet-lab/internal/wallet/types.go:104.18,106.5 1 0
github.com/a861252012/testnet-wallet-lab/internal/wallet/types.go:107.9,109.4 1 0
github.com/a861252012/testnet-wallet-lab/internal/wallet/types.go:110.3,110.29 1 104
github.com/a861252012/testnet-wallet-lab/internal/wallet/types.go:110.29,111.18 1 70
github.com/a861252012/testnet-wallet-lab/internal/wallet/types.go:112.24,113.88 1 0
github.com/a861252012/testnet-wallet-lab/internal/wallet/types.go:114.23,115.88 1 0
github.com/a861252012/testnet-wallet-lab/internal/wallet/types.go:118.3,118.29 1 104
github.com/a861252012/testnet-wallet-lab/internal/wallet/types.go:118.29,119.69 1 34
github.com/a861252012/testnet-wallet-lab/internal/wallet/types.go:119.69,121.5 1 1
github.com/a861252012/testnet-wallet-lab/internal/wallet/types.go:122.4,123.18 2 33
github.com/a861252012/testnet-wallet-lab/internal/wallet/types.go:123.18,125.5 1 0
github.com/a861252012/testnet-wallet-lab/internal/wallet/types.go:127.3,127.29 1 103
github.com/a861252012/testnet-wallet-lab/internal/wallet/types.go:127.29,129.18 2 17
github.com/a861252012/testnet-wallet-lab/internal/wallet/types.go:129.18,131.5 1 0
github.com/a861252012/testnet-wallet-lab/internal/wallet/types.go:134.2,138.8 1 121
github.com/a861252012/testnet-wallet-lab/internal/wallet/types.go:147.87,148.20 1 3
github.com/a861252012/testnet-wallet-lab/internal/wallet/types.go:148.20,150.3 1 0
github.com/a861252012/testnet-wallet-lab/internal/wallet/types.go:151.2,152.16 2 3
github.com/a861252012/testnet-wallet-lab/internal/wallet/types.go:152.16,154.3 1 0
github.com/a861252012/testnet-wallet-lab/internal/wallet/types.go:155.2,156.16 2 3
github.com/a861252012/testnet-wallet-lab/internal/wallet/types.go:156.16,158.3 1 0
github.com/a861252012/testnet-wallet-lab/internal/wallet/types.go:159.2,159.26 1 3
github.com/a861252012/testnet-wallet-lab/internal/wallet/types.go:159.26,161.3 1 1
github.com/a861252012/testnet-wallet-lab/internal/wallet/types.go:162.2,162.99 1 2
github.com/a861252012/testnet-wallet-lab/internal/wallet/types.go:223.70,225.16 2 202
github.com/a861252012/testnet-wallet-lab/internal/wallet/types.go:226.156,227.21 1 201
github.com/a861252012/testnet-wallet-lab/internal/wallet/types.go:228.10,229.62 1 1
github.com/a861252012/testnet-wallet-lab/internal/wallet/types.go:246.60,248.15 2 5388
github.com/a861252012/testnet-wallet-lab/internal/wallet/types.go:250.76,251.20 1 5387
github.com/a861252012/testnet-wallet-lab/internal/wallet/types.go:252.10,253.62 1 1
github.com/a861252012/testnet-wallet-lab/internal/wallet/vault.go:23.34,25.16 2 1
github.com/a861252012/testnet-wallet-lab/internal/wallet/vault.go:25.16,26.55 1 0
github.com/a861252012/testnet-wallet-lab/internal/wallet/vault.go:28.2,28.15 1 1
github.com/a861252012/testnet-wallet-lab/internal/wallet/vault.go:40.41,41.43 1 4
github.com/a861252012/testnet-wallet-lab/internal/wallet/vault.go:41.43,43.3 1 1
github.com/a861252012/testnet-wallet-lab/internal/wallet/vault.go:44.2,44.23 1 3
github.com/a861252012/testnet-wallet-lab/internal/wallet/vault.go:48.57,49.43 1 6
github.com/a861252012/testnet-wallet-lab/internal/wallet/vault.go:49.43,52.3 2 2
github.com/a861252012/testnet-wallet-lab/internal/wallet/vault.go:53.2,54.19 2 4
github.com/a861252012/testnet-wallet-lab/internal/wallet/vault.go:54.19,57.3 2 0
github.com/a861252012/testnet-wallet-lab/internal/wallet/vault.go:58.2,59.16 2 4
github.com/a861252012/testnet-wallet-lab/internal/wallet/vault.go:59.16,61.3 1 0
github.com/a861252012/testnet-wallet-lab/internal/wallet/vault.go:62.2,63.12 2 4
github.com/a861252012/testnet-wallet-lab/internal/wallet/vault.go:67.72,68.67 1 3
github.com/a861252012/testnet-wallet-lab/internal/wallet/vault.go:68.67,70.3 1 2
github.com/a861252012/testnet-wallet-lab/internal/wallet/vault.go:72.2,73.16 2 1
github.com/a861252012/testnet-wallet-lab/internal/wallet/vault.go:73.16,75.3 1 0
github.com/a861252012/testnet-wallet-lab/internal/wallet/vault.go:76.2,80.16 4 1
github.com/a861252012/testnet-wallet-lab/internal/wallet/vault.go:80.16,82.3 1 0
github.com/a861252012/testnet-wallet-lab/internal/wallet/vault.go:84.2,89.8 1 1
github.com/a861252012/testnet-wallet-lab/internal/wallet/vault.go:93.119,94.70 1 7
github.com/a861252012/testnet-wallet-lab/internal/wallet/vault.go:94.70,96.3 1 0
github.com/a861252012/testnet-wallet-lab/internal/wallet/vault.go:97.2,98.16 2 7
github.com/a861252012/testnet-wallet-lab/internal/wallet/vault.go:98.16,100.3 1 0
github.com/a861252012/testnet-wallet-lab/internal/wallet/vault.go:101.2,102.16 2 7
github.com/a861252012/testnet-wallet-lab/internal/wallet/vault.go:102.16,104.3 1 0
github.com/a861252012/testnet-wallet-lab/internal/wallet/vault.go:105.2,106.84 2 7
github.com/a861252012/testnet-wallet-lab/internal/wallet/vault.go:106.84,108.3 1 0
github.com/a861252012/testnet-wallet-lab/internal/wallet/vault.go:109.2,109.21 1 7
github.com/a861252012/testnet-wallet-lab/internal/wallet/vault.go:112.40,113.16 1 20
github.com/a861252012/testnet-wallet-lab/internal/wallet/vault.go:113.16,115.3 1 0
github.com/a861252012/testnet-wallet-lab/internal/wallet/vault.go:116.2,116.114 1 20
github.com/a861252012/testnet-wallet-lab/internal/wallet/vault.go:116.114,118.3 1 3
github.com/a861252012/testnet-wallet-lab/internal/wallet/vault.go:119.2,121.30 3 17
github.com/a861252012/testnet-wallet-lab/internal/wallet/vault.go:121.30,122.42 1 11
github.com/a861252012/testnet-wallet-lab/internal/wallet/vault.go:123.15,124.15 1 7
github.com/a861252012/testnet-wallet-lab/internal/wallet/vault.go:125.15,126.31 1 1
github.com/a861252012/testnet-wallet-lab/internal/wallet/vault.go:127.23,128.35 1 2
github.com/a861252012/testnet-wallet-lab/internal/wallet/vault.go:131.2,131.19 1 17
github.com/a861252012/testnet-wallet-lab/internal/wallet/vault.go:131.19,133.3 1 8
github.com/a861252012/testnet-wallet-lab/internal/wallet/vault.go:134.2,135.39 2 17
github.com/a861252012/testnet-wallet-lab/internal/wallet/vault.go:135.39,137.3 1 4
github.com/a861252012/testnet-wallet-lab/internal/wallet/vault.go:138.2,138.34 1 13
github.com/a861252012/testnet-wallet-lab/internal/wallet/vault.go:139.20,140.50 1 4
github.com/a861252012/testnet-wallet-lab/internal/wallet/vault.go:141.20,142.50 1 2
github.com/a861252012/testnet-wallet-lab/internal/wallet/vault.go:143.20,144.66 1 4
github.com/a861252012/testnet-wallet-lab/internal/wallet/vault.go:145.20,146.42 1 1
github.com/a861252012/testnet-wallet-lab/internal/wallet/vault.go:147.20,148.42 1 2
github.com/a861252012/testnet-wallet-lab/internal/wallet/vault.go:149.10,150.72 1 0
github.com/a861252012/testnet-wallet-lab/internal/wallet/vault.go:155.125,163.16 3 27
github.com/a861252012/testnet-wallet-lab/internal/wallet/vault.go:163.16,165.3 1 20
github.com/a861252012/testnet-wallet-lab/internal/wallet/vault.go:166.2,166.12 1 7
