vulnerabilities	Set up job	﻿2026-09-18T16:45:42.7159894Z Current runner version: '2.337.0'
vulnerabilities	Set up job	2026-09-18T16:45:42.7184649Z ##[group]Runner Image Provisioner
vulnerabilities	Set up job	2026-09-18T16:45:42.7185533Z Hosted Compute Agent
vulnerabilities	Set up job	2026-09-18T16:45:42.7186162Z Version: 20260828.587
vulnerabilities	Set up job	2026-09-18T16:45:42.7186914Z Commit: abac92662cab4cc7352de4f9f9d2e2419aad9c29
vulnerabilities	Set up job	2026-09-18T16:45:42.7187664Z Build Date: 2026-08-28T16:44:25Z
vulnerabilities	Set up job	2026-09-18T16:45:42.7188382Z Worker ID: {32725ce2-84a0-4d1c-bb0d-0fc503db725b}
vulnerabilities	Set up job	2026-09-18T16:45:42.7189097Z Azure Region: eastus
vulnerabilities	Set up job	2026-09-18T16:45:42.7189913Z ##[endgroup]
vulnerabilities	Set up job	2026-09-18T16:45:42.7191779Z ##[group]Operating System
vulnerabilities	Set up job	2026-09-18T16:45:42.7192444Z Ubuntu
vulnerabilities	Set up job	2026-09-18T16:45:42.7193017Z 24.04.5
vulnerabilities	Set up job	2026-09-18T16:45:42.7193588Z LTS
vulnerabilities	Set up job	2026-09-18T16:45:42.7194098Z ##[endgroup]
vulnerabilities	Set up job	2026-09-18T16:45:42.7194698Z ##[group]Runner Image
vulnerabilities	Set up job	2026-09-18T16:45:42.7195305Z Image: ubuntu-24.04
vulnerabilities	Set up job	2026-09-18T16:45:42.7195845Z Version: 20260907.300.1
vulnerabilities	Set up job	2026-09-18T16:45:42.7196975Z Included Software: https://github.com/actions/runner-images/blob/ubuntu24/20260907.300/images/ubuntu/Ubuntu2404-Readme.md
vulnerabilities	Set up job	2026-09-18T16:45:42.7198792Z Image Release: https://github.com/actions/runner-images/releases/tag/ubuntu24%2F20260907.300
vulnerabilities	Set up job	2026-09-18T16:45:42.7200000Z ##[endgroup]
vulnerabilities	Set up job	2026-09-18T16:45:42.7201142Z ##[group]GITHUB_TOKEN Permissions
vulnerabilities	Set up job	2026-09-18T16:45:42.7203336Z Contents: read
vulnerabilities	Set up job	2026-09-18T16:45:42.7204054Z Metadata: read
vulnerabilities	Set up job	2026-09-18T16:45:42.7204655Z ##[endgroup]
vulnerabilities	Set up job	2026-09-18T16:45:42.7206995Z Secret source: Actions
vulnerabilities	Set up job	2026-09-18T16:45:42.7208129Z Cache mode: write
vulnerabilities	Set up job	2026-09-18T16:45:42.7208993Z Prepare workflow directory
vulnerabilities	Set up job	2026-09-18T16:45:42.7536190Z Prepare all required actions
vulnerabilities	Set up job	2026-09-18T16:45:42.7583209Z Getting action download info
vulnerabilities	Set up job	2026-09-18T16:45:42.9657437Z Download action repository 'actions/checkout@11d5960a326750d5838078e36cf38b85af677262' (SHA:11d5960a326750d5838078e36cf38b85af677262)
vulnerabilities	Set up job	2026-09-18T16:45:43.1527552Z Complete job name: vulnerabilities
vulnerabilities	Run actions/checkout@11d5960a326750d5838078e36cf38b85af677262	﻿2026-09-18T16:45:43.2392740Z Node 20 is being deprecated. This workflow is running with Node 24 by default. If you need to temporarily use Node 20, you can set the ACTIONS_ALLOW_USE_UNSECURE_NODE_VERSION=true environment variable. For more information see: https://github.blog/changelog/2025-09-19-deprecation-of-node-20-on-github-actions-runners/
vulnerabilities	Run actions/checkout@11d5960a326750d5838078e36cf38b85af677262	2026-09-18T16:45:43.2403249Z ##[group]Run actions/checkout@11d5960a326750d5838078e36cf38b85af677262
vulnerabilities	Run actions/checkout@11d5960a326750d5838078e36cf38b85af677262	2026-09-18T16:45:43.2404230Z with:
vulnerabilities	Run actions/checkout@11d5960a326750d5838078e36cf38b85af677262	2026-09-18T16:45:43.2404755Z   repository: a861252012/testnet-wallet-lab
vulnerabilities	Run actions/checkout@11d5960a326750d5838078e36cf38b85af677262	2026-09-18T16:45:43.2408609Z   token: ***
vulnerabilities	Run actions/checkout@11d5960a326750d5838078e36cf38b85af677262	2026-09-18T16:45:43.2409048Z   ssh-strict: true
vulnerabilities	Run actions/checkout@11d5960a326750d5838078e36cf38b85af677262	2026-09-18T16:45:43.2409858Z   ssh-user: git
vulnerabilities	Run actions/checkout@11d5960a326750d5838078e36cf38b85af677262	2026-09-18T16:45:43.2410330Z   persist-credentials: true
vulnerabilities	Run actions/checkout@11d5960a326750d5838078e36cf38b85af677262	2026-09-18T16:45:43.2410833Z   clean: true
vulnerabilities	Run actions/checkout@11d5960a326750d5838078e36cf38b85af677262	2026-09-18T16:45:43.2411294Z   sparse-checkout-cone-mode: true
vulnerabilities	Run actions/checkout@11d5960a326750d5838078e36cf38b85af677262	2026-09-18T16:45:43.2411999Z   fetch-depth: 1
vulnerabilities	Run actions/checkout@11d5960a326750d5838078e36cf38b85af677262	2026-09-18T16:45:43.2412439Z   fetch-tags: false
vulnerabilities	Run actions/checkout@11d5960a326750d5838078e36cf38b85af677262	2026-09-18T16:45:43.2412889Z   show-progress: true
vulnerabilities	Run actions/checkout@11d5960a326750d5838078e36cf38b85af677262	2026-09-18T16:45:43.2413342Z   lfs: false
vulnerabilities	Run actions/checkout@11d5960a326750d5838078e36cf38b85af677262	2026-09-18T16:45:43.2413799Z   submodules: false
vulnerabilities	Run actions/checkout@11d5960a326750d5838078e36cf38b85af677262	2026-09-18T16:45:43.2414250Z   set-safe-directory: true
vulnerabilities	Run actions/checkout@11d5960a326750d5838078e36cf38b85af677262	2026-09-18T16:45:43.2414780Z   allow-unsafe-pr-checkout: false
vulnerabilities	Run actions/checkout@11d5960a326750d5838078e36cf38b85af677262	2026-09-18T16:45:43.2415858Z ##[endgroup]
vulnerabilities	Run actions/checkout@11d5960a326750d5838078e36cf38b85af677262	2026-09-18T16:45:43.3420964Z Syncing repository: a861252012/testnet-wallet-lab
vulnerabilities	Run actions/checkout@11d5960a326750d5838078e36cf38b85af677262	2026-09-18T16:45:43.3422953Z ##[group]Getting Git version info
vulnerabilities	Run actions/checkout@11d5960a326750d5838078e36cf38b85af677262	2026-09-18T16:45:43.3423830Z Working directory is '/home/runner/work/testnet-wallet-lab/testnet-wallet-lab'
vulnerabilities	Run actions/checkout@11d5960a326750d5838078e36cf38b85af677262	2026-09-18T16:45:43.3425190Z [command]/usr/bin/git version
vulnerabilities	Run actions/checkout@11d5960a326750d5838078e36cf38b85af677262	2026-09-18T16:45:43.3491074Z git version 2.55.0
vulnerabilities	Run actions/checkout@11d5960a326750d5838078e36cf38b85af677262	2026-09-18T16:45:43.3511216Z ##[endgroup]
vulnerabilities	Run actions/checkout@11d5960a326750d5838078e36cf38b85af677262	2026-09-18T16:45:43.3525515Z Temporarily overriding HOME='/home/runner/work/_temp/3829c5fc-f932-46f6-a863-9ef93870d56c' before making global git config changes
vulnerabilities	Run actions/checkout@11d5960a326750d5838078e36cf38b85af677262	2026-09-18T16:45:43.3527527Z Adding repository directory to the temporary git global config as a safe directory
vulnerabilities	Run actions/checkout@11d5960a326750d5838078e36cf38b85af677262	2026-09-18T16:45:43.3532019Z [command]/usr/bin/git config --global --add safe.directory /home/runner/work/testnet-wallet-lab/testnet-wallet-lab
vulnerabilities	Run actions/checkout@11d5960a326750d5838078e36cf38b85af677262	2026-09-18T16:45:43.3581986Z Deleting the contents of '/home/runner/work/testnet-wallet-lab/testnet-wallet-lab'
vulnerabilities	Run actions/checkout@11d5960a326750d5838078e36cf38b85af677262	2026-09-18T16:45:43.3586146Z ##[group]Initializing the repository
vulnerabilities	Run actions/checkout@11d5960a326750d5838078e36cf38b85af677262	2026-09-18T16:45:43.3590619Z [command]/usr/bin/git init /home/runner/work/testnet-wallet-lab/testnet-wallet-lab
vulnerabilities	Run actions/checkout@11d5960a326750d5838078e36cf38b85af677262	2026-09-18T16:45:43.3697757Z hint: Using 'master' as the name for the initial branch. This default branch name
vulnerabilities	Run actions/checkout@11d5960a326750d5838078e36cf38b85af677262	2026-09-18T16:45:43.3698879Z hint: will change to "main" in Git 3.0. To configure the initial branch name
vulnerabilities	Run actions/checkout@11d5960a326750d5838078e36cf38b85af677262	2026-09-18T16:45:43.3700355Z hint: to use in all of your new repositories, which will suppress this warning,
vulnerabilities	Run actions/checkout@11d5960a326750d5838078e36cf38b85af677262	2026-09-18T16:45:43.3701872Z hint: call:
vulnerabilities	Run actions/checkout@11d5960a326750d5838078e36cf38b85af677262	2026-09-18T16:45:43.3702589Z hint:
vulnerabilities	Run actions/checkout@11d5960a326750d5838078e36cf38b85af677262	2026-09-18T16:45:43.3703601Z hint: 	git config --global init.defaultBranch <name>
vulnerabilities	Run actions/checkout@11d5960a326750d5838078e36cf38b85af677262	2026-09-18T16:45:43.3704798Z hint:
vulnerabilities	Run actions/checkout@11d5960a326750d5838078e36cf38b85af677262	2026-09-18T16:45:43.3705917Z hint: Names commonly chosen instead of 'master' are 'main', 'trunk' and
vulnerabilities	Run actions/checkout@11d5960a326750d5838078e36cf38b85af677262	2026-09-18T16:45:43.3707685Z hint: 'development'. The just-created branch can be renamed via this command:
vulnerabilities	Run actions/checkout@11d5960a326750d5838078e36cf38b85af677262	2026-09-18T16:45:43.3709416Z hint:
vulnerabilities	Run actions/checkout@11d5960a326750d5838078e36cf38b85af677262	2026-09-18T16:45:43.3710291Z hint: 	git branch -m <name>
vulnerabilities	Run actions/checkout@11d5960a326750d5838078e36cf38b85af677262	2026-09-18T16:45:43.3711124Z hint:
vulnerabilities	Run actions/checkout@11d5960a326750d5838078e36cf38b85af677262	2026-09-18T16:45:43.3712312Z hint: Disable this message with "git config set advice.defaultBranchName false"
vulnerabilities	Run actions/checkout@11d5960a326750d5838078e36cf38b85af677262	2026-09-18T16:45:43.3714508Z Initialized empty Git repository in /home/runner/work/testnet-wallet-lab/testnet-wallet-lab/.git/
vulnerabilities	Run actions/checkout@11d5960a326750d5838078e36cf38b85af677262	2026-09-18T16:45:43.3717667Z [command]/usr/bin/git remote add origin https://github.com/a861252012/testnet-wallet-lab
vulnerabilities	Run actions/checkout@11d5960a326750d5838078e36cf38b85af677262	2026-09-18T16:45:43.3760196Z ##[endgroup]
vulnerabilities	Run actions/checkout@11d5960a326750d5838078e36cf38b85af677262	2026-09-18T16:45:43.3761530Z ##[group]Disabling automatic garbage collection
vulnerabilities	Run actions/checkout@11d5960a326750d5838078e36cf38b85af677262	2026-09-18T16:45:43.3764644Z [command]/usr/bin/git config --local gc.auto 0
vulnerabilities	Run actions/checkout@11d5960a326750d5838078e36cf38b85af677262	2026-09-18T16:45:43.3795217Z ##[endgroup]
vulnerabilities	Run actions/checkout@11d5960a326750d5838078e36cf38b85af677262	2026-09-18T16:45:43.3796579Z ##[group]Setting up auth
vulnerabilities	Run actions/checkout@11d5960a326750d5838078e36cf38b85af677262	2026-09-18T16:45:43.3802676Z [command]/usr/bin/git config --local --name-only --get-regexp core\.sshCommand
vulnerabilities	Run actions/checkout@11d5960a326750d5838078e36cf38b85af677262	2026-09-18T16:45:43.3832822Z [command]/usr/bin/git submodule foreach --recursive sh -c "git config --local --name-only --get-regexp 'core\.sshCommand' && git config --local --unset-all 'core.sshCommand' || :"
vulnerabilities	Run actions/checkout@11d5960a326750d5838078e36cf38b85af677262	2026-09-18T16:45:43.4163808Z [command]/usr/bin/git config --local --name-only --get-regexp http\.https\:\/\/github\.com\/\.extraheader
vulnerabilities	Run actions/checkout@11d5960a326750d5838078e36cf38b85af677262	2026-09-18T16:45:43.4194689Z [command]/usr/bin/git submodule foreach --recursive sh -c "git config --local --name-only --get-regexp 'http\.https\:\/\/github\.com\/\.extraheader' && git config --local --unset-all 'http.https://github.com/.extraheader' || :"
vulnerabilities	Run actions/checkout@11d5960a326750d5838078e36cf38b85af677262	2026-09-18T16:45:43.4418646Z [command]/usr/bin/git config --local --name-only --get-regexp ^includeIf\.gitdir:
vulnerabilities	Run actions/checkout@11d5960a326750d5838078e36cf38b85af677262	2026-09-18T16:45:43.4450757Z [command]/usr/bin/git submodule foreach --recursive git config --local --show-origin --name-only --get-regexp remote.origin.url
vulnerabilities	Run actions/checkout@11d5960a326750d5838078e36cf38b85af677262	2026-09-18T16:45:43.4668594Z [command]/usr/bin/git config --local http.https://github.com/.extraheader AUTHORIZATION: basic ***
vulnerabilities	Run actions/checkout@11d5960a326750d5838078e36cf38b85af677262	2026-09-18T16:45:43.4702958Z ##[endgroup]
vulnerabilities	Run actions/checkout@11d5960a326750d5838078e36cf38b85af677262	2026-09-18T16:45:43.4703849Z ##[group]Fetching the repository
vulnerabilities	Run actions/checkout@11d5960a326750d5838078e36cf38b85af677262	2026-09-18T16:45:43.4712303Z [command]/usr/bin/git -c protocol.version=2 fetch --no-tags --prune --no-recurse-submodules --depth=1 origin +3a55ab854701074f6fb796ba23fe7953b67fbd8e:refs/remotes/origin/main
vulnerabilities	Run actions/checkout@11d5960a326750d5838078e36cf38b85af677262	2026-09-18T16:45:43.8012410Z From https://github.com/a861252012/testnet-wallet-lab
vulnerabilities	Run actions/checkout@11d5960a326750d5838078e36cf38b85af677262	2026-09-18T16:45:43.8013638Z  * [new ref]         3a55ab854701074f6fb796ba23fe7953b67fbd8e -> origin/main
vulnerabilities	Run actions/checkout@11d5960a326750d5838078e36cf38b85af677262	2026-09-18T16:45:43.8017914Z ##[endgroup]
vulnerabilities	Run actions/checkout@11d5960a326750d5838078e36cf38b85af677262	2026-09-18T16:45:43.8018989Z ##[group]Determining the checkout info
vulnerabilities	Run actions/checkout@11d5960a326750d5838078e36cf38b85af677262	2026-09-18T16:45:43.8021132Z ##[endgroup]
vulnerabilities	Run actions/checkout@11d5960a326750d5838078e36cf38b85af677262	2026-09-18T16:45:43.8026246Z [command]/usr/bin/git sparse-checkout disable
vulnerabilities	Run actions/checkout@11d5960a326750d5838078e36cf38b85af677262	2026-09-18T16:45:43.8072511Z [command]/usr/bin/git config --local --unset-all extensions.worktreeConfig
vulnerabilities	Run actions/checkout@11d5960a326750d5838078e36cf38b85af677262	2026-09-18T16:45:43.8100418Z ##[group]Checking out the ref
vulnerabilities	Run actions/checkout@11d5960a326750d5838078e36cf38b85af677262	2026-09-18T16:45:43.8105707Z [command]/usr/bin/git checkout --progress --force -B main refs/remotes/origin/main
vulnerabilities	Run actions/checkout@11d5960a326750d5838078e36cf38b85af677262	2026-09-18T16:45:43.8345953Z Switched to a new branch 'main'
vulnerabilities	Run actions/checkout@11d5960a326750d5838078e36cf38b85af677262	2026-09-18T16:45:43.8352076Z branch 'main' set up to track 'origin/main'.
vulnerabilities	Run actions/checkout@11d5960a326750d5838078e36cf38b85af677262	2026-09-18T16:45:43.8361297Z ##[endgroup]
vulnerabilities	Run actions/checkout@11d5960a326750d5838078e36cf38b85af677262	2026-09-18T16:45:43.8405065Z [command]/usr/bin/git log -1 --format=%H
vulnerabilities	Run actions/checkout@11d5960a326750d5838078e36cf38b85af677262	2026-09-18T16:45:43.8431149Z 3a55ab854701074f6fb796ba23fe7953b67fbd8e
vulnerabilities	Check reachable known Go vulnerabilities	﻿2026-09-18T16:45:43.8670780Z ##[group]Run docker run --rm -v "$PWD:/src:ro" -w /src \
vulnerabilities	Check reachable known Go vulnerabilities	2026-09-18T16:45:43.8671981Z [36;1mdocker run --rm -v "$PWD:/src:ro" -w /src \[0m
vulnerabilities	Check reachable known Go vulnerabilities	2026-09-18T16:45:43.8673104Z [36;1m  golang:1.26-alpine@sha256:ce864e7223ac17b1775e6fd0b4c0db580c2eb50e7953a427916379e4b92a1628 \[0m
vulnerabilities	Check reachable known Go vulnerabilities	2026-09-18T16:45:43.8674548Z [36;1m  sh -c 'go install golang.org/x/vuln/cmd/govulncheck@v1.8.0 && govulncheck ./cmd/... ./internal/...'[0m
vulnerabilities	Check reachable known Go vulnerabilities	2026-09-18T16:45:43.8714839Z shell: /usr/bin/bash -e {0}
vulnerabilities	Check reachable known Go vulnerabilities	2026-09-18T16:45:43.8715456Z ##[endgroup]
vulnerabilities	Check reachable known Go vulnerabilities	2026-09-18T16:45:43.9510221Z Unable to find image 'golang:1.26-alpine@sha256:ce864e7223ac17b1775e6fd0b4c0db580c2eb50e7953a427916379e4b92a1628' locally
vulnerabilities	Check reachable known Go vulnerabilities	2026-09-18T16:45:44.1198947Z docker.io/library/golang@sha256:ce864e7223ac17b1775e6fd0b4c0db580c2eb50e7953a427916379e4b92a1628: Pulling from library/golang
vulnerabilities	Check reachable known Go vulnerabilities	2026-09-18T16:45:44.1933787Z 55afa1ecc21d: Already exists
vulnerabilities	Check reachable known Go vulnerabilities	2026-09-18T16:45:44.1963634Z 7c3a144dfd22: Pulling fs layer
vulnerabilities	Check reachable known Go vulnerabilities	2026-09-18T16:45:44.1965192Z 2cb3e687d353: Pulling fs layer
vulnerabilities	Check reachable known Go vulnerabilities	2026-09-18T16:45:44.1966759Z a01ef6a60160: Pulling fs layer
vulnerabilities	Check reachable known Go vulnerabilities	2026-09-18T16:45:44.1968227Z 4f4fb700ef54: Pulling fs layer
vulnerabilities	Check reachable known Go vulnerabilities	2026-09-18T16:45:44.1969885Z 4f4fb700ef54: Waiting
vulnerabilities	Check reachable known Go vulnerabilities	2026-09-18T16:45:44.2842129Z a01ef6a60160: Verifying Checksum
vulnerabilities	Check reachable known Go vulnerabilities	2026-09-18T16:45:44.3329096Z a01ef6a60160: Download complete
vulnerabilities	Check reachable known Go vulnerabilities	2026-09-18T16:45:44.3331057Z 7c3a144dfd22: Verifying Checksum
vulnerabilities	Check reachable known Go vulnerabilities	2026-09-18T16:45:44.3332401Z 7c3a144dfd22: Download complete
vulnerabilities	Check reachable known Go vulnerabilities	2026-09-18T16:45:44.3487256Z 4f4fb700ef54: Verifying Checksum
vulnerabilities	Check reachable known Go vulnerabilities	2026-09-18T16:45:44.3489491Z 4f4fb700ef54: Download complete
vulnerabilities	Check reachable known Go vulnerabilities	2026-09-18T16:45:44.4391400Z 7c3a144dfd22: Pull complete
vulnerabilities	Check reachable known Go vulnerabilities	2026-09-18T16:45:44.6588982Z 2cb3e687d353: Verifying Checksum
vulnerabilities	Check reachable known Go vulnerabilities	2026-09-18T16:45:44.6593298Z 2cb3e687d353: Download complete
vulnerabilities	Check reachable known Go vulnerabilities	2026-09-18T16:45:49.8303204Z 2cb3e687d353: Pull complete
vulnerabilities	Check reachable known Go vulnerabilities	2026-09-18T16:45:49.8384452Z a01ef6a60160: Pull complete
vulnerabilities	Check reachable known Go vulnerabilities	2026-09-18T16:45:49.8466941Z 4f4fb700ef54: Pull complete
vulnerabilities	Check reachable known Go vulnerabilities	2026-09-18T16:45:49.8517168Z Digest: sha256:ce864e7223ac17b1775e6fd0b4c0db580c2eb50e7953a427916379e4b92a1628
vulnerabilities	Check reachable known Go vulnerabilities	2026-09-18T16:45:49.8524618Z Status: Downloaded newer image for golang@sha256:ce864e7223ac17b1775e6fd0b4c0db580c2eb50e7953a427916379e4b92a1628
vulnerabilities	Check reachable known Go vulnerabilities	2026-09-18T16:45:50.0543845Z go: downloading golang.org/x/vuln v1.8.0
vulnerabilities	Check reachable known Go vulnerabilities	2026-09-18T16:45:50.2556818Z go: downloading golang.org/x/telemetry v0.0.0-20260908163034-4bcc4b2ee518
vulnerabilities	Check reachable known Go vulnerabilities	2026-09-18T16:45:50.3152311Z go: downloading golang.org/x/mod v0.41.0
vulnerabilities	Check reachable known Go vulnerabilities	2026-09-18T16:45:50.3282041Z go: downloading golang.org/x/tools v0.50.0
vulnerabilities	Check reachable known Go vulnerabilities	2026-09-18T16:45:50.4226754Z go: downloading golang.org/x/sync v0.23.0
vulnerabilities	Check reachable known Go vulnerabilities	2026-09-18T16:46:15.3680607Z === Symbol Results ===
vulnerabilities	Check reachable known Go vulnerabilities	2026-09-18T16:46:15.3681348Z 
vulnerabilities	Check reachable known Go vulnerabilities	2026-09-18T16:46:15.3681761Z No vulnerabilities found.
vulnerabilities	Check reachable known Go vulnerabilities	2026-09-18T16:46:15.3682314Z 
vulnerabilities	Check reachable known Go vulnerabilities	2026-09-18T16:46:15.3682619Z Your code is affected by 0 vulnerabilities.
vulnerabilities	Check reachable known Go vulnerabilities	2026-09-18T16:46:15.3683347Z This scan also found 2 vulnerabilities in packages you import and 20
vulnerabilities	Check reachable known Go vulnerabilities	2026-09-18T16:46:15.3684245Z vulnerabilities in modules you require, but your code doesn't appear to call
vulnerabilities	Check reachable known Go vulnerabilities	2026-09-18T16:46:15.3684941Z these vulnerabilities.
vulnerabilities	Check reachable known Go vulnerabilities	2026-09-18T16:46:15.3685362Z Use '-show verbose' for more details.
vulnerabilities	Post Run actions/checkout@11d5960a326750d5838078e36cf38b85af677262	﻿2026-09-18T16:46:17.0717894Z Node 20 is being deprecated. This workflow is running with Node 24 by default. If you need to temporarily use Node 20, you can set the ACTIONS_ALLOW_USE_UNSECURE_NODE_VERSION=true environment variable. For more information see: https://github.blog/changelog/2025-09-19-deprecation-of-node-20-on-github-actions-runners/
vulnerabilities	Post Run actions/checkout@11d5960a326750d5838078e36cf38b85af677262	2026-09-18T16:46:17.0719826Z Post job cleanup.
vulnerabilities	Post Run actions/checkout@11d5960a326750d5838078e36cf38b85af677262	2026-09-18T16:46:17.1598416Z [command]/usr/bin/git version
vulnerabilities	Post Run actions/checkout@11d5960a326750d5838078e36cf38b85af677262	2026-09-18T16:46:17.1638293Z git version 2.55.0
vulnerabilities	Post Run actions/checkout@11d5960a326750d5838078e36cf38b85af677262	2026-09-18T16:46:17.1678381Z Temporarily overriding HOME='/home/runner/work/_temp/bf4acf92-0fec-4041-a740-38cd331ba7b6' before making global git config changes
vulnerabilities	Post Run actions/checkout@11d5960a326750d5838078e36cf38b85af677262	2026-09-18T16:46:17.1680337Z Adding repository directory to the temporary git global config as a safe directory
vulnerabilities	Post Run actions/checkout@11d5960a326750d5838078e36cf38b85af677262	2026-09-18T16:46:17.1685304Z [command]/usr/bin/git config --global --add safe.directory /home/runner/work/testnet-wallet-lab/testnet-wallet-lab
vulnerabilities	Post Run actions/checkout@11d5960a326750d5838078e36cf38b85af677262	2026-09-18T16:46:17.1723265Z [command]/usr/bin/git config --local --name-only --get-regexp core\.sshCommand
vulnerabilities	Post Run actions/checkout@11d5960a326750d5838078e36cf38b85af677262	2026-09-18T16:46:17.1761985Z [command]/usr/bin/git submodule foreach --recursive sh -c "git config --local --name-only --get-regexp 'core\.sshCommand' && git config --local --unset-all 'core.sshCommand' || :"
vulnerabilities	Post Run actions/checkout@11d5960a326750d5838078e36cf38b85af677262	2026-09-18T16:46:17.1989695Z [command]/usr/bin/git config --local --name-only --get-regexp http\.https\:\/\/github\.com\/\.extraheader
vulnerabilities	Post Run actions/checkout@11d5960a326750d5838078e36cf38b85af677262	2026-09-18T16:46:17.2017177Z http.https://github.com/.extraheader
vulnerabilities	Post Run actions/checkout@11d5960a326750d5838078e36cf38b85af677262	2026-09-18T16:46:17.2027980Z [command]/usr/bin/git config --local --unset-all http.https://github.com/.extraheader
vulnerabilities	Post Run actions/checkout@11d5960a326750d5838078e36cf38b85af677262	2026-09-18T16:46:17.2062134Z [command]/usr/bin/git submodule foreach --recursive sh -c "git config --local --name-only --get-regexp 'http\.https\:\/\/github\.com\/\.extraheader' && git config --local --unset-all 'http.https://github.com/.extraheader' || :"
vulnerabilities	Post Run actions/checkout@11d5960a326750d5838078e36cf38b85af677262	2026-09-18T16:46:17.2287296Z [command]/usr/bin/git config --local --name-only --get-regexp ^includeIf\.gitdir:
vulnerabilities	Post Run actions/checkout@11d5960a326750d5838078e36cf38b85af677262	2026-09-18T16:46:17.2353888Z [command]/usr/bin/git submodule foreach --recursive git config --local --show-origin --name-only --get-regexp remote.origin.url
vulnerabilities	Complete job	﻿2026-09-18T16:46:17.2842256Z Cleaning up orphan processes
vulnerabilities	Complete job	2026-09-18T16:46:17.3176967Z ##[warning]Node.js 20 is deprecated. The following actions target Node.js 20 but are being forced to run on Node.js 24: actions/checkout@11d5960a326750d5838078e36cf38b85af677262. For more information see: https://github.blog/changelog/2025-09-19-deprecation-of-node-20-on-github-actions-runners/
deployment (ubuntu-latest)	Set up job	﻿2026-09-18T16:45:44.2653493Z Current runner version: '2.337.0'
deployment (ubuntu-latest)	Set up job	2026-09-18T16:45:44.2691467Z ##[group]Runner Image Provisioner
deployment (ubuntu-latest)	Set up job	2026-09-18T16:45:44.2692726Z Hosted Compute Agent
deployment (ubuntu-latest)	Set up job	2026-09-18T16:45:44.2693724Z Version: 20260828.587
deployment (ubuntu-latest)	Set up job	2026-09-18T16:45:44.2695232Z Commit: abac92662cab4cc7352de4f9f9d2e2419aad9c29
deployment (ubuntu-latest)	Set up job	2026-09-18T16:45:44.2696663Z Build Date: 2026-08-28T16:44:25Z
deployment (ubuntu-latest)	Set up job	2026-09-18T16:45:44.2698116Z Worker ID: {e2f52017-4670-49a6-9a8a-76aa09418a46}
deployment (ubuntu-latest)	Set up job	2026-09-18T16:45:44.2699366Z Azure Region: northcentralus
deployment (ubuntu-latest)	Set up job	2026-09-18T16:45:44.2700573Z ##[endgroup]
deployment (ubuntu-latest)	Set up job	2026-09-18T16:45:44.2703590Z ##[group]Operating System
deployment (ubuntu-latest)	Set up job	2026-09-18T16:45:44.2705028Z Ubuntu
deployment (ubuntu-latest)	Set up job	2026-09-18T16:45:44.2705871Z 24.04.5
deployment (ubuntu-latest)	Set up job	2026-09-18T16:45:44.2706712Z LTS
deployment (ubuntu-latest)	Set up job	2026-09-18T16:45:44.2707832Z ##[endgroup]
deployment (ubuntu-latest)	Set up job	2026-09-18T16:45:44.2708816Z ##[group]Runner Image
deployment (ubuntu-latest)	Set up job	2026-09-18T16:45:44.2709917Z Image: ubuntu-24.04
deployment (ubuntu-latest)	Set up job	2026-09-18T16:45:44.2711153Z Version: 20260907.300.1
deployment (ubuntu-latest)	Set up job	2026-09-18T16:45:44.2713024Z Included Software: https://github.com/actions/runner-images/blob/ubuntu24/20260907.300/images/ubuntu/Ubuntu2404-Readme.md
deployment (ubuntu-latest)	Set up job	2026-09-18T16:45:44.2716451Z Image Release: https://github.com/actions/runner-images/releases/tag/ubuntu24%2F20260907.300
deployment (ubuntu-latest)	Set up job	2026-09-18T16:45:44.2718460Z ##[endgroup]
deployment (ubuntu-latest)	Set up job	2026-09-18T16:45:44.2720309Z ##[group]GITHUB_TOKEN Permissions
deployment (ubuntu-latest)	Set up job	2026-09-18T16:45:44.2723342Z Contents: read
deployment (ubuntu-latest)	Set up job	2026-09-18T16:45:44.2724667Z Metadata: read
deployment (ubuntu-latest)	Set up job	2026-09-18T16:45:44.2725702Z ##[endgroup]
deployment (ubuntu-latest)	Set up job	2026-09-18T16:45:44.2728987Z Secret source: Actions
deployment (ubuntu-latest)	Set up job	2026-09-18T16:45:44.2731239Z Cache mode: write
deployment (ubuntu-latest)	Set up job	2026-09-18T16:45:44.2732907Z Prepare workflow directory
deployment (ubuntu-latest)	Set up job	2026-09-18T16:45:44.3169773Z Prepare all required actions
deployment (ubuntu-latest)	Set up job	2026-09-18T16:45:44.3240467Z Getting action download info
deployment (ubuntu-latest)	Set up job	2026-09-18T16:45:44.5580090Z Download action repository 'actions/checkout@11d5960a326750d5838078e36cf38b85af677262' (SHA:11d5960a326750d5838078e36cf38b85af677262)
deployment (ubuntu-latest)	Set up job	2026-09-18T16:45:44.7434306Z Complete job name: deployment (ubuntu-latest)
deployment (ubuntu-latest)	Run actions/checkout@11d5960a326750d5838078e36cf38b85af677262	﻿2026-09-18T16:45:44.8326017Z Node 20 is being deprecated. This workflow is running with Node 24 by default. If you need to temporarily use Node 20, you can set the ACTIONS_ALLOW_USE_UNSECURE_NODE_VERSION=true environment variable. For more information see: https://github.blog/changelog/2025-09-19-deprecation-of-node-20-on-github-actions-runners/
deployment (ubuntu-latest)	Run actions/checkout@11d5960a326750d5838078e36cf38b85af677262	2026-09-18T16:45:44.8334967Z ##[group]Run actions/checkout@11d5960a326750d5838078e36cf38b85af677262
deployment (ubuntu-latest)	Run actions/checkout@11d5960a326750d5838078e36cf38b85af677262	2026-09-18T16:45:44.8335953Z with:
deployment (ubuntu-latest)	Run actions/checkout@11d5960a326750d5838078e36cf38b85af677262	2026-09-18T16:45:44.8336444Z   repository: a861252012/testnet-wallet-lab
deployment (ubuntu-latest)	Run actions/checkout@11d5960a326750d5838078e36cf38b85af677262	2026-09-18T16:45:44.8340200Z   token: ***
deployment (ubuntu-latest)	Run actions/checkout@11d5960a326750d5838078e36cf38b85af677262	2026-09-18T16:45:44.8340657Z   ssh-strict: true
deployment (ubuntu-latest)	Run actions/checkout@11d5960a326750d5838078e36cf38b85af677262	2026-09-18T16:45:44.8341106Z   ssh-user: git
deployment (ubuntu-latest)	Run actions/checkout@11d5960a326750d5838078e36cf38b85af677262	2026-09-18T16:45:44.8341561Z   persist-credentials: true
deployment (ubuntu-latest)	Run actions/checkout@11d5960a326750d5838078e36cf38b85af677262	2026-09-18T16:45:44.8342068Z   clean: true
deployment (ubuntu-latest)	Run actions/checkout@11d5960a326750d5838078e36cf38b85af677262	2026-09-18T16:45:44.8342533Z   sparse-checkout-cone-mode: true
deployment (ubuntu-latest)	Run actions/checkout@11d5960a326750d5838078e36cf38b85af677262	2026-09-18T16:45:44.8343075Z   fetch-depth: 1
deployment (ubuntu-latest)	Run actions/checkout@11d5960a326750d5838078e36cf38b85af677262	2026-09-18T16:45:44.8343525Z   fetch-tags: false
deployment (ubuntu-latest)	Run actions/checkout@11d5960a326750d5838078e36cf38b85af677262	2026-09-18T16:45:44.8343993Z   show-progress: true
deployment (ubuntu-latest)	Run actions/checkout@11d5960a326750d5838078e36cf38b85af677262	2026-09-18T16:45:44.8344647Z   lfs: false
deployment (ubuntu-latest)	Run actions/checkout@11d5960a326750d5838078e36cf38b85af677262	2026-09-18T16:45:44.8345129Z   submodules: false
deployment (ubuntu-latest)	Run actions/checkout@11d5960a326750d5838078e36cf38b85af677262	2026-09-18T16:45:44.8345600Z   set-safe-directory: true
deployment (ubuntu-latest)	Run actions/checkout@11d5960a326750d5838078e36cf38b85af677262	2026-09-18T16:45:44.8346130Z   allow-unsafe-pr-checkout: false
deployment (ubuntu-latest)	Run actions/checkout@11d5960a326750d5838078e36cf38b85af677262	2026-09-18T16:45:44.8346942Z ##[endgroup]
deployment (ubuntu-latest)	Run actions/checkout@11d5960a326750d5838078e36cf38b85af677262	2026-09-18T16:45:44.9374882Z Syncing repository: a861252012/testnet-wallet-lab
deployment (ubuntu-latest)	Run actions/checkout@11d5960a326750d5838078e36cf38b85af677262	2026-09-18T16:45:44.9376906Z ##[group]Getting Git version info
deployment (ubuntu-latest)	Run actions/checkout@11d5960a326750d5838078e36cf38b85af677262	2026-09-18T16:45:44.9377950Z Working directory is '/home/runner/work/testnet-wallet-lab/testnet-wallet-lab'
deployment (ubuntu-latest)	Run actions/checkout@11d5960a326750d5838078e36cf38b85af677262	2026-09-18T16:45:44.9379177Z [command]/usr/bin/git version
deployment (ubuntu-latest)	Run actions/checkout@11d5960a326750d5838078e36cf38b85af677262	2026-09-18T16:45:44.9432693Z git version 2.55.0
deployment (ubuntu-latest)	Run actions/checkout@11d5960a326750d5838078e36cf38b85af677262	2026-09-18T16:45:44.9487034Z ##[endgroup]
deployment (ubuntu-latest)	Run actions/checkout@11d5960a326750d5838078e36cf38b85af677262	2026-09-18T16:45:44.9503884Z Temporarily overriding HOME='/home/runner/work/_temp/3a316537-139e-4ca6-9d0d-ccdfe86bd218' before making global git config changes
deployment (ubuntu-latest)	Run actions/checkout@11d5960a326750d5838078e36cf38b85af677262	2026-09-18T16:45:44.9506674Z Adding repository directory to the temporary git global config as a safe directory
deployment (ubuntu-latest)	Run actions/checkout@11d5960a326750d5838078e36cf38b85af677262	2026-09-18T16:45:44.9511057Z [command]/usr/bin/git config --global --add safe.directory /home/runner/work/testnet-wallet-lab/testnet-wallet-lab
deployment (ubuntu-latest)	Run actions/checkout@11d5960a326750d5838078e36cf38b85af677262	2026-09-18T16:45:44.9557553Z Deleting the contents of '/home/runner/work/testnet-wallet-lab/testnet-wallet-lab'
deployment (ubuntu-latest)	Run actions/checkout@11d5960a326750d5838078e36cf38b85af677262	2026-09-18T16:45:44.9561998Z ##[group]Initializing the repository
deployment (ubuntu-latest)	Run actions/checkout@11d5960a326750d5838078e36cf38b85af677262	2026-09-18T16:45:44.9566305Z [command]/usr/bin/git init /home/runner/work/testnet-wallet-lab/testnet-wallet-lab
deployment (ubuntu-latest)	Run actions/checkout@11d5960a326750d5838078e36cf38b85af677262	2026-09-18T16:45:44.9675295Z hint: Using 'master' as the name for the initial branch. This default branch name
deployment (ubuntu-latest)	Run actions/checkout@11d5960a326750d5838078e36cf38b85af677262	2026-09-18T16:45:44.9677016Z hint: will change to "main" in Git 3.0. To configure the initial branch name
deployment (ubuntu-latest)	Run actions/checkout@11d5960a326750d5838078e36cf38b85af677262	2026-09-18T16:45:44.9678942Z hint: to use in all of your new repositories, which will suppress this warning,
deployment (ubuntu-latest)	Run actions/checkout@11d5960a326750d5838078e36cf38b85af677262	2026-09-18T16:45:44.9680510Z hint: call:
deployment (ubuntu-latest)	Run actions/checkout@11d5960a326750d5838078e36cf38b85af677262	2026-09-18T16:45:44.9681376Z hint:
deployment (ubuntu-latest)	Run actions/checkout@11d5960a326750d5838078e36cf38b85af677262	2026-09-18T16:45:44.9682410Z hint: 	git config --global init.defaultBranch <name>
deployment (ubuntu-latest)	Run actions/checkout@11d5960a326750d5838078e36cf38b85af677262	2026-09-18T16:45:44.9683663Z hint:
deployment (ubuntu-latest)	Run actions/checkout@11d5960a326750d5838078e36cf38b85af677262	2026-09-18T16:45:44.9685136Z hint: Names commonly chosen instead of 'master' are 'main', 'trunk' and
deployment (ubuntu-latest)	Run actions/checkout@11d5960a326750d5838078e36cf38b85af677262	2026-09-18T16:45:44.9687224Z hint: 'development'. The just-created branch can be renamed via this command:
deployment (ubuntu-latest)	Run actions/checkout@11d5960a326750d5838078e36cf38b85af677262	2026-09-18T16:45:44.9688756Z hint:
deployment (ubuntu-latest)	Run actions/checkout@11d5960a326750d5838078e36cf38b85af677262	2026-09-18T16:45:44.9689626Z hint: 	git branch -m <name>
deployment (ubuntu-latest)	Run actions/checkout@11d5960a326750d5838078e36cf38b85af677262	2026-09-18T16:45:44.9690635Z hint:
deployment (ubuntu-latest)	Run actions/checkout@11d5960a326750d5838078e36cf38b85af677262	2026-09-18T16:45:44.9691856Z hint: Disable this message with "git config set advice.defaultBranchName false"
deployment (ubuntu-latest)	Run actions/checkout@11d5960a326750d5838078e36cf38b85af677262	2026-09-18T16:45:44.9693869Z Initialized empty Git repository in /home/runner/work/testnet-wallet-lab/testnet-wallet-lab/.git/
deployment (ubuntu-latest)	Run actions/checkout@11d5960a326750d5838078e36cf38b85af677262	2026-09-18T16:45:44.9697140Z [command]/usr/bin/git remote add origin https://github.com/a861252012/testnet-wallet-lab
deployment (ubuntu-latest)	Run actions/checkout@11d5960a326750d5838078e36cf38b85af677262	2026-09-18T16:45:44.9734860Z ##[endgroup]
deployment (ubuntu-latest)	Run actions/checkout@11d5960a326750d5838078e36cf38b85af677262	2026-09-18T16:45:44.9736235Z ##[group]Disabling automatic garbage collection
deployment (ubuntu-latest)	Run actions/checkout@11d5960a326750d5838078e36cf38b85af677262	2026-09-18T16:45:44.9739398Z [command]/usr/bin/git config --local gc.auto 0
deployment (ubuntu-latest)	Run actions/checkout@11d5960a326750d5838078e36cf38b85af677262	2026-09-18T16:45:44.9769364Z ##[endgroup]
deployment (ubuntu-latest)	Run actions/checkout@11d5960a326750d5838078e36cf38b85af677262	2026-09-18T16:45:44.9770150Z ##[group]Setting up auth
deployment (ubuntu-latest)	Run actions/checkout@11d5960a326750d5838078e36cf38b85af677262	2026-09-18T16:45:44.9775327Z [command]/usr/bin/git config --local --name-only --get-regexp core\.sshCommand
deployment (ubuntu-latest)	Run actions/checkout@11d5960a326750d5838078e36cf38b85af677262	2026-09-18T16:45:44.9806999Z [command]/usr/bin/git submodule foreach --recursive sh -c "git config --local --name-only --get-regexp 'core\.sshCommand' && git config --local --unset-all 'core.sshCommand' || :"
deployment (ubuntu-latest)	Run actions/checkout@11d5960a326750d5838078e36cf38b85af677262	2026-09-18T16:45:45.0125294Z [command]/usr/bin/git config --local --name-only --get-regexp http\.https\:\/\/github\.com\/\.extraheader
deployment (ubuntu-latest)	Run actions/checkout@11d5960a326750d5838078e36cf38b85af677262	2026-09-18T16:45:45.0157851Z [command]/usr/bin/git submodule foreach --recursive sh -c "git config --local --name-only --get-regexp 'http\.https\:\/\/github\.com\/\.extraheader' && git config --local --unset-all 'http.https://github.com/.extraheader' || :"
deployment (ubuntu-latest)	Run actions/checkout@11d5960a326750d5838078e36cf38b85af677262	2026-09-18T16:45:45.0380399Z [command]/usr/bin/git config --local --name-only --get-regexp ^includeIf\.gitdir:
deployment (ubuntu-latest)	Run actions/checkout@11d5960a326750d5838078e36cf38b85af677262	2026-09-18T16:45:45.0412456Z [command]/usr/bin/git submodule foreach --recursive git config --local --show-origin --name-only --get-regexp remote.origin.url
deployment (ubuntu-latest)	Run actions/checkout@11d5960a326750d5838078e36cf38b85af677262	2026-09-18T16:45:45.0637939Z [command]/usr/bin/git config --local http.https://github.com/.extraheader AUTHORIZATION: basic ***
deployment (ubuntu-latest)	Run actions/checkout@11d5960a326750d5838078e36cf38b85af677262	2026-09-18T16:45:45.0673289Z ##[endgroup]
deployment (ubuntu-latest)	Run actions/checkout@11d5960a326750d5838078e36cf38b85af677262	2026-09-18T16:45:45.0674552Z ##[group]Fetching the repository
deployment (ubuntu-latest)	Run actions/checkout@11d5960a326750d5838078e36cf38b85af677262	2026-09-18T16:45:45.0682441Z [command]/usr/bin/git -c protocol.version=2 fetch --no-tags --prune --no-recurse-submodules --depth=1 origin +3a55ab854701074f6fb796ba23fe7953b67fbd8e:refs/remotes/origin/main
deployment (ubuntu-latest)	Run actions/checkout@11d5960a326750d5838078e36cf38b85af677262	2026-09-18T16:45:45.5540095Z From https://github.com/a861252012/testnet-wallet-lab
deployment (ubuntu-latest)	Run actions/checkout@11d5960a326750d5838078e36cf38b85af677262	2026-09-18T16:45:45.5541867Z  * [new ref]         3a55ab854701074f6fb796ba23fe7953b67fbd8e -> origin/main
deployment (ubuntu-latest)	Run actions/checkout@11d5960a326750d5838078e36cf38b85af677262	2026-09-18T16:45:45.5545193Z ##[endgroup]
deployment (ubuntu-latest)	Run actions/checkout@11d5960a326750d5838078e36cf38b85af677262	2026-09-18T16:45:45.5546621Z ##[group]Determining the checkout info
deployment (ubuntu-latest)	Run actions/checkout@11d5960a326750d5838078e36cf38b85af677262	2026-09-18T16:45:45.5548765Z ##[endgroup]
deployment (ubuntu-latest)	Run actions/checkout@11d5960a326750d5838078e36cf38b85af677262	2026-09-18T16:45:45.5554754Z [command]/usr/bin/git sparse-checkout disable
deployment (ubuntu-latest)	Run actions/checkout@11d5960a326750d5838078e36cf38b85af677262	2026-09-18T16:45:45.5598170Z [command]/usr/bin/git config --local --unset-all extensions.worktreeConfig
deployment (ubuntu-latest)	Run actions/checkout@11d5960a326750d5838078e36cf38b85af677262	2026-09-18T16:45:45.5628943Z ##[group]Checking out the ref
deployment (ubuntu-latest)	Run actions/checkout@11d5960a326750d5838078e36cf38b85af677262	2026-09-18T16:45:45.5633793Z [command]/usr/bin/git checkout --progress --force -B main refs/remotes/origin/main
deployment (ubuntu-latest)	Run actions/checkout@11d5960a326750d5838078e36cf38b85af677262	2026-09-18T16:45:45.5849114Z Switched to a new branch 'main'
deployment (ubuntu-latest)	Run actions/checkout@11d5960a326750d5838078e36cf38b85af677262	2026-09-18T16:45:45.5854251Z branch 'main' set up to track 'origin/main'.
deployment (ubuntu-latest)	Run actions/checkout@11d5960a326750d5838078e36cf38b85af677262	2026-09-18T16:45:45.5860983Z ##[endgroup]
deployment (ubuntu-latest)	Run actions/checkout@11d5960a326750d5838078e36cf38b85af677262	2026-09-18T16:45:45.5902029Z [command]/usr/bin/git log -1 --format=%H
deployment (ubuntu-latest)	Run actions/checkout@11d5960a326750d5838078e36cf38b85af677262	2026-09-18T16:45:45.5925693Z 3a55ab854701074f6fb796ba23fe7953b67fbd8e
deployment (ubuntu-latest)	Run python3 -m unittest discover -s tests/deployment -p 'test_*.py'	﻿2026-09-18T16:45:45.6153105Z ##[group]Run python3 -m unittest discover -s tests/deployment -p 'test_*.py'
deployment (ubuntu-latest)	Run python3 -m unittest discover -s tests/deployment -p 'test_*.py'	2026-09-18T16:45:45.6154612Z [36;1mpython3 -m unittest discover -s tests/deployment -p 'test_*.py'[0m
deployment (ubuntu-latest)	Run python3 -m unittest discover -s tests/deployment -p 'test_*.py'	2026-09-18T16:45:45.6194478Z shell: /usr/bin/bash -e {0}
deployment (ubuntu-latest)	Run python3 -m unittest discover -s tests/deployment -p 'test_*.py'	2026-09-18T16:45:45.6195070Z ##[endgroup]
deployment (ubuntu-latest)	Run python3 -m unittest discover -s tests/deployment -p 'test_*.py'	2026-09-18T16:45:47.9540216Z .............
deployment (ubuntu-latest)	Run python3 -m unittest discover -s tests/deployment -p 'test_*.py'	2026-09-18T16:45:47.9540938Z ----------------------------------------------------------------------
deployment (ubuntu-latest)	Run python3 -m unittest discover -s tests/deployment -p 'test_*.py'	2026-09-18T16:45:47.9541548Z Ran 13 tests in 2.273s
deployment (ubuntu-latest)	Run python3 -m unittest discover -s tests/deployment -p 'test_*.py'	2026-09-18T16:45:47.9541772Z 
deployment (ubuntu-latest)	Run python3 -m unittest discover -s tests/deployment -p 'test_*.py'	2026-09-18T16:45:47.9541909Z OK
deployment (ubuntu-latest)	Run docker build -f Dockerfile.deploy --build-arg APP_VERSION="$GITHUB_SHA" -t wallet-smoke .	﻿2026-09-18T16:45:47.9665438Z ##[group]Run docker build -f Dockerfile.deploy --build-arg APP_VERSION="$GITHUB_SHA" -t wallet-smoke .
deployment (ubuntu-latest)	Run docker build -f Dockerfile.deploy --build-arg APP_VERSION="$GITHUB_SHA" -t wallet-smoke .	2026-09-18T16:45:47.9666359Z [36;1mdocker build -f Dockerfile.deploy --build-arg APP_VERSION="$GITHUB_SHA" -t wallet-smoke .[0m
deployment (ubuntu-latest)	Run docker build -f Dockerfile.deploy --build-arg APP_VERSION="$GITHUB_SHA" -t wallet-smoke .	2026-09-18T16:45:47.9702831Z shell: /usr/bin/bash -e {0}
deployment (ubuntu-latest)	Run docker build -f Dockerfile.deploy --build-arg APP_VERSION="$GITHUB_SHA" -t wallet-smoke .	2026-09-18T16:45:47.9703182Z ##[endgroup]
deployment (ubuntu-latest)	Run docker build -f Dockerfile.deploy --build-arg APP_VERSION="$GITHUB_SHA" -t wallet-smoke .	2026-09-18T16:45:48.5414713Z #0 building with "default" instance using docker driver
deployment (ubuntu-latest)	Run docker build -f Dockerfile.deploy --build-arg APP_VERSION="$GITHUB_SHA" -t wallet-smoke .	2026-09-18T16:45:48.5415350Z 
deployment (ubuntu-latest)	Run docker build -f Dockerfile.deploy --build-arg APP_VERSION="$GITHUB_SHA" -t wallet-smoke .	2026-09-18T16:45:48.5415755Z #1 [internal] load build definition from Dockerfile.deploy
deployment (ubuntu-latest)	Run docker build -f Dockerfile.deploy --build-arg APP_VERSION="$GITHUB_SHA" -t wallet-smoke .	2026-09-18T16:45:48.5416418Z #1 transferring dockerfile: 915B done
deployment (ubuntu-latest)	Run docker build -f Dockerfile.deploy --build-arg APP_VERSION="$GITHUB_SHA" -t wallet-smoke .	2026-09-18T16:45:48.5416882Z #1 DONE 0.0s
deployment (ubuntu-latest)	Run docker build -f Dockerfile.deploy --build-arg APP_VERSION="$GITHUB_SHA" -t wallet-smoke .	2026-09-18T16:45:48.5417066Z 
deployment (ubuntu-latest)	Run docker build -f Dockerfile.deploy --build-arg APP_VERSION="$GITHUB_SHA" -t wallet-smoke .	2026-09-18T16:45:48.5417320Z #2 [auth] library/golang:pull token for registry-1.docker.io
deployment (ubuntu-latest)	Run docker build -f Dockerfile.deploy --build-arg APP_VERSION="$GITHUB_SHA" -t wallet-smoke .	2026-09-18T16:45:48.5417781Z #2 DONE 0.0s
deployment (ubuntu-latest)	Run docker build -f Dockerfile.deploy --build-arg APP_VERSION="$GITHUB_SHA" -t wallet-smoke .	2026-09-18T16:45:48.5417960Z 
deployment (ubuntu-latest)	Run docker build -f Dockerfile.deploy --build-arg APP_VERSION="$GITHUB_SHA" -t wallet-smoke .	2026-09-18T16:45:48.5418534Z #3 [internal] load metadata for docker.io/library/golang:1.26-alpine@sha256:ce864e7223ac17b1775e6fd0b4c0db580c2eb50e7953a427916379e4b92a1628
deployment (ubuntu-latest)	Run docker build -f Dockerfile.deploy --build-arg APP_VERSION="$GITHUB_SHA" -t wallet-smoke .	2026-09-18T16:45:48.8169861Z #3 DONE 0.5s
deployment (ubuntu-latest)	Run docker build -f Dockerfile.deploy --build-arg APP_VERSION="$GITHUB_SHA" -t wallet-smoke .	2026-09-18T16:45:48.9344051Z 
deployment (ubuntu-latest)	Run docker build -f Dockerfile.deploy --build-arg APP_VERSION="$GITHUB_SHA" -t wallet-smoke .	2026-09-18T16:45:48.9344694Z #4 [internal] load .dockerignore
deployment (ubuntu-latest)	Run docker build -f Dockerfile.deploy --build-arg APP_VERSION="$GITHUB_SHA" -t wallet-smoke .	2026-09-18T16:45:48.9345970Z #4 transferring context: 85B done
deployment (ubuntu-latest)	Run docker build -f Dockerfile.deploy --build-arg APP_VERSION="$GITHUB_SHA" -t wallet-smoke .	2026-09-18T16:45:48.9346828Z #4 DONE 0.0s
deployment (ubuntu-latest)	Run docker build -f Dockerfile.deploy --build-arg APP_VERSION="$GITHUB_SHA" -t wallet-smoke .	2026-09-18T16:45:48.9347083Z 
deployment (ubuntu-latest)	Run docker build -f Dockerfile.deploy --build-arg APP_VERSION="$GITHUB_SHA" -t wallet-smoke .	2026-09-18T16:45:48.9347297Z #5 [internal] load build context
deployment (ubuntu-latest)	Run docker build -f Dockerfile.deploy --build-arg APP_VERSION="$GITHUB_SHA" -t wallet-smoke .	2026-09-18T16:45:48.9347847Z #5 transferring context: 1.36MB 0.0s done
deployment (ubuntu-latest)	Run docker build -f Dockerfile.deploy --build-arg APP_VERSION="$GITHUB_SHA" -t wallet-smoke .	2026-09-18T16:45:48.9348368Z #5 DONE 0.0s
deployment (ubuntu-latest)	Run docker build -f Dockerfile.deploy --build-arg APP_VERSION="$GITHUB_SHA" -t wallet-smoke .	2026-09-18T16:45:48.9348724Z 
deployment (ubuntu-latest)	Run docker build -f Dockerfile.deploy --build-arg APP_VERSION="$GITHUB_SHA" -t wallet-smoke .	2026-09-18T16:45:48.9349340Z #6 [build 1/7] FROM docker.io/library/golang:1.26-alpine@sha256:ce864e7223ac17b1775e6fd0b4c0db580c2eb50e7953a427916379e4b92a1628
deployment (ubuntu-latest)	Run docker build -f Dockerfile.deploy --build-arg APP_VERSION="$GITHUB_SHA" -t wallet-smoke .	2026-09-18T16:45:48.9350774Z #6 resolve docker.io/library/golang:1.26-alpine@sha256:ce864e7223ac17b1775e6fd0b4c0db580c2eb50e7953a427916379e4b92a1628 done
deployment (ubuntu-latest)	Run docker build -f Dockerfile.deploy --build-arg APP_VERSION="$GITHUB_SHA" -t wallet-smoke .	2026-09-18T16:45:48.9351639Z #6 extracting sha256:7c3a144dfd2227e5e4aec126921061520351642741e8d4756e18775005b628b1
deployment (ubuntu-latest)	Run docker build -f Dockerfile.deploy --build-arg APP_VERSION="$GITHUB_SHA" -t wallet-smoke .	2026-09-18T16:45:48.9353472Z #6 sha256:7c3a144dfd2227e5e4aec126921061520351642741e8d4756e18775005b628b1 245.06kB / 245.06kB 0.1s done
deployment (ubuntu-latest)	Run docker build -f Dockerfile.deploy --build-arg APP_VERSION="$GITHUB_SHA" -t wallet-smoke .	2026-09-18T16:45:48.9355742Z #6 sha256:2cb3e687d353c47479f7eb82d6cc1b230f1d252bfefaddbeec9d3de57edf5d49 2.10MB / 67.31MB 0.1s
deployment (ubuntu-latest)	Run docker build -f Dockerfile.deploy --build-arg APP_VERSION="$GITHUB_SHA" -t wallet-smoke .	2026-09-18T16:45:48.9357558Z #6 sha256:a01ef6a6016004d114c97cf04a9708d71f6bb95e2b482f829ae547874376d5c7 126B / 126B 0.1s done
deployment (ubuntu-latest)	Run docker build -f Dockerfile.deploy --build-arg APP_VERSION="$GITHUB_SHA" -t wallet-smoke .	2026-09-18T16:45:48.9358567Z #6 sha256:4f4fb700ef54461cfa02571ae0db9a0dc1e0cdb5577484a6d75e68dc38e8acc1 32B / 32B 0.1s done
deployment (ubuntu-latest)	Run docker build -f Dockerfile.deploy --build-arg APP_VERSION="$GITHUB_SHA" -t wallet-smoke .	2026-09-18T16:45:48.9359508Z #6 sha256:ce864e7223ac17b1775e6fd0b4c0db580c2eb50e7953a427916379e4b92a1628 10.29kB / 10.29kB done
deployment (ubuntu-latest)	Run docker build -f Dockerfile.deploy --build-arg APP_VERSION="$GITHUB_SHA" -t wallet-smoke .	2026-09-18T16:45:48.9360428Z #6 sha256:6e5de3f5b9fb7e30b8bb2ffe8dcbcbdaa2990f0f31267456eabe83f870a623be 1.92kB / 1.92kB done
deployment (ubuntu-latest)	Run docker build -f Dockerfile.deploy --build-arg APP_VERSION="$GITHUB_SHA" -t wallet-smoke .	2026-09-18T16:45:48.9361442Z #6 sha256:2405b2d28673e5a20235c2a3137fb9f7fdc893fe46241d80e8391b7a1f1fca36 2.19kB / 2.19kB done
deployment (ubuntu-latest)	Run docker build -f Dockerfile.deploy --build-arg APP_VERSION="$GITHUB_SHA" -t wallet-smoke .	2026-09-18T16:45:49.0347502Z #6 extracting sha256:7c3a144dfd2227e5e4aec126921061520351642741e8d4756e18775005b628b1 0.0s done
deployment (ubuntu-latest)	Run docker build -f Dockerfile.deploy --build-arg APP_VERSION="$GITHUB_SHA" -t wallet-smoke .	2026-09-18T16:45:49.0349239Z #6 sha256:2cb3e687d353c47479f7eb82d6cc1b230f1d252bfefaddbeec9d3de57edf5d49 8.39MB / 67.31MB 0.2s
deployment (ubuntu-latest)	Run docker build -f Dockerfile.deploy --build-arg APP_VERSION="$GITHUB_SHA" -t wallet-smoke .	2026-09-18T16:45:49.1350559Z #6 sha256:2cb3e687d353c47479f7eb82d6cc1b230f1d252bfefaddbeec9d3de57edf5d49 22.02MB / 67.31MB 0.3s
deployment (ubuntu-latest)	Run docker build -f Dockerfile.deploy --build-arg APP_VERSION="$GITHUB_SHA" -t wallet-smoke .	2026-09-18T16:45:49.3350107Z #6 sha256:2cb3e687d353c47479f7eb82d6cc1b230f1d252bfefaddbeec9d3de57edf5d49 67.31MB / 67.31MB 0.5s
deployment (ubuntu-latest)	Run docker build -f Dockerfile.deploy --build-arg APP_VERSION="$GITHUB_SHA" -t wallet-smoke .	2026-09-18T16:45:49.5850518Z #6 sha256:2cb3e687d353c47479f7eb82d6cc1b230f1d252bfefaddbeec9d3de57edf5d49 67.31MB / 67.31MB 0.6s done
deployment (ubuntu-latest)	Run docker build -f Dockerfile.deploy --build-arg APP_VERSION="$GITHUB_SHA" -t wallet-smoke .	2026-09-18T16:45:51.4637969Z #6 extracting sha256:2cb3e687d353c47479f7eb82d6cc1b230f1d252bfefaddbeec9d3de57edf5d49
deployment (ubuntu-latest)	Run docker build -f Dockerfile.deploy --build-arg APP_VERSION="$GITHUB_SHA" -t wallet-smoke .	2026-09-18T16:45:55.9043434Z #6 extracting sha256:2cb3e687d353c47479f7eb82d6cc1b230f1d252bfefaddbeec9d3de57edf5d49 4.4s done
deployment (ubuntu-latest)	Run docker build -f Dockerfile.deploy --build-arg APP_VERSION="$GITHUB_SHA" -t wallet-smoke .	2026-09-18T16:45:56.2731219Z #6 extracting sha256:a01ef6a6016004d114c97cf04a9708d71f6bb95e2b482f829ae547874376d5c7
deployment (ubuntu-latest)	Run docker build -f Dockerfile.deploy --build-arg APP_VERSION="$GITHUB_SHA" -t wallet-smoke .	2026-09-18T16:45:56.5107878Z #6 extracting sha256:a01ef6a6016004d114c97cf04a9708d71f6bb95e2b482f829ae547874376d5c7 done
deployment (ubuntu-latest)	Run docker build -f Dockerfile.deploy --build-arg APP_VERSION="$GITHUB_SHA" -t wallet-smoke .	2026-09-18T16:45:56.5109222Z #6 extracting sha256:4f4fb700ef54461cfa02571ae0db9a0dc1e0cdb5577484a6d75e68dc38e8acc1 done
deployment (ubuntu-latest)	Run docker build -f Dockerfile.deploy --build-arg APP_VERSION="$GITHUB_SHA" -t wallet-smoke .	2026-09-18T16:45:56.5110317Z #6 DONE 7.5s
deployment (ubuntu-latest)	Run docker build -f Dockerfile.deploy --build-arg APP_VERSION="$GITHUB_SHA" -t wallet-smoke .	2026-09-18T16:45:56.5111189Z 
deployment (ubuntu-latest)	Run docker build -f Dockerfile.deploy --build-arg APP_VERSION="$GITHUB_SHA" -t wallet-smoke .	2026-09-18T16:45:56.5111568Z #7 [build 2/7] WORKDIR /src
deployment (ubuntu-latest)	Run docker build -f Dockerfile.deploy --build-arg APP_VERSION="$GITHUB_SHA" -t wallet-smoke .	2026-09-18T16:45:56.5111994Z #7 DONE 0.0s
deployment (ubuntu-latest)	Run docker build -f Dockerfile.deploy --build-arg APP_VERSION="$GITHUB_SHA" -t wallet-smoke .	2026-09-18T16:45:56.5112183Z 
deployment (ubuntu-latest)	Run docker build -f Dockerfile.deploy --build-arg APP_VERSION="$GITHUB_SHA" -t wallet-smoke .	2026-09-18T16:45:56.5112360Z #8 [build 3/7] COPY go.mod go.sum ./
deployment (ubuntu-latest)	Run docker build -f Dockerfile.deploy --build-arg APP_VERSION="$GITHUB_SHA" -t wallet-smoke .	2026-09-18T16:45:56.5112706Z #8 DONE 0.0s
deployment (ubuntu-latest)	Run docker build -f Dockerfile.deploy --build-arg APP_VERSION="$GITHUB_SHA" -t wallet-smoke .	2026-09-18T16:45:56.5112835Z 
deployment (ubuntu-latest)	Run docker build -f Dockerfile.deploy --build-arg APP_VERSION="$GITHUB_SHA" -t wallet-smoke .	2026-09-18T16:45:56.5112943Z #9 [build 4/7] RUN go mod download
deployment (ubuntu-latest)	Run docker build -f Dockerfile.deploy --build-arg APP_VERSION="$GITHUB_SHA" -t wallet-smoke .	2026-09-18T16:46:03.4305298Z #9 DONE 7.1s
deployment (ubuntu-latest)	Run docker build -f Dockerfile.deploy --build-arg APP_VERSION="$GITHUB_SHA" -t wallet-smoke .	2026-09-18T16:46:03.6394815Z 
deployment (ubuntu-latest)	Run docker build -f Dockerfile.deploy --build-arg APP_VERSION="$GITHUB_SHA" -t wallet-smoke .	2026-09-18T16:46:03.6396693Z #10 [build 5/7] COPY cmd/ ./cmd/
deployment (ubuntu-latest)	Run docker build -f Dockerfile.deploy --build-arg APP_VERSION="$GITHUB_SHA" -t wallet-smoke .	2026-09-18T16:46:03.6397257Z #10 DONE 0.0s
deployment (ubuntu-latest)	Run docker build -f Dockerfile.deploy --build-arg APP_VERSION="$GITHUB_SHA" -t wallet-smoke .	2026-09-18T16:46:03.6397459Z 
deployment (ubuntu-latest)	Run docker build -f Dockerfile.deploy --build-arg APP_VERSION="$GITHUB_SHA" -t wallet-smoke .	2026-09-18T16:46:03.6397630Z #11 [build 6/7] COPY internal/ ./internal/
deployment (ubuntu-latest)	Run docker build -f Dockerfile.deploy --build-arg APP_VERSION="$GITHUB_SHA" -t wallet-smoke .	2026-09-18T16:46:03.6398053Z #11 DONE 0.0s
deployment (ubuntu-latest)	Run docker build -f Dockerfile.deploy --build-arg APP_VERSION="$GITHUB_SHA" -t wallet-smoke .	2026-09-18T16:46:03.6398239Z 
deployment (ubuntu-latest)	Run docker build -f Dockerfile.deploy --build-arg APP_VERSION="$GITHUB_SHA" -t wallet-smoke .	2026-09-18T16:46:03.6399079Z #12 [build 7/7] RUN CGO_ENABLED=0 go build -trimpath -ldflags="-s -w -X main.version=3a55ab854701074f6fb796ba23fe7953b67fbd8e" -o /out/wallet ./cmd/testnet-wallet-lab
deployment (ubuntu-latest)	Run docker build -f Dockerfile.deploy --build-arg APP_VERSION="$GITHUB_SHA" -t wallet-smoke .	2026-09-18T16:46:25.1770936Z #12 DONE 21.7s
deployment (ubuntu-latest)	Run docker build -f Dockerfile.deploy --build-arg APP_VERSION="$GITHUB_SHA" -t wallet-smoke .	2026-09-18T16:46:25.3799204Z 
deployment (ubuntu-latest)	Run docker build -f Dockerfile.deploy --build-arg APP_VERSION="$GITHUB_SHA" -t wallet-smoke .	2026-09-18T16:46:25.3800255Z #13 [stage-1 1/2] COPY --from=build /etc/ssl/certs/ca-certificates.crt /etc/ssl/certs/ca-certificates.crt
deployment (ubuntu-latest)	Run docker build -f Dockerfile.deploy --build-arg APP_VERSION="$GITHUB_SHA" -t wallet-smoke .	2026-09-18T16:46:25.3801412Z #13 DONE 0.0s
deployment (ubuntu-latest)	Run docker build -f Dockerfile.deploy --build-arg APP_VERSION="$GITHUB_SHA" -t wallet-smoke .	2026-09-18T16:46:25.3801785Z 
deployment (ubuntu-latest)	Run docker build -f Dockerfile.deploy --build-arg APP_VERSION="$GITHUB_SHA" -t wallet-smoke .	2026-09-18T16:46:25.3802148Z #14 [stage-1 2/2] COPY --from=build /out/wallet /wallet
deployment (ubuntu-latest)	Run docker build -f Dockerfile.deploy --build-arg APP_VERSION="$GITHUB_SHA" -t wallet-smoke .	2026-09-18T16:46:25.3802840Z #14 DONE 0.0s
deployment (ubuntu-latest)	Run docker build -f Dockerfile.deploy --build-arg APP_VERSION="$GITHUB_SHA" -t wallet-smoke .	2026-09-18T16:46:25.3803122Z 
deployment (ubuntu-latest)	Run docker build -f Dockerfile.deploy --build-arg APP_VERSION="$GITHUB_SHA" -t wallet-smoke .	2026-09-18T16:46:25.3803322Z #15 exporting to image
deployment (ubuntu-latest)	Run docker build -f Dockerfile.deploy --build-arg APP_VERSION="$GITHUB_SHA" -t wallet-smoke .	2026-09-18T16:46:25.3803848Z #15 exporting layers
deployment (ubuntu-latest)	Run docker build -f Dockerfile.deploy --build-arg APP_VERSION="$GITHUB_SHA" -t wallet-smoke .	2026-09-18T16:46:26.0048613Z #15 exporting layers 0.8s done
deployment (ubuntu-latest)	Run docker build -f Dockerfile.deploy --build-arg APP_VERSION="$GITHUB_SHA" -t wallet-smoke .	2026-09-18T16:46:26.0210405Z #15 writing image sha256:df26d113c669d7ce906d148ff8503556e3d349eec6eabef0a77c403b388d6dd6 done
deployment (ubuntu-latest)	Run docker build -f Dockerfile.deploy --build-arg APP_VERSION="$GITHUB_SHA" -t wallet-smoke .	2026-09-18T16:46:26.0214481Z #15 naming to docker.io/library/wallet-smoke done
deployment (ubuntu-latest)	Run docker build -f Dockerfile.deploy --build-arg APP_VERSION="$GITHUB_SHA" -t wallet-smoke .	2026-09-18T16:46:26.0215024Z #15 DONE 0.8s
deployment (ubuntu-latest)	Run python3 tests/deployment/smoke.py wallet-smoke "$GITHUB_SHA"	﻿2026-09-18T16:46:26.0299384Z ##[group]Run python3 tests/deployment/smoke.py wallet-smoke "$GITHUB_SHA"
deployment (ubuntu-latest)	Run python3 tests/deployment/smoke.py wallet-smoke "$GITHUB_SHA"	2026-09-18T16:46:26.0299950Z [36;1mpython3 tests/deployment/smoke.py wallet-smoke "$GITHUB_SHA"[0m
deployment (ubuntu-latest)	Run python3 tests/deployment/smoke.py wallet-smoke "$GITHUB_SHA"	2026-09-18T16:46:26.0406719Z shell: /usr/bin/bash -e {0}
deployment (ubuntu-latest)	Run python3 tests/deployment/smoke.py wallet-smoke "$GITHUB_SHA"	2026-09-18T16:46:26.0406989Z ##[endgroup]
deployment (ubuntu-latest)	Run python3 tests/deployment/smoke.py wallet-smoke "$GITHUB_SHA"	2026-09-18T16:46:26.1255062Z Unable to find image 'golang:1.26-alpine@sha256:ce864e7223ac17b1775e6fd0b4c0db580c2eb50e7953a427916379e4b92a1628' locally
deployment (ubuntu-latest)	Run python3 tests/deployment/smoke.py wallet-smoke "$GITHUB_SHA"	2026-09-18T16:46:26.4022153Z docker.io/library/golang@sha256:ce864e7223ac17b1775e6fd0b4c0db580c2eb50e7953a427916379e4b92a1628: Pulling from library/golang
deployment (ubuntu-latest)	Run python3 tests/deployment/smoke.py wallet-smoke "$GITHUB_SHA"	2026-09-18T16:46:26.5200027Z 55afa1ecc21d: Already exists
deployment (ubuntu-latest)	Run python3 tests/deployment/smoke.py wallet-smoke "$GITHUB_SHA"	2026-09-18T16:46:26.5210308Z 7c3a144dfd22: Already exists
deployment (ubuntu-latest)	Run python3 tests/deployment/smoke.py wallet-smoke "$GITHUB_SHA"	2026-09-18T16:46:26.5222611Z 2cb3e687d353: Already exists
deployment (ubuntu-latest)	Run python3 tests/deployment/smoke.py wallet-smoke "$GITHUB_SHA"	2026-09-18T16:46:26.5234816Z a01ef6a60160: Already exists
deployment (ubuntu-latest)	Run python3 tests/deployment/smoke.py wallet-smoke "$GITHUB_SHA"	2026-09-18T16:46:26.5245611Z 4f4fb700ef54: Already exists
deployment (ubuntu-latest)	Run python3 tests/deployment/smoke.py wallet-smoke "$GITHUB_SHA"	2026-09-18T16:46:26.7258710Z Digest: sha256:ce864e7223ac17b1775e6fd0b4c0db580c2eb50e7953a427916379e4b92a1628
deployment (ubuntu-latest)	Run python3 tests/deployment/smoke.py wallet-smoke "$GITHUB_SHA"	2026-09-18T16:46:26.7265517Z Status: Downloaded newer image for golang@sha256:ce864e7223ac17b1775e6fd0b4c0db580c2eb50e7953a427916379e4b92a1628
deployment (ubuntu-latest)	Run python3 tests/deployment/smoke.py wallet-smoke "$GITHUB_SHA"	2026-09-18T16:47:14.9147231Z PASS: anonymous named wallet initialization, password-protected backup and persistence
deployment (ubuntu-latest)	Run python3 tests/deployment/smoke.py wallet-smoke "$GITHUB_SHA"	2026-09-18T16:47:14.9148475Z PASS: SOL/TRX operator initialization, anonymous access, password checks and container replacement persistence
deployment (ubuntu-latest)	Run python3 tests/deployment/smoke.py wallet-smoke "$GITHUB_SHA"	2026-09-18T16:47:14.9149709Z PASS: shared mode uses same wallet without login; password and management restrictions verified
deployment (ubuntu-latest)	Run python3 tests/deployment/smoke.py wallet-smoke "$GITHUB_SHA"	2026-09-18T16:47:14.9151094Z PASS: real image, non-root/read-only runtime, login/CSRF, container replacement persistence, stale session rejection; no live RPC
deployment (ubuntu-latest)	Post Run actions/checkout@11d5960a326750d5838078e36cf38b85af677262	﻿2026-09-18T16:47:14.9359277Z Node 20 is being deprecated. This workflow is running with Node 24 by default. If you need to temporarily use Node 20, you can set the ACTIONS_ALLOW_USE_UNSECURE_NODE_VERSION=true environment variable. For more information see: https://github.blog/changelog/2025-09-19-deprecation-of-node-20-on-github-actions-runners/
deployment (ubuntu-latest)	Post Run actions/checkout@11d5960a326750d5838078e36cf38b85af677262	2026-09-18T16:47:14.9361290Z Post job cleanup.
deployment (ubuntu-latest)	Post Run actions/checkout@11d5960a326750d5838078e36cf38b85af677262	2026-09-18T16:47:15.0195720Z [command]/usr/bin/git version
deployment (ubuntu-latest)	Post Run actions/checkout@11d5960a326750d5838078e36cf38b85af677262	2026-09-18T16:47:15.0232611Z git version 2.55.0
deployment (ubuntu-latest)	Post Run actions/checkout@11d5960a326750d5838078e36cf38b85af677262	2026-09-18T16:47:15.0269653Z Temporarily overriding HOME='/home/runner/work/_temp/7cd1b2f3-d912-4dd5-831b-00aa214fd40f' before making global git config changes
deployment (ubuntu-latest)	Post Run actions/checkout@11d5960a326750d5838078e36cf38b85af677262	2026-09-18T16:47:15.0270666Z Adding repository directory to the temporary git global config as a safe directory
deployment (ubuntu-latest)	Post Run actions/checkout@11d5960a326750d5838078e36cf38b85af677262	2026-09-18T16:47:15.0275155Z [command]/usr/bin/git config --global --add safe.directory /home/runner/work/testnet-wallet-lab/testnet-wallet-lab
deployment (ubuntu-latest)	Post Run actions/checkout@11d5960a326750d5838078e36cf38b85af677262	2026-09-18T16:47:15.0311068Z [command]/usr/bin/git config --local --name-only --get-regexp core\.sshCommand
deployment (ubuntu-latest)	Post Run actions/checkout@11d5960a326750d5838078e36cf38b85af677262	2026-09-18T16:47:15.0344891Z [command]/usr/bin/git submodule foreach --recursive sh -c "git config --local --name-only --get-regexp 'core\.sshCommand' && git config --local --unset-all 'core.sshCommand' || :"
deployment (ubuntu-latest)	Post Run actions/checkout@11d5960a326750d5838078e36cf38b85af677262	2026-09-18T16:47:15.0568017Z [command]/usr/bin/git config --local --name-only --get-regexp http\.https\:\/\/github\.com\/\.extraheader
deployment (ubuntu-latest)	Post Run actions/checkout@11d5960a326750d5838078e36cf38b85af677262	2026-09-18T16:47:15.0593122Z http.https://github.com/.extraheader
deployment (ubuntu-latest)	Post Run actions/checkout@11d5960a326750d5838078e36cf38b85af677262	2026-09-18T16:47:15.0603897Z [command]/usr/bin/git config --local --unset-all http.https://github.com/.extraheader
deployment (ubuntu-latest)	Post Run actions/checkout@11d5960a326750d5838078e36cf38b85af677262	2026-09-18T16:47:15.0636567Z [command]/usr/bin/git submodule foreach --recursive sh -c "git config --local --name-only --get-regexp 'http\.https\:\/\/github\.com\/\.extraheader' && git config --local --unset-all 'http.https://github.com/.extraheader' || :"
deployment (ubuntu-latest)	Post Run actions/checkout@11d5960a326750d5838078e36cf38b85af677262	2026-09-18T16:47:15.0857793Z [command]/usr/bin/git config --local --name-only --get-regexp ^includeIf\.gitdir:
deployment (ubuntu-latest)	Post Run actions/checkout@11d5960a326750d5838078e36cf38b85af677262	2026-09-18T16:47:15.0887714Z [command]/usr/bin/git submodule foreach --recursive git config --local --show-origin --name-only --get-regexp remote.origin.url
deployment (ubuntu-latest)	Complete job	﻿2026-09-18T16:47:15.1250476Z Cleaning up orphan processes
deployment (ubuntu-latest)	Complete job	2026-09-18T16:47:15.2107134Z ##[warning]Node.js 20 is deprecated. The following actions target Node.js 20 but are being forced to run on Node.js 24: actions/checkout@11d5960a326750d5838078e36cf38b85af677262. For more information see: https://github.blog/changelog/2025-09-19-deprecation-of-node-20-on-github-actions-runners/
go	Set up job	﻿2026-09-18T16:45:42.9403462Z Current runner version: '2.337.0'
go	Set up job	2026-09-18T16:45:42.9430136Z ##[group]Runner Image Provisioner
go	Set up job	2026-09-18T16:45:42.9431178Z Hosted Compute Agent
go	Set up job	2026-09-18T16:45:42.9431828Z Version: 20260828.587
go	Set up job	2026-09-18T16:45:42.9432459Z Commit: abac92662cab4cc7352de4f9f9d2e2419aad9c29
go	Set up job	2026-09-18T16:45:42.9433275Z Build Date: 2026-08-28T16:44:25Z
go	Set up job	2026-09-18T16:45:42.9433977Z Worker ID: {3519a4a3-dca8-4f1c-a9bf-6bc7c5fba85d}
go	Set up job	2026-09-18T16:45:42.9434728Z Azure Region: westus2
go	Set up job	2026-09-18T16:45:42.9435401Z ##[endgroup]
go	Set up job	2026-09-18T16:45:42.9437039Z ##[group]Operating System
go	Set up job	2026-09-18T16:45:42.9437786Z Ubuntu
go	Set up job	2026-09-18T16:45:42.9438308Z 24.04.5
go	Set up job	2026-09-18T16:45:42.9438849Z LTS
go	Set up job	2026-09-18T16:45:42.9439848Z ##[endgroup]
go	Set up job	2026-09-18T16:45:42.9440435Z ##[group]Runner Image
go	Set up job	2026-09-18T16:45:42.9441125Z Image: ubuntu-24.04
go	Set up job	2026-09-18T16:45:42.9441697Z Version: 20260907.300.1
go	Set up job	2026-09-18T16:45:42.9442769Z Included Software: https://github.com/actions/runner-images/blob/ubuntu24/20260907.300/images/ubuntu/Ubuntu2404-Readme.md
go	Set up job	2026-09-18T16:45:42.9444638Z Image Release: https://github.com/actions/runner-images/releases/tag/ubuntu24%2F20260907.300
go	Set up job	2026-09-18T16:45:42.9445655Z ##[endgroup]
go	Set up job	2026-09-18T16:45:42.9446764Z ##[group]GITHUB_TOKEN Permissions
go	Set up job	2026-09-18T16:45:42.9448936Z Contents: read
go	Set up job	2026-09-18T16:45:42.9449833Z Metadata: read
go	Set up job	2026-09-18T16:45:42.9450818Z ##[endgroup]
go	Set up job	2026-09-18T16:45:42.9453061Z Secret source: Actions
go	Set up job	2026-09-18T16:45:42.9453990Z Cache mode: write
go	Set up job	2026-09-18T16:45:42.9454838Z Prepare workflow directory
go	Set up job	2026-09-18T16:45:42.9800197Z Prepare all required actions
go	Set up job	2026-09-18T16:45:42.9873871Z Getting action download info
go	Set up job	2026-09-18T16:45:43.3494331Z Download action repository 'actions/checkout@11d5960a326750d5838078e36cf38b85af677262' (SHA:11d5960a326750d5838078e36cf38b85af677262)
go	Set up job	2026-09-18T16:45:43.4904505Z Download action repository 'actions/upload-artifact@ea165f8d65b6e75b540449e92b4886f43607fa02' (SHA:ea165f8d65b6e75b540449e92b4886f43607fa02)
go	Set up job	2026-09-18T16:45:43.7006734Z Complete job name: go
go	Run actions/checkout@11d5960a326750d5838078e36cf38b85af677262	﻿2026-09-18T16:45:43.7792347Z Node 20 is being deprecated. This workflow is running with Node 24 by default. If you need to temporarily use Node 20, you can set the ACTIONS_ALLOW_USE_UNSECURE_NODE_VERSION=true environment variable. For more information see: https://github.blog/changelog/2025-09-19-deprecation-of-node-20-on-github-actions-runners/
go	Run actions/checkout@11d5960a326750d5838078e36cf38b85af677262	2026-09-18T16:45:43.7801731Z ##[group]Run actions/checkout@11d5960a326750d5838078e36cf38b85af677262
go	Run actions/checkout@11d5960a326750d5838078e36cf38b85af677262	2026-09-18T16:45:43.7802692Z with:
go	Run actions/checkout@11d5960a326750d5838078e36cf38b85af677262	2026-09-18T16:45:43.7803167Z   repository: a861252012/testnet-wallet-lab
go	Run actions/checkout@11d5960a326750d5838078e36cf38b85af677262	2026-09-18T16:45:43.7806846Z   token: ***
go	Run actions/checkout@11d5960a326750d5838078e36cf38b85af677262	2026-09-18T16:45:43.7807290Z   ssh-strict: true
go	Run actions/checkout@11d5960a326750d5838078e36cf38b85af677262	2026-09-18T16:45:43.7807761Z   ssh-user: git
go	Run actions/checkout@11d5960a326750d5838078e36cf38b85af677262	2026-09-18T16:45:43.7808217Z   persist-credentials: true
go	Run actions/checkout@11d5960a326750d5838078e36cf38b85af677262	2026-09-18T16:45:43.7808702Z   clean: true
go	Run actions/checkout@11d5960a326750d5838078e36cf38b85af677262	2026-09-18T16:45:43.7809347Z   sparse-checkout-cone-mode: true
go	Run actions/checkout@11d5960a326750d5838078e36cf38b85af677262	2026-09-18T16:45:43.7809887Z   fetch-depth: 1
go	Run actions/checkout@11d5960a326750d5838078e36cf38b85af677262	2026-09-18T16:45:43.7810318Z   fetch-tags: false
go	Run actions/checkout@11d5960a326750d5838078e36cf38b85af677262	2026-09-18T16:45:43.7810762Z   show-progress: true
go	Run actions/checkout@11d5960a326750d5838078e36cf38b85af677262	2026-09-18T16:45:43.7811203Z   lfs: false
go	Run actions/checkout@11d5960a326750d5838078e36cf38b85af677262	2026-09-18T16:45:43.7811687Z   submodules: false
go	Run actions/checkout@11d5960a326750d5838078e36cf38b85af677262	2026-09-18T16:45:43.7812141Z   set-safe-directory: true
go	Run actions/checkout@11d5960a326750d5838078e36cf38b85af677262	2026-09-18T16:45:43.7812645Z   allow-unsafe-pr-checkout: false
go	Run actions/checkout@11d5960a326750d5838078e36cf38b85af677262	2026-09-18T16:45:43.7813428Z ##[endgroup]
go	Run actions/checkout@11d5960a326750d5838078e36cf38b85af677262	2026-09-18T16:45:43.8799554Z Syncing repository: a861252012/testnet-wallet-lab
go	Run actions/checkout@11d5960a326750d5838078e36cf38b85af677262	2026-09-18T16:45:43.8801941Z ##[group]Getting Git version info
go	Run actions/checkout@11d5960a326750d5838078e36cf38b85af677262	2026-09-18T16:45:43.8802907Z Working directory is '/home/runner/work/testnet-wallet-lab/testnet-wallet-lab'
go	Run actions/checkout@11d5960a326750d5838078e36cf38b85af677262	2026-09-18T16:45:43.8804064Z [command]/usr/bin/git version
go	Run actions/checkout@11d5960a326750d5838078e36cf38b85af677262	2026-09-18T16:45:43.8892597Z git version 2.55.0
go	Run actions/checkout@11d5960a326750d5838078e36cf38b85af677262	2026-09-18T16:45:43.8915591Z ##[endgroup]
go	Run actions/checkout@11d5960a326750d5838078e36cf38b85af677262	2026-09-18T16:45:43.8930779Z Temporarily overriding HOME='/home/runner/work/_temp/909186f7-93c1-47af-b0ae-2da3c0eb17c1' before making global git config changes
go	Run actions/checkout@11d5960a326750d5838078e36cf38b85af677262	2026-09-18T16:45:43.8932988Z Adding repository directory to the temporary git global config as a safe directory
go	Run actions/checkout@11d5960a326750d5838078e36cf38b85af677262	2026-09-18T16:45:43.8936463Z [command]/usr/bin/git config --global --add safe.directory /home/runner/work/testnet-wallet-lab/testnet-wallet-lab
go	Run actions/checkout@11d5960a326750d5838078e36cf38b85af677262	2026-09-18T16:45:43.8985702Z Deleting the contents of '/home/runner/work/testnet-wallet-lab/testnet-wallet-lab'
go	Run actions/checkout@11d5960a326750d5838078e36cf38b85af677262	2026-09-18T16:45:43.8990489Z ##[group]Initializing the repository
go	Run actions/checkout@11d5960a326750d5838078e36cf38b85af677262	2026-09-18T16:45:43.8994499Z [command]/usr/bin/git init /home/runner/work/testnet-wallet-lab/testnet-wallet-lab
go	Run actions/checkout@11d5960a326750d5838078e36cf38b85af677262	2026-09-18T16:45:43.9098833Z hint: Using 'master' as the name for the initial branch. This default branch name
go	Run actions/checkout@11d5960a326750d5838078e36cf38b85af677262	2026-09-18T16:45:43.9101326Z hint: will change to "main" in Git 3.0. To configure the initial branch name
go	Run actions/checkout@11d5960a326750d5838078e36cf38b85af677262	2026-09-18T16:45:43.9103273Z hint: to use in all of your new repositories, which will suppress this warning,
go	Run actions/checkout@11d5960a326750d5838078e36cf38b85af677262	2026-09-18T16:45:43.9104877Z hint: call:
go	Run actions/checkout@11d5960a326750d5838078e36cf38b85af677262	2026-09-18T16:45:43.9105658Z hint:
go	Run actions/checkout@11d5960a326750d5838078e36cf38b85af677262	2026-09-18T16:45:43.9106594Z hint: 	git config --global init.defaultBranch <name>
go	Run actions/checkout@11d5960a326750d5838078e36cf38b85af677262	2026-09-18T16:45:43.9107738Z hint:
go	Run actions/checkout@11d5960a326750d5838078e36cf38b85af677262	2026-09-18T16:45:43.9108847Z hint: Names commonly chosen instead of 'master' are 'main', 'trunk' and
go	Run actions/checkout@11d5960a326750d5838078e36cf38b85af677262	2026-09-18T16:45:43.9110779Z hint: 'development'. The just-created branch can be renamed via this command:
go	Run actions/checkout@11d5960a326750d5838078e36cf38b85af677262	2026-09-18T16:45:43.9112245Z hint:
go	Run actions/checkout@11d5960a326750d5838078e36cf38b85af677262	2026-09-18T16:45:43.9113070Z hint: 	git branch -m <name>
go	Run actions/checkout@11d5960a326750d5838078e36cf38b85af677262	2026-09-18T16:45:43.9113975Z hint:
go	Run actions/checkout@11d5960a326750d5838078e36cf38b85af677262	2026-09-18T16:45:43.9115116Z hint: Disable this message with "git config set advice.defaultBranchName false"
go	Run actions/checkout@11d5960a326750d5838078e36cf38b85af677262	2026-09-18T16:45:43.9117279Z Initialized empty Git repository in /home/runner/work/testnet-wallet-lab/testnet-wallet-lab/.git/
go	Run actions/checkout@11d5960a326750d5838078e36cf38b85af677262	2026-09-18T16:45:43.9122218Z [command]/usr/bin/git remote add origin https://github.com/a861252012/testnet-wallet-lab
go	Run actions/checkout@11d5960a326750d5838078e36cf38b85af677262	2026-09-18T16:45:43.9163644Z ##[endgroup]
go	Run actions/checkout@11d5960a326750d5838078e36cf38b85af677262	2026-09-18T16:45:43.9165086Z ##[group]Disabling automatic garbage collection
go	Run actions/checkout@11d5960a326750d5838078e36cf38b85af677262	2026-09-18T16:45:43.9167122Z [command]/usr/bin/git config --local gc.auto 0
go	Run actions/checkout@11d5960a326750d5838078e36cf38b85af677262	2026-09-18T16:45:43.9198581Z ##[endgroup]
go	Run actions/checkout@11d5960a326750d5838078e36cf38b85af677262	2026-09-18T16:45:43.9199722Z ##[group]Setting up auth
go	Run actions/checkout@11d5960a326750d5838078e36cf38b85af677262	2026-09-18T16:45:43.9205627Z [command]/usr/bin/git config --local --name-only --get-regexp core\.sshCommand
go	Run actions/checkout@11d5960a326750d5838078e36cf38b85af677262	2026-09-18T16:45:43.9237135Z [command]/usr/bin/git submodule foreach --recursive sh -c "git config --local --name-only --get-regexp 'core\.sshCommand' && git config --local --unset-all 'core.sshCommand' || :"
go	Run actions/checkout@11d5960a326750d5838078e36cf38b85af677262	2026-09-18T16:45:43.9556929Z [command]/usr/bin/git config --local --name-only --get-regexp http\.https\:\/\/github\.com\/\.extraheader
go	Run actions/checkout@11d5960a326750d5838078e36cf38b85af677262	2026-09-18T16:45:43.9590722Z [command]/usr/bin/git submodule foreach --recursive sh -c "git config --local --name-only --get-regexp 'http\.https\:\/\/github\.com\/\.extraheader' && git config --local --unset-all 'http.https://github.com/.extraheader' || :"
go	Run actions/checkout@11d5960a326750d5838078e36cf38b85af677262	2026-09-18T16:45:43.9816439Z [command]/usr/bin/git config --local --name-only --get-regexp ^includeIf\.gitdir:
go	Run actions/checkout@11d5960a326750d5838078e36cf38b85af677262	2026-09-18T16:45:43.9847511Z [command]/usr/bin/git submodule foreach --recursive git config --local --show-origin --name-only --get-regexp remote.origin.url
go	Run actions/checkout@11d5960a326750d5838078e36cf38b85af677262	2026-09-18T16:45:44.0092697Z [command]/usr/bin/git config --local http.https://github.com/.extraheader AUTHORIZATION: basic ***
go	Run actions/checkout@11d5960a326750d5838078e36cf38b85af677262	2026-09-18T16:45:44.0133777Z ##[endgroup]
go	Run actions/checkout@11d5960a326750d5838078e36cf38b85af677262	2026-09-18T16:45:44.0134898Z ##[group]Fetching the repository
go	Run actions/checkout@11d5960a326750d5838078e36cf38b85af677262	2026-09-18T16:45:44.0148234Z [command]/usr/bin/git -c protocol.version=2 fetch --no-tags --prune --no-recurse-submodules --depth=1 origin +3a55ab854701074f6fb796ba23fe7953b67fbd8e:refs/remotes/origin/main
go	Run actions/checkout@11d5960a326750d5838078e36cf38b85af677262	2026-09-18T16:45:44.5125308Z From https://github.com/a861252012/testnet-wallet-lab
go	Run actions/checkout@11d5960a326750d5838078e36cf38b85af677262	2026-09-18T16:45:44.5126714Z  * [new ref]         3a55ab854701074f6fb796ba23fe7953b67fbd8e -> origin/main
go	Run actions/checkout@11d5960a326750d5838078e36cf38b85af677262	2026-09-18T16:45:44.5130449Z ##[endgroup]
go	Run actions/checkout@11d5960a326750d5838078e36cf38b85af677262	2026-09-18T16:45:44.5131541Z ##[group]Determining the checkout info
go	Run actions/checkout@11d5960a326750d5838078e36cf38b85af677262	2026-09-18T16:45:44.5133184Z ##[endgroup]
go	Run actions/checkout@11d5960a326750d5838078e36cf38b85af677262	2026-09-18T16:45:44.5138489Z [command]/usr/bin/git sparse-checkout disable
go	Run actions/checkout@11d5960a326750d5838078e36cf38b85af677262	2026-09-18T16:45:44.5184041Z [command]/usr/bin/git config --local --unset-all extensions.worktreeConfig
go	Run actions/checkout@11d5960a326750d5838078e36cf38b85af677262	2026-09-18T16:45:44.5211873Z ##[group]Checking out the ref
go	Run actions/checkout@11d5960a326750d5838078e36cf38b85af677262	2026-09-18T16:45:44.5215509Z [command]/usr/bin/git checkout --progress --force -B main refs/remotes/origin/main
go	Run actions/checkout@11d5960a326750d5838078e36cf38b85af677262	2026-09-18T16:45:44.5434030Z Switched to a new branch 'main'
go	Run actions/checkout@11d5960a326750d5838078e36cf38b85af677262	2026-09-18T16:45:44.5439584Z branch 'main' set up to track 'origin/main'.
go	Run actions/checkout@11d5960a326750d5838078e36cf38b85af677262	2026-09-18T16:45:44.5446479Z ##[endgroup]
go	Run actions/checkout@11d5960a326750d5838078e36cf38b85af677262	2026-09-18T16:45:44.5487751Z [command]/usr/bin/git log -1 --format=%H
go	Run actions/checkout@11d5960a326750d5838078e36cf38b85af677262	2026-09-18T16:45:44.5511017Z 3a55ab854701074f6fb796ba23fe7953b67fbd8e
go	Run docker build -t flowledger-test .	﻿2026-09-18T16:45:44.5741789Z ##[group]Run docker build -t flowledger-test .
go	Run docker build -t flowledger-test .	2026-09-18T16:45:44.5742571Z [36;1mdocker build -t flowledger-test .[0m
go	Run docker build -t flowledger-test .	2026-09-18T16:45:44.5783791Z shell: /usr/bin/bash -e {0}
go	Run docker build -t flowledger-test .	2026-09-18T16:45:44.5784378Z ##[endgroup]
go	Run docker build -t flowledger-test .	2026-09-18T16:45:45.0868437Z #0 building with "default" instance using docker driver
go	Run docker build -t flowledger-test .	2026-09-18T16:45:45.0869879Z 
go	Run docker build -t flowledger-test .	2026-09-18T16:45:45.0870375Z #1 [internal] load build definition from Dockerfile
go	Run docker build -t flowledger-test .	2026-09-18T16:45:45.0872150Z #1 transferring dockerfile: 375B done
go	Run docker build -t flowledger-test .	2026-09-18T16:45:45.0873363Z #1 DONE 0.0s
go	Run docker build -t flowledger-test .	2026-09-18T16:45:45.0873885Z 
go	Run docker build -t flowledger-test .	2026-09-18T16:45:45.0875425Z #2 [internal] load metadata for docker.io/library/golang:1.26-alpine@sha256:ce864e7223ac17b1775e6fd0b4c0db580c2eb50e7953a427916379e4b92a1628
go	Run docker build -t flowledger-test .	2026-09-18T16:45:45.3091426Z #2 ...
go	Run docker build -t flowledger-test .	2026-09-18T16:45:45.3092091Z 
go	Run docker build -t flowledger-test .	2026-09-18T16:45:45.3092659Z #3 [auth] library/golang:pull token for registry-1.docker.io
go	Run docker build -t flowledger-test .	2026-09-18T16:45:45.3093535Z #3 DONE 0.0s
go	Run docker build -t flowledger-test .	2026-09-18T16:45:45.4590820Z 
go	Run docker build -t flowledger-test .	2026-09-18T16:45:45.4592435Z #2 [internal] load metadata for docker.io/library/golang:1.26-alpine@sha256:ce864e7223ac17b1775e6fd0b4c0db580c2eb50e7953a427916379e4b92a1628
go	Run docker build -t flowledger-test .	2026-09-18T16:45:45.8092442Z #2 DONE 0.9s
go	Run docker build -t flowledger-test .	2026-09-18T16:45:45.9283976Z 
go	Run docker build -t flowledger-test .	2026-09-18T16:45:45.9285019Z #4 [internal] load .dockerignore
go	Run docker build -t flowledger-test .	2026-09-18T16:45:45.9285767Z #4 transferring context: 85B done
go	Run docker build -t flowledger-test .	2026-09-18T16:45:45.9286255Z #4 DONE 0.0s
go	Run docker build -t flowledger-test .	2026-09-18T16:45:45.9286504Z 
go	Run docker build -t flowledger-test .	2026-09-18T16:45:45.9286693Z #5 [internal] load build context
go	Run docker build -t flowledger-test .	2026-09-18T16:45:45.9287213Z #5 transferring context: 49.24kB done
go	Run docker build -t flowledger-test .	2026-09-18T16:45:45.9287713Z #5 DONE 0.0s
go	Run docker build -t flowledger-test .	2026-09-18T16:45:45.9287944Z 
go	Run docker build -t flowledger-test .	2026-09-18T16:45:45.9288601Z #6 [1/5] FROM docker.io/library/golang:1.26-alpine@sha256:ce864e7223ac17b1775e6fd0b4c0db580c2eb50e7953a427916379e4b92a1628
go	Run docker build -t flowledger-test .	2026-09-18T16:45:45.9290166Z #6 resolve docker.io/library/golang:1.26-alpine@sha256:ce864e7223ac17b1775e6fd0b4c0db580c2eb50e7953a427916379e4b92a1628 done
go	Run docker build -t flowledger-test .	2026-09-18T16:45:45.9291233Z #6 sha256:2405b2d28673e5a20235c2a3137fb9f7fdc893fe46241d80e8391b7a1f1fca36 2.19kB / 2.19kB done
go	Run docker build -t flowledger-test .	2026-09-18T16:45:45.9292103Z #6 sha256:7c3a144dfd2227e5e4aec126921061520351642741e8d4756e18775005b628b1 0B / 245.06kB 0.1s
go	Run docker build -t flowledger-test .	2026-09-18T16:45:45.9292951Z #6 sha256:2cb3e687d353c47479f7eb82d6cc1b230f1d252bfefaddbeec9d3de57edf5d49 0B / 67.31MB 0.1s
go	Run docker build -t flowledger-test .	2026-09-18T16:45:45.9293799Z #6 sha256:a01ef6a6016004d114c97cf04a9708d71f6bb95e2b482f829ae547874376d5c7 0B / 126B 0.1s
go	Run docker build -t flowledger-test .	2026-09-18T16:45:45.9294666Z #6 sha256:ce864e7223ac17b1775e6fd0b4c0db580c2eb50e7953a427916379e4b92a1628 10.29kB / 10.29kB done
go	Run docker build -t flowledger-test .	2026-09-18T16:45:45.9295587Z #6 sha256:6e5de3f5b9fb7e30b8bb2ffe8dcbcbdaa2990f0f31267456eabe83f870a623be 1.92kB / 1.92kB done
go	Run docker build -t flowledger-test .	2026-09-18T16:45:46.0448261Z #6 sha256:2cb3e687d353c47479f7eb82d6cc1b230f1d252bfefaddbeec9d3de57edf5d49 8.39MB / 67.31MB 0.2s
go	Run docker build -t flowledger-test .	2026-09-18T16:45:46.0450133Z #6 extracting sha256:7c3a144dfd2227e5e4aec126921061520351642741e8d4756e18775005b628b1
go	Run docker build -t flowledger-test .	2026-09-18T16:45:46.2287186Z #6 sha256:7c3a144dfd2227e5e4aec126921061520351642741e8d4756e18775005b628b1 245.06kB / 245.06kB 0.2s done
go	Run docker build -t flowledger-test .	2026-09-18T16:45:46.2288745Z #6 sha256:2cb3e687d353c47479f7eb82d6cc1b230f1d252bfefaddbeec9d3de57edf5d49 67.31MB / 67.31MB 0.3s done
go	Run docker build -t flowledger-test .	2026-09-18T16:45:46.2290323Z #6 sha256:a01ef6a6016004d114c97cf04a9708d71f6bb95e2b482f829ae547874376d5c7 126B / 126B 0.2s done
go	Run docker build -t flowledger-test .	2026-09-18T16:45:46.2291437Z #6 extracting sha256:7c3a144dfd2227e5e4aec126921061520351642741e8d4756e18775005b628b1 0.1s done
go	Run docker build -t flowledger-test .	2026-09-18T16:45:46.2292610Z #6 sha256:4f4fb700ef54461cfa02571ae0db9a0dc1e0cdb5577484a6d75e68dc38e8acc1 32B / 32B 0.3s done
go	Run docker build -t flowledger-test .	2026-09-18T16:45:48.4549502Z #6 extracting sha256:2cb3e687d353c47479f7eb82d6cc1b230f1d252bfefaddbeec9d3de57edf5d49
go	Run docker build -t flowledger-test .	2026-09-18T16:45:52.9669913Z #6 extracting sha256:2cb3e687d353c47479f7eb82d6cc1b230f1d252bfefaddbeec9d3de57edf5d49 4.5s done
go	Run docker build -t flowledger-test .	2026-09-18T16:45:53.6405133Z #6 extracting sha256:a01ef6a6016004d114c97cf04a9708d71f6bb95e2b482f829ae547874376d5c7
go	Run docker build -t flowledger-test .	2026-09-18T16:45:53.8308739Z #6 extracting sha256:a01ef6a6016004d114c97cf04a9708d71f6bb95e2b482f829ae547874376d5c7 done
go	Run docker build -t flowledger-test .	2026-09-18T16:45:53.8310983Z #6 extracting sha256:4f4fb700ef54461cfa02571ae0db9a0dc1e0cdb5577484a6d75e68dc38e8acc1 done
go	Run docker build -t flowledger-test .	2026-09-18T16:45:53.8312236Z #6 DONE 7.9s
go	Run docker build -t flowledger-test .	2026-09-18T16:45:53.8312559Z 
go	Run docker build -t flowledger-test .	2026-09-18T16:45:53.8312750Z #7 [2/5] RUN apk add --no-cache build-base
go	Run docker build -t flowledger-test .	2026-09-18T16:45:54.1809368Z #7 0.503 ( 1/22) Installing libgcc (15.2.0-r5)
go	Run docker build -t flowledger-test .	2026-09-18T16:45:54.3235835Z #7 0.512 ( 2/22) Installing jansson (2.15.0-r0)
go	Run docker build -t flowledger-test .	2026-09-18T16:45:54.3236685Z #7 0.519 ( 3/22) Installing libstdc++ (15.2.0-r5)
go	Run docker build -t flowledger-test .	2026-09-18T16:45:54.3237252Z #7 0.550 ( 4/22) Installing zstd-libs (1.5.7-r2)
go	Run docker build -t flowledger-test .	2026-09-18T16:45:54.3238027Z #7 0.564 ( 5/22) Installing binutils (2.45.1-r1)
go	Run docker build -t flowledger-test .	2026-09-18T16:45:54.3238626Z #7 0.645 ( 6/22) Installing libmagic (5.47-r2)
go	Run docker build -t flowledger-test .	2026-09-18T16:45:54.4418385Z #7 0.677 ( 7/22) Installing file (5.47-r2)
go	Run docker build -t flowledger-test .	2026-09-18T16:45:54.4419582Z #7 0.683 ( 8/22) Installing libgcc-static (15.2.0-r5)
go	Run docker build -t flowledger-test .	2026-09-18T16:45:54.4420341Z #7 0.716 ( 9/22) Installing libgomp (15.2.0-r5)
go	Run docker build -t flowledger-test .	2026-09-18T16:45:54.4421009Z #7 0.725 (10/22) Installing libatomic (15.2.0-r5)
go	Run docker build -t flowledger-test .	2026-09-18T16:45:54.4421612Z #7 0.731 (11/22) Installing gmp (6.3.0-r4)
go	Run docker build -t flowledger-test .	2026-09-18T16:45:54.4422138Z #7 0.740 (12/22) Installing isl26 (0.26-r2)
go	Run docker build -t flowledger-test .	2026-09-18T16:45:54.4422711Z #7 0.764 (13/22) Installing mpfr4 (4.2.2-r0)
go	Run docker build -t flowledger-test .	2026-09-18T16:45:54.6100484Z #7 0.774 (14/22) Installing mpc1 (1.3.1-r1)
go	Run docker build -t flowledger-test .	2026-09-18T16:45:54.6101043Z #7 0.781 (15/22) Installing gcc (15.2.0-r5)
go	Run docker build -t flowledger-test .	2026-09-18T16:45:55.3027919Z #7 1.625 (16/22) Installing libstdc++-dev (15.2.0-r5)
go	Run docker build -t flowledger-test .	2026-09-18T16:45:55.4551138Z #7 1.777 (17/22) Installing musl-dev (1.2.6-r2)
go	Run docker build -t flowledger-test .	2026-09-18T16:45:55.6658670Z #7 1.837 (18/22) Installing g++ (15.2.0-r5)
go	Run docker build -t flowledger-test .	2026-09-18T16:45:55.7509058Z #7 2.073 (19/22) Installing make (4.4.1-r4)
go	Run docker build -t flowledger-test .	2026-09-18T16:45:55.9344093Z #7 2.081 (20/22) Installing fortify-headers (3.0.1-r2)
go	Run docker build -t flowledger-test .	2026-09-18T16:45:55.9347239Z #7 2.088 (21/22) Installing patch (2.8-r0)
go	Run docker build -t flowledger-test .	2026-09-18T16:45:55.9348194Z #7 2.095 (22/22) Installing build-base (0.5-r4)
go	Run docker build -t flowledger-test .	2026-09-18T16:45:55.9349423Z #7 2.095 Executing busybox-1.37.0-r31.trigger
go	Run docker build -t flowledger-test .	2026-09-18T16:45:55.9350339Z #7 2.106 OK: 275.7 MiB in 39 packages
go	Run docker build -t flowledger-test .	2026-09-18T16:45:56.2737287Z #7 DONE 2.6s
go	Run docker build -t flowledger-test .	2026-09-18T16:45:56.4504066Z 
go	Run docker build -t flowledger-test .	2026-09-18T16:45:56.4504593Z #8 [3/5] WORKDIR /app
go	Run docker build -t flowledger-test .	2026-09-18T16:45:56.4505135Z #8 DONE 0.0s
go	Run docker build -t flowledger-test .	2026-09-18T16:45:56.4505288Z 
go	Run docker build -t flowledger-test .	2026-09-18T16:45:56.4505388Z #9 [4/5] COPY go.mod go.sum ./
go	Run docker build -t flowledger-test .	2026-09-18T16:45:56.4505626Z #9 DONE 0.0s
go	Run docker build -t flowledger-test .	2026-09-18T16:45:56.4505737Z 
go	Run docker build -t flowledger-test .	2026-09-18T16:45:56.4505829Z #10 [5/5] RUN go mod download
go	Run docker build -t flowledger-test .	2026-09-18T16:46:03.8213536Z #10 DONE 7.5s
go	Run docker build -t flowledger-test .	2026-09-18T16:46:03.9729896Z 
go	Run docker build -t flowledger-test .	2026-09-18T16:46:03.9731064Z #11 exporting to image
go	Run docker build -t flowledger-test .	2026-09-18T16:46:03.9731529Z #11 exporting layers
go	Run docker build -t flowledger-test .	2026-09-18T16:46:08.8900072Z #11 exporting layers 5.1s done
go	Run docker build -t flowledger-test .	2026-09-18T16:46:08.9060472Z #11 writing image sha256:92165d531feb926f363325b3f93dc2a9fc7efc5ef4e6943380893781a83279c1 done
go	Run docker build -t flowledger-test .	2026-09-18T16:46:08.9061489Z #11 naming to docker.io/library/flowledger-test done
go	Run docker build -t flowledger-test .	2026-09-18T16:46:08.9061947Z #11 DONE 5.1s
go	Run docker run --rm -v "$PWD:/app:ro" -v test_modules:/go/pkg/mod flowledger-test go mod download	﻿2026-09-18T16:46:08.9216217Z ##[group]Run docker run --rm -v "$PWD:/app:ro" -v test_modules:/go/pkg/mod flowledger-test go mod download
go	Run docker run --rm -v "$PWD:/app:ro" -v test_modules:/go/pkg/mod flowledger-test go mod download	2026-09-18T16:46:08.9217042Z [36;1mdocker run --rm -v "$PWD:/app:ro" -v test_modules:/go/pkg/mod flowledger-test go mod download[0m
go	Run docker run --rm -v "$PWD:/app:ro" -v test_modules:/go/pkg/mod flowledger-test go mod download	2026-09-18T16:46:08.9254935Z shell: /usr/bin/bash -e {0}
go	Run docker run --rm -v "$PWD:/app:ro" -v test_modules:/go/pkg/mod flowledger-test go mod download	2026-09-18T16:46:08.9255195Z ##[endgroup]
go	Run mkdir -p /tmp/flowledger-results	﻿2026-09-18T16:46:13.7150524Z ##[group]Run mkdir -p /tmp/flowledger-results
go	Run mkdir -p /tmp/flowledger-results	2026-09-18T16:46:13.7150948Z [36;1mmkdir -p /tmp/flowledger-results[0m
go	Run mkdir -p /tmp/flowledger-results	2026-09-18T16:46:13.7187999Z shell: /usr/bin/bash -e {0}
go	Run mkdir -p /tmp/flowledger-results	2026-09-18T16:46:13.7188261Z ##[endgroup]
go	Run docker run --rm --network none -v "$PWD:/app:ro" -v test_modules:/go/pkg/mod:ro -v /tmp/flowledger-results:/results -e GOCACHE=/tmp/cache flowledger-test sh -c 'go test -race -count=1 -coverprofile=/results/coverage.out ./... && go vet ./... && test -z "$(gofmt -l cmd internal contracts tests)" && go fix -diff ./... > /results/gofix.diff && test ! -s /results/gofix.diff'	﻿2026-09-18T16:46:13.7295593Z ##[group]Run docker run --rm --network none -v "$PWD:/app:ro" -v test_modules:/go/pkg/mod:ro -v /tmp/flowledger-results:/results -e GOCACHE=/tmp/cache flowledger-test sh -c 'go test -race -count=1 -coverprofile=/results/coverage.out ./... && go vet ./... && test -z "$(gofmt -l cmd internal contracts tests)" && go fix -diff ./... > /results/gofix.diff && test ! -s /results/gofix.diff'
go	Run docker run --rm --network none -v "$PWD:/app:ro" -v test_modules:/go/pkg/mod:ro -v /tmp/flowledger-results:/results -e GOCACHE=/tmp/cache flowledger-test sh -c 'go test -race -count=1 -coverprofile=/results/coverage.out ./... && go vet ./... && test -z "$(gofmt -l cmd internal contracts tests)" && go fix -diff ./... > /results/gofix.diff && test ! -s /results/gofix.diff'	2026-09-18T16:46:13.7298109Z [36;1mdocker run --rm --network none -v "$PWD:/app:ro" -v test_modules:/go/pkg/mod:ro -v /tmp/flowledger-results:/results -e GOCACHE=/tmp/cache flowledger-test sh -c 'go test -race -count=1 -coverprofile=/results/coverage.out ./... && go vet ./... && test -z "$(gofmt -l cmd internal contracts tests)" && go fix -diff ./... > /results/gofix.diff && test ! -s /results/gofix.diff'[0m
go	Run docker run --rm --network none -v "$PWD:/app:ro" -v test_modules:/go/pkg/mod:ro -v /tmp/flowledger-results:/results -e GOCACHE=/tmp/cache flowledger-test sh -c 'go test -race -count=1 -coverprofile=/results/coverage.out ./... && go vet ./... && test -z "$(gofmt -l cmd internal contracts tests)" && go fix -diff ./... > /results/gofix.diff && test ! -s /results/gofix.diff'	2026-09-18T16:46:13.7334887Z shell: /usr/bin/bash -e {0}
go	Run docker run --rm --network none -v "$PWD:/app:ro" -v test_modules:/go/pkg/mod:ro -v /tmp/flowledger-results:/results -e GOCACHE=/tmp/cache flowledger-test sh -c 'go test -race -count=1 -coverprofile=/results/coverage.out ./... && go vet ./... && test -z "$(gofmt -l cmd internal contracts tests)" && go fix -diff ./... > /results/gofix.diff && test ! -s /results/gofix.diff'	2026-09-18T16:46:13.7335155Z ##[endgroup]
go	Run docker run --rm --network none -v "$PWD:/app:ro" -v test_modules:/go/pkg/mod:ro -v /tmp/flowledger-results:/results -e GOCACHE=/tmp/cache flowledger-test sh -c 'go test -race -count=1 -coverprofile=/results/coverage.out ./... && go vet ./... && test -z "$(gofmt -l cmd internal contracts tests)" && go fix -diff ./... > /results/gofix.diff && test ! -s /results/gofix.diff'	2026-09-18T16:47:43.9814709Z ok  	github.com/a861252012/testnet-wallet-lab/cmd/accept-erc4337	1.150s	coverage: 25.9% of statements
go	Run docker run --rm --network none -v "$PWD:/app:ro" -v test_modules:/go/pkg/mod:ro -v /tmp/flowledger-results:/results -e GOCACHE=/tmp/cache flowledger-test sh -c 'go test -race -count=1 -coverprofile=/results/coverage.out ./... && go vet ./... && test -z "$(gofmt -l cmd internal contracts tests)" && go fix -diff ./... > /results/gofix.diff && test ! -s /results/gofix.diff'	2026-09-18T16:47:43.9817325Z ok  	github.com/a861252012/testnet-wallet-lab/cmd/send-and-verify	1.074s	coverage: 79.7% of statements
go	Run docker run --rm --network none -v "$PWD:/app:ro" -v test_modules:/go/pkg/mod:ro -v /tmp/flowledger-results:/results -e GOCACHE=/tmp/cache flowledger-test sh -c 'go test -race -count=1 -coverprofile=/results/coverage.out ./... && go vet ./... && test -z "$(gofmt -l cmd internal contracts tests)" && go fix -diff ./... > /results/gofix.diff && test ! -s /results/gofix.diff'	2026-09-18T16:47:45.8706475Z ok  	github.com/a861252012/testnet-wallet-lab/cmd/testnet-wallet-lab	1.041s	coverage: 18.2% of statements
go	Run docker run --rm --network none -v "$PWD:/app:ro" -v test_modules:/go/pkg/mod:ro -v /tmp/flowledger-results:/results -e GOCACHE=/tmp/cache flowledger-test sh -c 'go test -race -count=1 -coverprofile=/results/coverage.out ./... && go vet ./... && test -z "$(gofmt -l cmd internal contracts tests)" && go fix -diff ./... > /results/gofix.diff && test ! -s /results/gofix.diff'	2026-09-18T16:47:46.1986737Z ok  	github.com/a861252012/testnet-wallet-lab/cmd/verify-onchain-evidence	1.039s	coverage: 78.8% of statements
go	Run docker run --rm --network none -v "$PWD:/app:ro" -v test_modules:/go/pkg/mod:ro -v /tmp/flowledger-results:/results -e GOCACHE=/tmp/cache flowledger-test sh -c 'go test -race -count=1 -coverprofile=/results/coverage.out ./... && go vet ./... && test -z "$(gofmt -l cmd internal contracts tests)" && go fix -diff ./... > /results/gofix.diff && test ! -s /results/gofix.diff'	2026-09-18T16:48:21.3439850Z ok  	github.com/a861252012/testnet-wallet-lab/contracts	1.372s	coverage: [no statements]
go	Run docker run --rm --network none -v "$PWD:/app:ro" -v test_modules:/go/pkg/mod:ro -v /tmp/flowledger-results:/results -e GOCACHE=/tmp/cache flowledger-test sh -c 'go test -race -count=1 -coverprofile=/results/coverage.out ./... && go vet ./... && test -z "$(gofmt -l cmd internal contracts tests)" && go fix -diff ./... > /results/gofix.diff && test ! -s /results/gofix.diff'	2026-09-18T16:48:21.4430619Z ok  	github.com/a861252012/testnet-wallet-lab/internal/chain	1.486s	coverage: 68.0% of statements
go	Run docker run --rm --network none -v "$PWD:/app:ro" -v test_modules:/go/pkg/mod:ro -v /tmp/flowledger-results:/results -e GOCACHE=/tmp/cache flowledger-test sh -c 'go test -race -count=1 -coverprofile=/results/coverage.out ./... && go vet ./... && test -z "$(gofmt -l cmd internal contracts tests)" && go fix -diff ./... > /results/gofix.diff && test ! -s /results/gofix.diff'	2026-09-18T16:48:36.8371453Z ok  	github.com/a861252012/testnet-wallet-lab/internal/wallet	16.890s	coverage: 77.5% of statements
go	Run docker run --rm --network none -v "$PWD:/app:ro" -v test_modules:/go/pkg/mod:ro -v /tmp/flowledger-results:/results -e GOCACHE=/tmp/cache flowledger-test sh -c 'go test -race -count=1 -coverprofile=/results/coverage.out ./... && go vet ./... && test -z "$(gofmt -l cmd internal contracts tests)" && go fix -diff ./... > /results/gofix.diff && test ! -s /results/gofix.diff'	2026-09-18T16:48:36.8372912Z ok  	github.com/a861252012/testnet-wallet-lab/internal/wallet/erc4337	8.451s	coverage: 87.6% of statements
go	Run docker run --rm --network none -v "$PWD:/app:ro" -v test_modules:/go/pkg/mod:ro -v /tmp/flowledger-results:/results -e GOCACHE=/tmp/cache flowledger-test sh -c 'go test -race -count=1 -coverprofile=/results/coverage.out ./... && go vet ./... && test -z "$(gofmt -l cmd internal contracts tests)" && go fix -diff ./... > /results/gofix.diff && test ! -s /results/gofix.diff'	2026-09-18T16:48:36.8374137Z ok  	github.com/a861252012/testnet-wallet-lab/internal/web	3.171s	coverage: 61.3% of statements
go	Run docker run --rm --network none -v "$PWD:/app:ro" -v test_modules:/go/pkg/mod:ro -v /tmp/flowledger-results:/results -e GOCACHE=/tmp/cache flowledger-test sh -c 'go test -race -count=1 -coverprofile=/results/coverage.out ./... && go vet ./... && test -z "$(gofmt -l cmd internal contracts tests)" && go fix -diff ./... > /results/gofix.diff && test ! -s /results/gofix.diff'	2026-09-18T16:48:36.8375243Z 	github.com/a861252012/testnet-wallet-lab/tests/deployment		coverage: 0.0% of statements
go	Run docker run --rm --network none -v "$PWD:/app:ro" -v test_modules:/go/pkg/mod:ro -v /tmp/flowledger-results:/results -e GOCACHE=/tmp/cache flowledger-test sh -c 'go test -race -count=1 -coverprofile=/results/coverage.out ./... && go vet ./... && test -z "$(gofmt -l cmd internal contracts tests)" && go fix -diff ./... > /results/gofix.diff && test ! -s /results/gofix.diff'	2026-09-18T16:48:36.8376251Z ok  	github.com/a861252012/testnet-wallet-lab/tests/e2e	1.850s	coverage: [no statements]
go	Run actions/upload-artifact@ea165f8d65b6e75b540449e92b4886f43607fa02	﻿2026-09-18T16:50:24.8907603Z Node 20 is being deprecated. This workflow is running with Node 24 by default. If you need to temporarily use Node 20, you can set the ACTIONS_ALLOW_USE_UNSECURE_NODE_VERSION=true environment variable. For more information see: https://github.blog/changelog/2025-09-19-deprecation-of-node-20-on-github-actions-runners/
go	Run actions/upload-artifact@ea165f8d65b6e75b540449e92b4886f43607fa02	2026-09-18T16:50:24.8910503Z ##[group]Run actions/upload-artifact@ea165f8d65b6e75b540449e92b4886f43607fa02
go	Run actions/upload-artifact@ea165f8d65b6e75b540449e92b4886f43607fa02	2026-09-18T16:50:24.8910922Z with:
go	Run actions/upload-artifact@ea165f8d65b6e75b540449e92b4886f43607fa02	2026-09-18T16:50:24.8911111Z   name: go-coverage
go	Run actions/upload-artifact@ea165f8d65b6e75b540449e92b4886f43607fa02	2026-09-18T16:50:24.8911357Z   path: /tmp/flowledger-results/coverage.out
go	Run actions/upload-artifact@ea165f8d65b6e75b540449e92b4886f43607fa02	2026-09-18T16:50:24.8911655Z   if-no-files-found: warn
go	Run actions/upload-artifact@ea165f8d65b6e75b540449e92b4886f43607fa02	2026-09-18T16:50:24.8911883Z   compression-level: 6
go	Run actions/upload-artifact@ea165f8d65b6e75b540449e92b4886f43607fa02	2026-09-18T16:50:24.8912099Z   overwrite: false
go	Run actions/upload-artifact@ea165f8d65b6e75b540449e92b4886f43607fa02	2026-09-18T16:50:24.8912310Z   include-hidden-files: false
go	Run actions/upload-artifact@ea165f8d65b6e75b540449e92b4886f43607fa02	2026-09-18T16:50:24.8912544Z ##[endgroup]
go	Run actions/upload-artifact@ea165f8d65b6e75b540449e92b4886f43607fa02	2026-09-18T16:50:25.0604586Z (node:27792) [DEP0040] DeprecationWarning: The `punycode` module is deprecated. Please use a userland alternative instead.
go	Run actions/upload-artifact@ea165f8d65b6e75b540449e92b4886f43607fa02	2026-09-18T16:50:25.0605569Z (Use `node --trace-deprecation ...` to show where the warning was created)
go	Run actions/upload-artifact@ea165f8d65b6e75b540449e92b4886f43607fa02	2026-09-18T16:50:25.0656280Z With the provided path, there will be 1 file uploaded
go	Run actions/upload-artifact@ea165f8d65b6e75b540449e92b4886f43607fa02	2026-09-18T16:50:25.0663197Z Artifact name is valid!
go	Run actions/upload-artifact@ea165f8d65b6e75b540449e92b4886f43607fa02	2026-09-18T16:50:25.0663807Z Root directory input is valid!
go	Run actions/upload-artifact@ea165f8d65b6e75b540449e92b4886f43607fa02	2026-09-18T16:50:25.4729425Z Beginning upload of artifact content to blob storage
go	Run actions/upload-artifact@ea165f8d65b6e75b540449e92b4886f43607fa02	2026-09-18T16:50:25.4980156Z (node:27792) [DEP0169] DeprecationWarning: `url.parse()` behavior is not standardized and prone to errors that have security implications. Use the WHATWG URL API instead. CVEs are not issued for `url.parse()` vulnerabilities.
go	Run actions/upload-artifact@ea165f8d65b6e75b540449e92b4886f43607fa02	2026-09-18T16:50:25.8521372Z Uploaded bytes 35912
go	Run actions/upload-artifact@ea165f8d65b6e75b540449e92b4886f43607fa02	2026-09-18T16:50:25.9324710Z Finished uploading artifact content to blob storage!
go	Run actions/upload-artifact@ea165f8d65b6e75b540449e92b4886f43607fa02	2026-09-18T16:50:25.9326317Z SHA256 digest of uploaded artifact zip is a8f2e403b0f33e9b20c5eb21143e926713bdb7181bddabfa2f5caecad4b4a35d
go	Run actions/upload-artifact@ea165f8d65b6e75b540449e92b4886f43607fa02	2026-09-18T16:50:25.9327467Z Finalizing artifact upload
go	Run actions/upload-artifact@ea165f8d65b6e75b540449e92b4886f43607fa02	2026-09-18T16:50:26.2058253Z Artifact go-coverage.zip successfully finalized. Artifact ID 10558537241
go	Run actions/upload-artifact@ea165f8d65b6e75b540449e92b4886f43607fa02	2026-09-18T16:50:26.2059729Z Artifact go-coverage has been successfully uploaded! Final size is 35912 bytes. Artifact ID is 10558537241
go	Run actions/upload-artifact@ea165f8d65b6e75b540449e92b4886f43607fa02	2026-09-18T16:50:26.2066866Z Artifact download URL: https://github.com/a861252012/testnet-wallet-lab/actions/runs/35370366472/artifacts/10558537241
go	Post Run actions/checkout@11d5960a326750d5838078e36cf38b85af677262	﻿2026-09-18T16:50:26.2295306Z Node 20 is being deprecated. This workflow is running with Node 24 by default. If you need to temporarily use Node 20, you can set the ACTIONS_ALLOW_USE_UNSECURE_NODE_VERSION=true environment variable. For more information see: https://github.blog/changelog/2025-09-19-deprecation-of-node-20-on-github-actions-runners/
go	Post Run actions/checkout@11d5960a326750d5838078e36cf38b85af677262	2026-09-18T16:50:26.2296629Z Post job cleanup.
go	Post Run actions/checkout@11d5960a326750d5838078e36cf38b85af677262	2026-09-18T16:50:26.3189422Z [command]/usr/bin/git version
go	Post Run actions/checkout@11d5960a326750d5838078e36cf38b85af677262	2026-09-18T16:50:26.3230164Z git version 2.55.0
go	Post Run actions/checkout@11d5960a326750d5838078e36cf38b85af677262	2026-09-18T16:50:26.3270885Z Temporarily overriding HOME='/home/runner/work/_temp/dd5fb45a-e041-4b94-8746-84c8b725ea23' before making global git config changes
go	Post Run actions/checkout@11d5960a326750d5838078e36cf38b85af677262	2026-09-18T16:50:26.3272188Z Adding repository directory to the temporary git global config as a safe directory
go	Post Run actions/checkout@11d5960a326750d5838078e36cf38b85af677262	2026-09-18T16:50:26.3277588Z [command]/usr/bin/git config --global --add safe.directory /home/runner/work/testnet-wallet-lab/testnet-wallet-lab
go	Post Run actions/checkout@11d5960a326750d5838078e36cf38b85af677262	2026-09-18T16:50:26.3318358Z [command]/usr/bin/git config --local --name-only --get-regexp core\.sshCommand
go	Post Run actions/checkout@11d5960a326750d5838078e36cf38b85af677262	2026-09-18T16:50:26.3353465Z [command]/usr/bin/git submodule foreach --recursive sh -c "git config --local --name-only --get-regexp 'core\.sshCommand' && git config --local --unset-all 'core.sshCommand' || :"
go	Post Run actions/checkout@11d5960a326750d5838078e36cf38b85af677262	2026-09-18T16:50:26.3582183Z [command]/usr/bin/git config --local --name-only --get-regexp http\.https\:\/\/github\.com\/\.extraheader
go	Post Run actions/checkout@11d5960a326750d5838078e36cf38b85af677262	2026-09-18T16:50:26.3609871Z http.https://github.com/.extraheader
go	Post Run actions/checkout@11d5960a326750d5838078e36cf38b85af677262	2026-09-18T16:50:26.3621587Z [command]/usr/bin/git config --local --unset-all http.https://github.com/.extraheader
go	Post Run actions/checkout@11d5960a326750d5838078e36cf38b85af677262	2026-09-18T16:50:26.3654659Z [command]/usr/bin/git submodule foreach --recursive sh -c "git config --local --name-only --get-regexp 'http\.https\:\/\/github\.com\/\.extraheader' && git config --local --unset-all 'http.https://github.com/.extraheader' || :"
go	Post Run actions/checkout@11d5960a326750d5838078e36cf38b85af677262	2026-09-18T16:50:26.3888293Z [command]/usr/bin/git config --local --name-only --get-regexp ^includeIf\.gitdir:
go	Post Run actions/checkout@11d5960a326750d5838078e36cf38b85af677262	2026-09-18T16:50:26.3926661Z [command]/usr/bin/git submodule foreach --recursive git config --local --show-origin --name-only --get-regexp remote.origin.url
go	Complete job	﻿2026-09-18T16:50:26.4314966Z Cleaning up orphan processes
go	Complete job	2026-09-18T16:50:26.4668609Z ##[warning]Node.js 20 is deprecated. The following actions target Node.js 20 but are being forced to run on Node.js 24: actions/checkout@11d5960a326750d5838078e36cf38b85af677262, actions/upload-artifact@ea165f8d65b6e75b540449e92b4886f43607fa02. For more information see: https://github.blog/changelog/2025-09-19-deprecation-of-node-20-on-github-actions-runners/
deployment (ubuntu-24.04-arm)	Set up job	﻿2026-09-18T16:45:45.9576998Z Current runner version: '2.337.0'
deployment (ubuntu-24.04-arm)	Set up job	2026-09-18T16:45:45.9611187Z ##[group]Runner Image Provisioner
deployment (ubuntu-24.04-arm)	Set up job	2026-09-18T16:45:45.9612632Z Hosted Compute Agent
deployment (ubuntu-24.04-arm)	Set up job	2026-09-18T16:45:45.9613240Z Version: 20260828.587
deployment (ubuntu-24.04-arm)	Set up job	2026-09-18T16:45:45.9613982Z Commit: abac92662cab4cc7352de4f9f9d2e2419aad9c29
deployment (ubuntu-24.04-arm)	Set up job	2026-09-18T16:45:45.9614734Z Build Date: 2026-08-28T16:44:25Z
deployment (ubuntu-24.04-arm)	Set up job	2026-09-18T16:45:45.9615404Z Worker ID: {689de4f3-c97e-4f81-90c8-f701747faad2}
deployment (ubuntu-24.04-arm)	Set up job	2026-09-18T16:45:45.9616203Z Azure Region: westus2
deployment (ubuntu-24.04-arm)	Set up job	2026-09-18T16:45:45.9616773Z ##[endgroup]
deployment (ubuntu-24.04-arm)	Set up job	2026-09-18T16:45:45.9619687Z ##[group]Operating System
deployment (ubuntu-24.04-arm)	Set up job	2026-09-18T16:45:45.9620417Z Ubuntu
deployment (ubuntu-24.04-arm)	Set up job	2026-09-18T16:45:45.9620930Z 24.04.5
deployment (ubuntu-24.04-arm)	Set up job	2026-09-18T16:45:45.9621502Z LTS
deployment (ubuntu-24.04-arm)	Set up job	2026-09-18T16:45:45.9622005Z ##[endgroup]
deployment (ubuntu-24.04-arm)	Set up job	2026-09-18T16:45:45.9622554Z ##[group]Runner Image
deployment (ubuntu-24.04-arm)	Set up job	2026-09-18T16:45:45.9623287Z Image: ubuntu-24.04-arm
deployment (ubuntu-24.04-arm)	Set up job	2026-09-18T16:45:45.9623879Z Version: 20260907.118.1
deployment (ubuntu-24.04-arm)	Set up job	2026-09-18T16:45:45.9625062Z Included Software: https://github.com/actions/runner-images/blob/ubuntu24-arm64/20260907.118/images/ubuntu/Ubuntu2404-Arm64-Readme.md
deployment (ubuntu-24.04-arm)	Set up job	2026-09-18T16:45:45.9627000Z Image Release: https://github.com/actions/runner-images/releases/tag/ubuntu24-arm64%2F20260907.118
deployment (ubuntu-24.04-arm)	Set up job	2026-09-18T16:45:45.9628070Z ##[endgroup]
deployment (ubuntu-24.04-arm)	Set up job	2026-09-18T16:45:45.9629461Z ##[group]GITHUB_TOKEN Permissions
deployment (ubuntu-24.04-arm)	Set up job	2026-09-18T16:45:45.9632921Z Contents: read
deployment (ubuntu-24.04-arm)	Set up job	2026-09-18T16:45:45.9633597Z Metadata: read
deployment (ubuntu-24.04-arm)	Set up job	2026-09-18T16:45:45.9634342Z ##[endgroup]
deployment (ubuntu-24.04-arm)	Set up job	2026-09-18T16:45:45.9637411Z Secret source: Actions
deployment (ubuntu-24.04-arm)	Set up job	2026-09-18T16:45:45.9638581Z Cache mode: write
deployment (ubuntu-24.04-arm)	Set up job	2026-09-18T16:45:45.9639847Z Prepare workflow directory
deployment (ubuntu-24.04-arm)	Set up job	2026-09-18T16:45:46.0047255Z Prepare all required actions
deployment (ubuntu-24.04-arm)	Set up job	2026-09-18T16:45:46.0102583Z Getting action download info
deployment (ubuntu-24.04-arm)	Set up job	2026-09-18T16:45:46.3617121Z Download action repository 'actions/checkout@11d5960a326750d5838078e36cf38b85af677262' (SHA:11d5960a326750d5838078e36cf38b85af677262)
deployment (ubuntu-24.04-arm)	Set up job	2026-09-18T16:45:46.5793071Z Complete job name: deployment (ubuntu-24.04-arm)
deployment (ubuntu-24.04-arm)	Run actions/checkout@11d5960a326750d5838078e36cf38b85af677262	﻿2026-09-18T16:45:46.6665707Z Node 20 is being deprecated. This workflow is running with Node 24 by default. If you need to temporarily use Node 20, you can set the ACTIONS_ALLOW_USE_UNSECURE_NODE_VERSION=true environment variable. For more information see: https://github.blog/changelog/2025-09-19-deprecation-of-node-20-on-github-actions-runners/
deployment (ubuntu-24.04-arm)	Run actions/checkout@11d5960a326750d5838078e36cf38b85af677262	2026-09-18T16:45:46.6675866Z ##[group]Run actions/checkout@11d5960a326750d5838078e36cf38b85af677262
deployment (ubuntu-24.04-arm)	Run actions/checkout@11d5960a326750d5838078e36cf38b85af677262	2026-09-18T16:45:46.6677149Z with:
deployment (ubuntu-24.04-arm)	Run actions/checkout@11d5960a326750d5838078e36cf38b85af677262	2026-09-18T16:45:46.6677781Z   repository: a861252012/testnet-wallet-lab
deployment (ubuntu-24.04-arm)	Run actions/checkout@11d5960a326750d5838078e36cf38b85af677262	2026-09-18T16:45:46.6682478Z   token: ***
deployment (ubuntu-24.04-arm)	Run actions/checkout@11d5960a326750d5838078e36cf38b85af677262	2026-09-18T16:45:46.6683086Z   ssh-strict: true
deployment (ubuntu-24.04-arm)	Run actions/checkout@11d5960a326750d5838078e36cf38b85af677262	2026-09-18T16:45:46.6683742Z   ssh-user: git
deployment (ubuntu-24.04-arm)	Run actions/checkout@11d5960a326750d5838078e36cf38b85af677262	2026-09-18T16:45:46.6684355Z   persist-credentials: true
deployment (ubuntu-24.04-arm)	Run actions/checkout@11d5960a326750d5838078e36cf38b85af677262	2026-09-18T16:45:46.6684960Z   clean: true
deployment (ubuntu-24.04-arm)	Run actions/checkout@11d5960a326750d5838078e36cf38b85af677262	2026-09-18T16:45:46.6685599Z   sparse-checkout-cone-mode: true
deployment (ubuntu-24.04-arm)	Run actions/checkout@11d5960a326750d5838078e36cf38b85af677262	2026-09-18T16:45:46.6686217Z   fetch-depth: 1
deployment (ubuntu-24.04-arm)	Run actions/checkout@11d5960a326750d5838078e36cf38b85af677262	2026-09-18T16:45:46.6686802Z   fetch-tags: false
deployment (ubuntu-24.04-arm)	Run actions/checkout@11d5960a326750d5838078e36cf38b85af677262	2026-09-18T16:45:46.6687366Z   show-progress: true
deployment (ubuntu-24.04-arm)	Run actions/checkout@11d5960a326750d5838078e36cf38b85af677262	2026-09-18T16:45:46.6687921Z   lfs: false
deployment (ubuntu-24.04-arm)	Run actions/checkout@11d5960a326750d5838078e36cf38b85af677262	2026-09-18T16:45:46.6688649Z   submodules: false
deployment (ubuntu-24.04-arm)	Run actions/checkout@11d5960a326750d5838078e36cf38b85af677262	2026-09-18T16:45:46.6689426Z   set-safe-directory: true
deployment (ubuntu-24.04-arm)	Run actions/checkout@11d5960a326750d5838078e36cf38b85af677262	2026-09-18T16:45:46.6690156Z   allow-unsafe-pr-checkout: false
deployment (ubuntu-24.04-arm)	Run actions/checkout@11d5960a326750d5838078e36cf38b85af677262	2026-09-18T16:45:46.6691375Z ##[endgroup]
deployment (ubuntu-24.04-arm)	Run actions/checkout@11d5960a326750d5838078e36cf38b85af677262	2026-09-18T16:45:46.7596571Z Syncing repository: a861252012/testnet-wallet-lab
deployment (ubuntu-24.04-arm)	Run actions/checkout@11d5960a326750d5838078e36cf38b85af677262	2026-09-18T16:45:46.7600049Z ##[group]Getting Git version info
deployment (ubuntu-24.04-arm)	Run actions/checkout@11d5960a326750d5838078e36cf38b85af677262	2026-09-18T16:45:46.7601101Z Working directory is '/home/runner/work/testnet-wallet-lab/testnet-wallet-lab'
deployment (ubuntu-24.04-arm)	Run actions/checkout@11d5960a326750d5838078e36cf38b85af677262	2026-09-18T16:45:46.7602755Z [command]/usr/bin/git version
deployment (ubuntu-24.04-arm)	Run actions/checkout@11d5960a326750d5838078e36cf38b85af677262	2026-09-18T16:45:46.7647777Z git version 2.55.0
deployment (ubuntu-24.04-arm)	Run actions/checkout@11d5960a326750d5838078e36cf38b85af677262	2026-09-18T16:45:46.7667350Z ##[endgroup]
deployment (ubuntu-24.04-arm)	Run actions/checkout@11d5960a326750d5838078e36cf38b85af677262	2026-09-18T16:45:46.7681709Z Temporarily overriding HOME='/home/runner/work/_temp/3c879fee-4222-499b-b358-8e798fac1475' before making global git config changes
deployment (ubuntu-24.04-arm)	Run actions/checkout@11d5960a326750d5838078e36cf38b85af677262	2026-09-18T16:45:46.7686249Z Adding repository directory to the temporary git global config as a safe directory
deployment (ubuntu-24.04-arm)	Run actions/checkout@11d5960a326750d5838078e36cf38b85af677262	2026-09-18T16:45:46.7687592Z [command]/usr/bin/git config --global --add safe.directory /home/runner/work/testnet-wallet-lab/testnet-wallet-lab
deployment (ubuntu-24.04-arm)	Run actions/checkout@11d5960a326750d5838078e36cf38b85af677262	2026-09-18T16:45:46.7721428Z Deleting the contents of '/home/runner/work/testnet-wallet-lab/testnet-wallet-lab'
deployment (ubuntu-24.04-arm)	Run actions/checkout@11d5960a326750d5838078e36cf38b85af677262	2026-09-18T16:45:46.7726466Z ##[group]Initializing the repository
deployment (ubuntu-24.04-arm)	Run actions/checkout@11d5960a326750d5838078e36cf38b85af677262	2026-09-18T16:45:46.7730967Z [command]/usr/bin/git init /home/runner/work/testnet-wallet-lab/testnet-wallet-lab
deployment (ubuntu-24.04-arm)	Run actions/checkout@11d5960a326750d5838078e36cf38b85af677262	2026-09-18T16:45:46.7837207Z hint: Using 'master' as the name for the initial branch. This default branch name
deployment (ubuntu-24.04-arm)	Run actions/checkout@11d5960a326750d5838078e36cf38b85af677262	2026-09-18T16:45:46.7838708Z hint: will change to "main" in Git 3.0. To configure the initial branch name
deployment (ubuntu-24.04-arm)	Run actions/checkout@11d5960a326750d5838078e36cf38b85af677262	2026-09-18T16:45:46.7840809Z hint: to use in all of your new repositories, which will suppress this warning,
deployment (ubuntu-24.04-arm)	Run actions/checkout@11d5960a326750d5838078e36cf38b85af677262	2026-09-18T16:45:46.7841809Z hint: call:
deployment (ubuntu-24.04-arm)	Run actions/checkout@11d5960a326750d5838078e36cf38b85af677262	2026-09-18T16:45:46.7842374Z hint:
deployment (ubuntu-24.04-arm)	Run actions/checkout@11d5960a326750d5838078e36cf38b85af677262	2026-09-18T16:45:46.7843074Z hint: 	git config --global init.defaultBranch <name>
deployment (ubuntu-24.04-arm)	Run actions/checkout@11d5960a326750d5838078e36cf38b85af677262	2026-09-18T16:45:46.7844153Z hint:
deployment (ubuntu-24.04-arm)	Run actions/checkout@11d5960a326750d5838078e36cf38b85af677262	2026-09-18T16:45:46.7845091Z hint: Names commonly chosen instead of 'master' are 'main', 'trunk' and
deployment (ubuntu-24.04-arm)	Run actions/checkout@11d5960a326750d5838078e36cf38b85af677262	2026-09-18T16:45:46.7846297Z hint: 'development'. The just-created branch can be renamed via this command:
deployment (ubuntu-24.04-arm)	Run actions/checkout@11d5960a326750d5838078e36cf38b85af677262	2026-09-18T16:45:46.7847212Z hint:
deployment (ubuntu-24.04-arm)	Run actions/checkout@11d5960a326750d5838078e36cf38b85af677262	2026-09-18T16:45:46.7847821Z hint: 	git branch -m <name>
deployment (ubuntu-24.04-arm)	Run actions/checkout@11d5960a326750d5838078e36cf38b85af677262	2026-09-18T16:45:46.7848508Z hint:
deployment (ubuntu-24.04-arm)	Run actions/checkout@11d5960a326750d5838078e36cf38b85af677262	2026-09-18T16:45:46.7849508Z hint: Disable this message with "git config set advice.defaultBranchName false"
deployment (ubuntu-24.04-arm)	Run actions/checkout@11d5960a326750d5838078e36cf38b85af677262	2026-09-18T16:45:46.7850693Z Initialized empty Git repository in /home/runner/work/testnet-wallet-lab/testnet-wallet-lab/.git/
deployment (ubuntu-24.04-arm)	Run actions/checkout@11d5960a326750d5838078e36cf38b85af677262	2026-09-18T16:45:46.7852965Z [command]/usr/bin/git remote add origin https://github.com/a861252012/testnet-wallet-lab
deployment (ubuntu-24.04-arm)	Run actions/checkout@11d5960a326750d5838078e36cf38b85af677262	2026-09-18T16:45:46.7886834Z ##[endgroup]
deployment (ubuntu-24.04-arm)	Run actions/checkout@11d5960a326750d5838078e36cf38b85af677262	2026-09-18T16:45:46.7888003Z ##[group]Disabling automatic garbage collection
deployment (ubuntu-24.04-arm)	Run actions/checkout@11d5960a326750d5838078e36cf38b85af677262	2026-09-18T16:45:46.7890982Z [command]/usr/bin/git config --local gc.auto 0
deployment (ubuntu-24.04-arm)	Run actions/checkout@11d5960a326750d5838078e36cf38b85af677262	2026-09-18T16:45:46.7920059Z ##[endgroup]
deployment (ubuntu-24.04-arm)	Run actions/checkout@11d5960a326750d5838078e36cf38b85af677262	2026-09-18T16:45:46.7921148Z ##[group]Setting up auth
deployment (ubuntu-24.04-arm)	Run actions/checkout@11d5960a326750d5838078e36cf38b85af677262	2026-09-18T16:45:46.7925619Z [command]/usr/bin/git config --local --name-only --get-regexp core\.sshCommand
deployment (ubuntu-24.04-arm)	Run actions/checkout@11d5960a326750d5838078e36cf38b85af677262	2026-09-18T16:45:46.7955723Z [command]/usr/bin/git submodule foreach --recursive sh -c "git config --local --name-only --get-regexp 'core\.sshCommand' && git config --local --unset-all 'core.sshCommand' || :"
deployment (ubuntu-24.04-arm)	Run actions/checkout@11d5960a326750d5838078e36cf38b85af677262	2026-09-18T16:45:46.8314921Z [command]/usr/bin/git config --local --name-only --get-regexp http\.https\:\/\/github\.com\/\.extraheader
deployment (ubuntu-24.04-arm)	Run actions/checkout@11d5960a326750d5838078e36cf38b85af677262	2026-09-18T16:45:46.8345346Z [command]/usr/bin/git submodule foreach --recursive sh -c "git config --local --name-only --get-regexp 'http\.https\:\/\/github\.com\/\.extraheader' && git config --local --unset-all 'http.https://github.com/.extraheader' || :"
deployment (ubuntu-24.04-arm)	Run actions/checkout@11d5960a326750d5838078e36cf38b85af677262	2026-09-18T16:45:46.8553994Z [command]/usr/bin/git config --local --name-only --get-regexp ^includeIf\.gitdir:
deployment (ubuntu-24.04-arm)	Run actions/checkout@11d5960a326750d5838078e36cf38b85af677262	2026-09-18T16:45:46.8585799Z [command]/usr/bin/git submodule foreach --recursive git config --local --show-origin --name-only --get-regexp remote.origin.url
deployment (ubuntu-24.04-arm)	Run actions/checkout@11d5960a326750d5838078e36cf38b85af677262	2026-09-18T16:45:46.8804344Z [command]/usr/bin/git config --local http.https://github.com/.extraheader AUTHORIZATION: basic ***
deployment (ubuntu-24.04-arm)	Run actions/checkout@11d5960a326750d5838078e36cf38b85af677262	2026-09-18T16:45:46.8840276Z ##[endgroup]
deployment (ubuntu-24.04-arm)	Run actions/checkout@11d5960a326750d5838078e36cf38b85af677262	2026-09-18T16:45:46.8841447Z ##[group]Fetching the repository
deployment (ubuntu-24.04-arm)	Run actions/checkout@11d5960a326750d5838078e36cf38b85af677262	2026-09-18T16:45:46.8849263Z [command]/usr/bin/git -c protocol.version=2 fetch --no-tags --prune --no-recurse-submodules --depth=1 origin +3a55ab854701074f6fb796ba23fe7953b67fbd8e:refs/remotes/origin/main
deployment (ubuntu-24.04-arm)	Run actions/checkout@11d5960a326750d5838078e36cf38b85af677262	2026-09-18T16:45:47.3185124Z From https://github.com/a861252012/testnet-wallet-lab
deployment (ubuntu-24.04-arm)	Run actions/checkout@11d5960a326750d5838078e36cf38b85af677262	2026-09-18T16:45:47.3186285Z  * [new ref]         3a55ab854701074f6fb796ba23fe7953b67fbd8e -> origin/main
deployment (ubuntu-24.04-arm)	Run actions/checkout@11d5960a326750d5838078e36cf38b85af677262	2026-09-18T16:45:47.3192231Z ##[endgroup]
deployment (ubuntu-24.04-arm)	Run actions/checkout@11d5960a326750d5838078e36cf38b85af677262	2026-09-18T16:45:47.3193451Z ##[group]Determining the checkout info
deployment (ubuntu-24.04-arm)	Run actions/checkout@11d5960a326750d5838078e36cf38b85af677262	2026-09-18T16:45:47.3194412Z ##[endgroup]
deployment (ubuntu-24.04-arm)	Run actions/checkout@11d5960a326750d5838078e36cf38b85af677262	2026-09-18T16:45:47.3198092Z [command]/usr/bin/git sparse-checkout disable
deployment (ubuntu-24.04-arm)	Run actions/checkout@11d5960a326750d5838078e36cf38b85af677262	2026-09-18T16:45:47.3240016Z [command]/usr/bin/git config --local --unset-all extensions.worktreeConfig
deployment (ubuntu-24.04-arm)	Run actions/checkout@11d5960a326750d5838078e36cf38b85af677262	2026-09-18T16:45:47.3269487Z ##[group]Checking out the ref
deployment (ubuntu-24.04-arm)	Run actions/checkout@11d5960a326750d5838078e36cf38b85af677262	2026-09-18T16:45:47.3273763Z [command]/usr/bin/git checkout --progress --force -B main refs/remotes/origin/main
deployment (ubuntu-24.04-arm)	Run actions/checkout@11d5960a326750d5838078e36cf38b85af677262	2026-09-18T16:45:47.3413092Z Switched to a new branch 'main'
deployment (ubuntu-24.04-arm)	Run actions/checkout@11d5960a326750d5838078e36cf38b85af677262	2026-09-18T16:45:47.3414277Z branch 'main' set up to track 'origin/main'.
deployment (ubuntu-24.04-arm)	Run actions/checkout@11d5960a326750d5838078e36cf38b85af677262	2026-09-18T16:45:47.3422100Z ##[endgroup]
deployment (ubuntu-24.04-arm)	Run actions/checkout@11d5960a326750d5838078e36cf38b85af677262	2026-09-18T16:45:47.3464267Z [command]/usr/bin/git log -1 --format=%H
deployment (ubuntu-24.04-arm)	Run actions/checkout@11d5960a326750d5838078e36cf38b85af677262	2026-09-18T16:45:47.3485851Z 3a55ab854701074f6fb796ba23fe7953b67fbd8e
deployment (ubuntu-24.04-arm)	Run python3 -m unittest discover -s tests/deployment -p 'test_*.py'	﻿2026-09-18T16:45:47.3732885Z ##[group]Run python3 -m unittest discover -s tests/deployment -p 'test_*.py'
deployment (ubuntu-24.04-arm)	Run python3 -m unittest discover -s tests/deployment -p 'test_*.py'	2026-09-18T16:45:47.3734333Z [36;1mpython3 -m unittest discover -s tests/deployment -p 'test_*.py'[0m
deployment (ubuntu-24.04-arm)	Run python3 -m unittest discover -s tests/deployment -p 'test_*.py'	2026-09-18T16:45:47.3838586Z shell: /usr/bin/bash -e {0}
deployment (ubuntu-24.04-arm)	Run python3 -m unittest discover -s tests/deployment -p 'test_*.py'	2026-09-18T16:45:47.3839899Z ##[endgroup]
deployment (ubuntu-24.04-arm)	Run python3 -m unittest discover -s tests/deployment -p 'test_*.py'	2026-09-18T16:45:49.5183971Z .............
deployment (ubuntu-24.04-arm)	Run python3 -m unittest discover -s tests/deployment -p 'test_*.py'	2026-09-18T16:45:49.5184786Z ----------------------------------------------------------------------
deployment (ubuntu-24.04-arm)	Run python3 -m unittest discover -s tests/deployment -p 'test_*.py'	2026-09-18T16:45:49.5185403Z Ran 13 tests in 2.049s
deployment (ubuntu-24.04-arm)	Run python3 -m unittest discover -s tests/deployment -p 'test_*.py'	2026-09-18T16:45:49.5185710Z 
deployment (ubuntu-24.04-arm)	Run python3 -m unittest discover -s tests/deployment -p 'test_*.py'	2026-09-18T16:45:49.5185840Z OK
deployment (ubuntu-24.04-arm)	Run docker build -f Dockerfile.deploy --build-arg APP_VERSION="$GITHUB_SHA" -t wallet-smoke .	﻿2026-09-18T16:45:49.5328054Z ##[group]Run docker build -f Dockerfile.deploy --build-arg APP_VERSION="$GITHUB_SHA" -t wallet-smoke .
deployment (ubuntu-24.04-arm)	Run docker build -f Dockerfile.deploy --build-arg APP_VERSION="$GITHUB_SHA" -t wallet-smoke .	2026-09-18T16:45:49.5329897Z [36;1mdocker build -f Dockerfile.deploy --build-arg APP_VERSION="$GITHUB_SHA" -t wallet-smoke .[0m
deployment (ubuntu-24.04-arm)	Run docker build -f Dockerfile.deploy --build-arg APP_VERSION="$GITHUB_SHA" -t wallet-smoke .	2026-09-18T16:45:49.5383478Z shell: /usr/bin/bash -e {0}
deployment (ubuntu-24.04-arm)	Run docker build -f Dockerfile.deploy --build-arg APP_VERSION="$GITHUB_SHA" -t wallet-smoke .	2026-09-18T16:45:49.5384294Z ##[endgroup]
deployment (ubuntu-24.04-arm)	Run docker build -f Dockerfile.deploy --build-arg APP_VERSION="$GITHUB_SHA" -t wallet-smoke .	2026-09-18T16:45:50.0283402Z #0 building with "default" instance using docker driver
deployment (ubuntu-24.04-arm)	Run docker build -f Dockerfile.deploy --build-arg APP_VERSION="$GITHUB_SHA" -t wallet-smoke .	2026-09-18T16:45:50.0284043Z 
deployment (ubuntu-24.04-arm)	Run docker build -f Dockerfile.deploy --build-arg APP_VERSION="$GITHUB_SHA" -t wallet-smoke .	2026-09-18T16:45:50.0284316Z #1 [internal] load build definition from Dockerfile.deploy
deployment (ubuntu-24.04-arm)	Run docker build -f Dockerfile.deploy --build-arg APP_VERSION="$GITHUB_SHA" -t wallet-smoke .	2026-09-18T16:45:50.0284845Z #1 transferring dockerfile: 915B done
deployment (ubuntu-24.04-arm)	Run docker build -f Dockerfile.deploy --build-arg APP_VERSION="$GITHUB_SHA" -t wallet-smoke .	2026-09-18T16:45:50.0285376Z #1 DONE 0.0s
deployment (ubuntu-24.04-arm)	Run docker build -f Dockerfile.deploy --build-arg APP_VERSION="$GITHUB_SHA" -t wallet-smoke .	2026-09-18T16:45:50.0285545Z 
deployment (ubuntu-24.04-arm)	Run docker build -f Dockerfile.deploy --build-arg APP_VERSION="$GITHUB_SHA" -t wallet-smoke .	2026-09-18T16:45:50.0286115Z #2 [internal] load metadata for docker.io/library/golang:1.26-alpine@sha256:ce864e7223ac17b1775e6fd0b4c0db580c2eb50e7953a427916379e4b92a1628
deployment (ubuntu-24.04-arm)	Run docker build -f Dockerfile.deploy --build-arg APP_VERSION="$GITHUB_SHA" -t wallet-smoke .	2026-09-18T16:45:50.2554306Z #2 ...
deployment (ubuntu-24.04-arm)	Run docker build -f Dockerfile.deploy --build-arg APP_VERSION="$GITHUB_SHA" -t wallet-smoke .	2026-09-18T16:45:50.2555057Z 
deployment (ubuntu-24.04-arm)	Run docker build -f Dockerfile.deploy --build-arg APP_VERSION="$GITHUB_SHA" -t wallet-smoke .	2026-09-18T16:45:50.2555448Z #3 [auth] library/golang:pull token for registry-1.docker.io
deployment (ubuntu-24.04-arm)	Run docker build -f Dockerfile.deploy --build-arg APP_VERSION="$GITHUB_SHA" -t wallet-smoke .	2026-09-18T16:45:50.2556098Z #3 DONE 0.0s
deployment (ubuntu-24.04-arm)	Run docker build -f Dockerfile.deploy --build-arg APP_VERSION="$GITHUB_SHA" -t wallet-smoke .	2026-09-18T16:45:50.4057051Z 
deployment (ubuntu-24.04-arm)	Run docker build -f Dockerfile.deploy --build-arg APP_VERSION="$GITHUB_SHA" -t wallet-smoke .	2026-09-18T16:45:50.4058191Z #2 [internal] load metadata for docker.io/library/golang:1.26-alpine@sha256:ce864e7223ac17b1775e6fd0b4c0db580c2eb50e7953a427916379e4b92a1628
deployment (ubuntu-24.04-arm)	Run docker build -f Dockerfile.deploy --build-arg APP_VERSION="$GITHUB_SHA" -t wallet-smoke .	2026-09-18T16:45:50.8152240Z #2 DONE 0.9s
deployment (ubuntu-24.04-arm)	Run docker build -f Dockerfile.deploy --build-arg APP_VERSION="$GITHUB_SHA" -t wallet-smoke .	2026-09-18T16:45:50.9319415Z 
deployment (ubuntu-24.04-arm)	Run docker build -f Dockerfile.deploy --build-arg APP_VERSION="$GITHUB_SHA" -t wallet-smoke .	2026-09-18T16:45:50.9321077Z #4 [internal] load .dockerignore
deployment (ubuntu-24.04-arm)	Run docker build -f Dockerfile.deploy --build-arg APP_VERSION="$GITHUB_SHA" -t wallet-smoke .	2026-09-18T16:45:50.9321740Z #4 transferring context: 85B done
deployment (ubuntu-24.04-arm)	Run docker build -f Dockerfile.deploy --build-arg APP_VERSION="$GITHUB_SHA" -t wallet-smoke .	2026-09-18T16:45:50.9322357Z #4 DONE 0.0s
deployment (ubuntu-24.04-arm)	Run docker build -f Dockerfile.deploy --build-arg APP_VERSION="$GITHUB_SHA" -t wallet-smoke .	2026-09-18T16:45:50.9322571Z 
deployment (ubuntu-24.04-arm)	Run docker build -f Dockerfile.deploy --build-arg APP_VERSION="$GITHUB_SHA" -t wallet-smoke .	2026-09-18T16:45:50.9322688Z #5 [internal] load build context
deployment (ubuntu-24.04-arm)	Run docker build -f Dockerfile.deploy --build-arg APP_VERSION="$GITHUB_SHA" -t wallet-smoke .	2026-09-18T16:45:50.9323592Z #5 transferring context: 1.36MB 0.0s done
deployment (ubuntu-24.04-arm)	Run docker build -f Dockerfile.deploy --build-arg APP_VERSION="$GITHUB_SHA" -t wallet-smoke .	2026-09-18T16:45:50.9323962Z #5 DONE 0.0s
deployment (ubuntu-24.04-arm)	Run docker build -f Dockerfile.deploy --build-arg APP_VERSION="$GITHUB_SHA" -t wallet-smoke .	2026-09-18T16:45:50.9324126Z 
deployment (ubuntu-24.04-arm)	Run docker build -f Dockerfile.deploy --build-arg APP_VERSION="$GITHUB_SHA" -t wallet-smoke .	2026-09-18T16:45:50.9324609Z #6 [build 1/7] FROM docker.io/library/golang:1.26-alpine@sha256:ce864e7223ac17b1775e6fd0b4c0db580c2eb50e7953a427916379e4b92a1628
deployment (ubuntu-24.04-arm)	Run docker build -f Dockerfile.deploy --build-arg APP_VERSION="$GITHUB_SHA" -t wallet-smoke .	2026-09-18T16:45:50.9325520Z #6 resolve docker.io/library/golang:1.26-alpine@sha256:ce864e7223ac17b1775e6fd0b4c0db580c2eb50e7953a427916379e4b92a1628 done
deployment (ubuntu-24.04-arm)	Run docker build -f Dockerfile.deploy --build-arg APP_VERSION="$GITHUB_SHA" -t wallet-smoke .	2026-09-18T16:45:50.9326345Z #6 sha256:51fb0b9b10a77a100f12ca35704e0bf2e54f625945c6087b132491dec45b4ed6 0B / 64.22MB 0.1s
deployment (ubuntu-24.04-arm)	Run docker build -f Dockerfile.deploy --build-arg APP_VERSION="$GITHUB_SHA" -t wallet-smoke .	2026-09-18T16:45:50.9327073Z #6 sha256:a8d5405f94481ed75dd6f24fab12d03897e35208f7bf8175e1874a4169ad20be 0B / 127B 0.1s
deployment (ubuntu-24.04-arm)	Run docker build -f Dockerfile.deploy --build-arg APP_VERSION="$GITHUB_SHA" -t wallet-smoke .	2026-09-18T16:45:50.9328524Z #6 sha256:ce864e7223ac17b1775e6fd0b4c0db580c2eb50e7953a427916379e4b92a1628 10.29kB / 10.29kB done
deployment (ubuntu-24.04-arm)	Run docker build -f Dockerfile.deploy --build-arg APP_VERSION="$GITHUB_SHA" -t wallet-smoke .	2026-09-18T16:45:50.9329561Z #6 sha256:3362008f538e478c3adf65bccbd4ef1952afa42b75502aa7250db87deaa9527b 1.92kB / 1.92kB done
deployment (ubuntu-24.04-arm)	Run docker build -f Dockerfile.deploy --build-arg APP_VERSION="$GITHUB_SHA" -t wallet-smoke .	2026-09-18T16:45:50.9331421Z #6 sha256:009fa7c5b506f06ce60de91533e3273294623d5a2f5eadff138e6f232fd959c7 2.21kB / 2.21kB done
deployment (ubuntu-24.04-arm)	Run docker build -f Dockerfile.deploy --build-arg APP_VERSION="$GITHUB_SHA" -t wallet-smoke .	2026-09-18T16:45:50.9332282Z #6 sha256:7fa69db08fff75ce14eafb0f2e86e7c426b726cd4bb5e07d866cfa4c63f0615a 0B / 247.50kB 0.1s
deployment (ubuntu-24.04-arm)	Run docker build -f Dockerfile.deploy --build-arg APP_VERSION="$GITHUB_SHA" -t wallet-smoke .	2026-09-18T16:45:51.1327124Z #6 sha256:51fb0b9b10a77a100f12ca35704e0bf2e54f625945c6087b132491dec45b4ed6 14.68MB / 64.22MB 0.3s
deployment (ubuntu-24.04-arm)	Run docker build -f Dockerfile.deploy --build-arg APP_VERSION="$GITHUB_SHA" -t wallet-smoke .	2026-09-18T16:45:51.1328001Z #6 sha256:7fa69db08fff75ce14eafb0f2e86e7c426b726cd4bb5e07d866cfa4c63f0615a 247.50kB / 247.50kB 0.1s done
deployment (ubuntu-24.04-arm)	Run docker build -f Dockerfile.deploy --build-arg APP_VERSION="$GITHUB_SHA" -t wallet-smoke .	2026-09-18T16:45:51.1329395Z #6 extracting sha256:7fa69db08fff75ce14eafb0f2e86e7c426b726cd4bb5e07d866cfa4c63f0615a 0.0s done
deployment (ubuntu-24.04-arm)	Run docker build -f Dockerfile.deploy --build-arg APP_VERSION="$GITHUB_SHA" -t wallet-smoke .	2026-09-18T16:45:51.1330272Z #6 sha256:4f4fb700ef54461cfa02571ae0db9a0dc1e0cdb5577484a6d75e68dc38e8acc1 0B / 32B 0.3s
deployment (ubuntu-24.04-arm)	Run docker build -f Dockerfile.deploy --build-arg APP_VERSION="$GITHUB_SHA" -t wallet-smoke .	2026-09-18T16:45:51.2376853Z #6 sha256:51fb0b9b10a77a100f12ca35704e0bf2e54f625945c6087b132491dec45b4ed6 29.36MB / 64.22MB 0.4s
deployment (ubuntu-24.04-arm)	Run docker build -f Dockerfile.deploy --build-arg APP_VERSION="$GITHUB_SHA" -t wallet-smoke .	2026-09-18T16:45:51.2377762Z #6 sha256:a8d5405f94481ed75dd6f24fab12d03897e35208f7bf8175e1874a4169ad20be 127B / 127B 0.4s
deployment (ubuntu-24.04-arm)	Run docker build -f Dockerfile.deploy --build-arg APP_VERSION="$GITHUB_SHA" -t wallet-smoke .	2026-09-18T16:45:51.3324250Z #6 sha256:4f4fb700ef54461cfa02571ae0db9a0dc1e0cdb5577484a6d75e68dc38e8acc1 32B / 32B 0.4s
deployment (ubuntu-24.04-arm)	Run docker build -f Dockerfile.deploy --build-arg APP_VERSION="$GITHUB_SHA" -t wallet-smoke .	2026-09-18T16:45:51.4324660Z #6 sha256:51fb0b9b10a77a100f12ca35704e0bf2e54f625945c6087b132491dec45b4ed6 64.22MB / 64.22MB 0.6s
deployment (ubuntu-24.04-arm)	Run docker build -f Dockerfile.deploy --build-arg APP_VERSION="$GITHUB_SHA" -t wallet-smoke .	2026-09-18T16:45:51.4325462Z #6 sha256:4f4fb700ef54461cfa02571ae0db9a0dc1e0cdb5577484a6d75e68dc38e8acc1 32B / 32B 0.6s done
deployment (ubuntu-24.04-arm)	Run docker build -f Dockerfile.deploy --build-arg APP_VERSION="$GITHUB_SHA" -t wallet-smoke .	2026-09-18T16:45:51.6322229Z #6 sha256:a8d5405f94481ed75dd6f24fab12d03897e35208f7bf8175e1874a4169ad20be 127B / 127B 0.6s done
deployment (ubuntu-24.04-arm)	Run docker build -f Dockerfile.deploy --build-arg APP_VERSION="$GITHUB_SHA" -t wallet-smoke .	2026-09-18T16:45:51.7716174Z #6 extracting sha256:51fb0b9b10a77a100f12ca35704e0bf2e54f625945c6087b132491dec45b4ed6
deployment (ubuntu-24.04-arm)	Run docker build -f Dockerfile.deploy --build-arg APP_VERSION="$GITHUB_SHA" -t wallet-smoke .	2026-09-18T16:45:51.8723494Z #6 sha256:51fb0b9b10a77a100f12ca35704e0bf2e54f625945c6087b132491dec45b4ed6 64.22MB / 64.22MB 0.9s done
deployment (ubuntu-24.04-arm)	Run docker build -f Dockerfile.deploy --build-arg APP_VERSION="$GITHUB_SHA" -t wallet-smoke .	2026-09-18T16:45:55.2878397Z #6 extracting sha256:51fb0b9b10a77a100f12ca35704e0bf2e54f625945c6087b132491dec45b4ed6 3.5s done
deployment (ubuntu-24.04-arm)	Run docker build -f Dockerfile.deploy --build-arg APP_VERSION="$GITHUB_SHA" -t wallet-smoke .	2026-09-18T16:45:56.4297190Z #6 extracting sha256:a8d5405f94481ed75dd6f24fab12d03897e35208f7bf8175e1874a4169ad20be
deployment (ubuntu-24.04-arm)	Run docker build -f Dockerfile.deploy --build-arg APP_VERSION="$GITHUB_SHA" -t wallet-smoke .	2026-09-18T16:45:56.6389094Z #6 extracting sha256:a8d5405f94481ed75dd6f24fab12d03897e35208f7bf8175e1874a4169ad20be done
deployment (ubuntu-24.04-arm)	Run docker build -f Dockerfile.deploy --build-arg APP_VERSION="$GITHUB_SHA" -t wallet-smoke .	2026-09-18T16:45:56.6389886Z #6 extracting sha256:4f4fb700ef54461cfa02571ae0db9a0dc1e0cdb5577484a6d75e68dc38e8acc1 done
deployment (ubuntu-24.04-arm)	Run docker build -f Dockerfile.deploy --build-arg APP_VERSION="$GITHUB_SHA" -t wallet-smoke .	2026-09-18T16:45:56.6390784Z #6 DONE 5.6s
deployment (ubuntu-24.04-arm)	Run docker build -f Dockerfile.deploy --build-arg APP_VERSION="$GITHUB_SHA" -t wallet-smoke .	2026-09-18T16:45:56.6390941Z 
deployment (ubuntu-24.04-arm)	Run docker build -f Dockerfile.deploy --build-arg APP_VERSION="$GITHUB_SHA" -t wallet-smoke .	2026-09-18T16:45:56.6391057Z #7 [build 2/7] WORKDIR /src
deployment (ubuntu-24.04-arm)	Run docker build -f Dockerfile.deploy --build-arg APP_VERSION="$GITHUB_SHA" -t wallet-smoke .	2026-09-18T16:45:56.6391367Z #7 DONE 0.0s
deployment (ubuntu-24.04-arm)	Run docker build -f Dockerfile.deploy --build-arg APP_VERSION="$GITHUB_SHA" -t wallet-smoke .	2026-09-18T16:45:56.6391514Z 
deployment (ubuntu-24.04-arm)	Run docker build -f Dockerfile.deploy --build-arg APP_VERSION="$GITHUB_SHA" -t wallet-smoke .	2026-09-18T16:45:56.6391644Z #8 [build 3/7] COPY go.mod go.sum ./
deployment (ubuntu-24.04-arm)	Run docker build -f Dockerfile.deploy --build-arg APP_VERSION="$GITHUB_SHA" -t wallet-smoke .	2026-09-18T16:45:56.6391944Z #8 DONE 0.0s
deployment (ubuntu-24.04-arm)	Run docker build -f Dockerfile.deploy --build-arg APP_VERSION="$GITHUB_SHA" -t wallet-smoke .	2026-09-18T16:45:56.6392091Z 
deployment (ubuntu-24.04-arm)	Run docker build -f Dockerfile.deploy --build-arg APP_VERSION="$GITHUB_SHA" -t wallet-smoke .	2026-09-18T16:45:56.6392228Z #9 [build 4/7] RUN go mod download
deployment (ubuntu-24.04-arm)	Run docker build -f Dockerfile.deploy --build-arg APP_VERSION="$GITHUB_SHA" -t wallet-smoke .	2026-09-18T16:46:03.6138204Z #9 DONE 7.1s
deployment (ubuntu-24.04-arm)	Run docker build -f Dockerfile.deploy --build-arg APP_VERSION="$GITHUB_SHA" -t wallet-smoke .	2026-09-18T16:46:03.7943752Z 
deployment (ubuntu-24.04-arm)	Run docker build -f Dockerfile.deploy --build-arg APP_VERSION="$GITHUB_SHA" -t wallet-smoke .	2026-09-18T16:46:03.7944561Z #10 [build 5/7] COPY cmd/ ./cmd/
deployment (ubuntu-24.04-arm)	Run docker build -f Dockerfile.deploy --build-arg APP_VERSION="$GITHUB_SHA" -t wallet-smoke .	2026-09-18T16:46:03.7945221Z #10 DONE 0.0s
deployment (ubuntu-24.04-arm)	Run docker build -f Dockerfile.deploy --build-arg APP_VERSION="$GITHUB_SHA" -t wallet-smoke .	2026-09-18T16:46:03.7945441Z 
deployment (ubuntu-24.04-arm)	Run docker build -f Dockerfile.deploy --build-arg APP_VERSION="$GITHUB_SHA" -t wallet-smoke .	2026-09-18T16:46:03.7945607Z #11 [build 6/7] COPY internal/ ./internal/
deployment (ubuntu-24.04-arm)	Run docker build -f Dockerfile.deploy --build-arg APP_VERSION="$GITHUB_SHA" -t wallet-smoke .	2026-09-18T16:46:03.7950194Z #11 DONE 0.0s
deployment (ubuntu-24.04-arm)	Run docker build -f Dockerfile.deploy --build-arg APP_VERSION="$GITHUB_SHA" -t wallet-smoke .	2026-09-18T16:46:03.7950622Z 
deployment (ubuntu-24.04-arm)	Run docker build -f Dockerfile.deploy --build-arg APP_VERSION="$GITHUB_SHA" -t wallet-smoke .	2026-09-18T16:46:03.7951224Z #12 [build 7/7] RUN CGO_ENABLED=0 go build -trimpath -ldflags="-s -w -X main.version=3a55ab854701074f6fb796ba23fe7953b67fbd8e" -o /out/wallet ./cmd/testnet-wallet-lab
deployment (ubuntu-24.04-arm)	Run docker build -f Dockerfile.deploy --build-arg APP_VERSION="$GITHUB_SHA" -t wallet-smoke .	2026-09-18T16:46:19.3061668Z #12 DONE 15.7s
deployment (ubuntu-24.04-arm)	Run docker build -f Dockerfile.deploy --build-arg APP_VERSION="$GITHUB_SHA" -t wallet-smoke .	2026-09-18T16:46:19.5399100Z 
deployment (ubuntu-24.04-arm)	Run docker build -f Dockerfile.deploy --build-arg APP_VERSION="$GITHUB_SHA" -t wallet-smoke .	2026-09-18T16:46:19.5400061Z #13 [stage-1 1/2] COPY --from=build /etc/ssl/certs/ca-certificates.crt /etc/ssl/certs/ca-certificates.crt
deployment (ubuntu-24.04-arm)	Run docker build -f Dockerfile.deploy --build-arg APP_VERSION="$GITHUB_SHA" -t wallet-smoke .	2026-09-18T16:46:19.5400838Z #13 DONE 0.0s
deployment (ubuntu-24.04-arm)	Run docker build -f Dockerfile.deploy --build-arg APP_VERSION="$GITHUB_SHA" -t wallet-smoke .	2026-09-18T16:46:19.5400983Z 
deployment (ubuntu-24.04-arm)	Run docker build -f Dockerfile.deploy --build-arg APP_VERSION="$GITHUB_SHA" -t wallet-smoke .	2026-09-18T16:46:19.5401119Z #14 [stage-1 2/2] COPY --from=build /out/wallet /wallet
deployment (ubuntu-24.04-arm)	Run docker build -f Dockerfile.deploy --build-arg APP_VERSION="$GITHUB_SHA" -t wallet-smoke .	2026-09-18T16:46:19.5401430Z #14 DONE 0.1s
deployment (ubuntu-24.04-arm)	Run docker build -f Dockerfile.deploy --build-arg APP_VERSION="$GITHUB_SHA" -t wallet-smoke .	2026-09-18T16:46:19.5401624Z 
deployment (ubuntu-24.04-arm)	Run docker build -f Dockerfile.deploy --build-arg APP_VERSION="$GITHUB_SHA" -t wallet-smoke .	2026-09-18T16:46:19.5401754Z #15 exporting to image
deployment (ubuntu-24.04-arm)	Run docker build -f Dockerfile.deploy --build-arg APP_VERSION="$GITHUB_SHA" -t wallet-smoke .	2026-09-18T16:46:19.5402049Z #15 exporting layers
deployment (ubuntu-24.04-arm)	Run docker build -f Dockerfile.deploy --build-arg APP_VERSION="$GITHUB_SHA" -t wallet-smoke .	2026-09-18T16:46:20.0050221Z #15 exporting layers 0.6s done
deployment (ubuntu-24.04-arm)	Run docker build -f Dockerfile.deploy --build-arg APP_VERSION="$GITHUB_SHA" -t wallet-smoke .	2026-09-18T16:46:20.0254749Z #15 writing image sha256:1908a4586555bc0e743e3bc283b1c9fc903477e0b44690e57c224c737f4c4245 done
deployment (ubuntu-24.04-arm)	Run docker build -f Dockerfile.deploy --build-arg APP_VERSION="$GITHUB_SHA" -t wallet-smoke .	2026-09-18T16:46:20.0255364Z #15 naming to docker.io/library/wallet-smoke done
deployment (ubuntu-24.04-arm)	Run docker build -f Dockerfile.deploy --build-arg APP_VERSION="$GITHUB_SHA" -t wallet-smoke .	2026-09-18T16:46:20.0255680Z #15 DONE 0.6s
deployment (ubuntu-24.04-arm)	Run python3 tests/deployment/smoke.py wallet-smoke "$GITHUB_SHA"	﻿2026-09-18T16:46:20.0352725Z ##[group]Run python3 tests/deployment/smoke.py wallet-smoke "$GITHUB_SHA"
deployment (ubuntu-24.04-arm)	Run python3 tests/deployment/smoke.py wallet-smoke "$GITHUB_SHA"	2026-09-18T16:46:20.0353495Z [36;1mpython3 tests/deployment/smoke.py wallet-smoke "$GITHUB_SHA"[0m
deployment (ubuntu-24.04-arm)	Run python3 tests/deployment/smoke.py wallet-smoke "$GITHUB_SHA"	2026-09-18T16:46:20.0393146Z shell: /usr/bin/bash -e {0}
deployment (ubuntu-24.04-arm)	Run python3 tests/deployment/smoke.py wallet-smoke "$GITHUB_SHA"	2026-09-18T16:46:20.0393585Z ##[endgroup]
deployment (ubuntu-24.04-arm)	Run python3 tests/deployment/smoke.py wallet-smoke "$GITHUB_SHA"	2026-09-18T16:46:20.1161368Z Unable to find image 'golang:1.26-alpine@sha256:ce864e7223ac17b1775e6fd0b4c0db580c2eb50e7953a427916379e4b92a1628' locally
deployment (ubuntu-24.04-arm)	Run python3 tests/deployment/smoke.py wallet-smoke "$GITHUB_SHA"	2026-09-18T16:46:20.7768388Z docker.io/library/golang@sha256:ce864e7223ac17b1775e6fd0b4c0db580c2eb50e7953a427916379e4b92a1628: Pulling from library/golang
deployment (ubuntu-24.04-arm)	Run python3 tests/deployment/smoke.py wallet-smoke "$GITHUB_SHA"	2026-09-18T16:46:21.0442090Z 5de55e5ef9c0: Already exists
deployment (ubuntu-24.04-arm)	Run python3 tests/deployment/smoke.py wallet-smoke "$GITHUB_SHA"	2026-09-18T16:46:21.0453863Z 7fa69db08fff: Already exists
deployment (ubuntu-24.04-arm)	Run python3 tests/deployment/smoke.py wallet-smoke "$GITHUB_SHA"	2026-09-18T16:46:21.0472689Z 51fb0b9b10a7: Already exists
deployment (ubuntu-24.04-arm)	Run python3 tests/deployment/smoke.py wallet-smoke "$GITHUB_SHA"	2026-09-18T16:46:21.0488253Z a8d5405f9448: Already exists
deployment (ubuntu-24.04-arm)	Run python3 tests/deployment/smoke.py wallet-smoke "$GITHUB_SHA"	2026-09-18T16:46:21.0500288Z 4f4fb700ef54: Already exists
deployment (ubuntu-24.04-arm)	Run python3 tests/deployment/smoke.py wallet-smoke "$GITHUB_SHA"	2026-09-18T16:46:21.2799456Z Digest: sha256:ce864e7223ac17b1775e6fd0b4c0db580c2eb50e7953a427916379e4b92a1628
deployment (ubuntu-24.04-arm)	Run python3 tests/deployment/smoke.py wallet-smoke "$GITHUB_SHA"	2026-09-18T16:46:21.2809052Z Status: Downloaded newer image for golang@sha256:ce864e7223ac17b1775e6fd0b4c0db580c2eb50e7953a427916379e4b92a1628
deployment (ubuntu-24.04-arm)	Run python3 tests/deployment/smoke.py wallet-smoke "$GITHUB_SHA"	2026-09-18T16:47:05.7394685Z PASS: anonymous named wallet initialization, password-protected backup and persistence
deployment (ubuntu-24.04-arm)	Run python3 tests/deployment/smoke.py wallet-smoke "$GITHUB_SHA"	2026-09-18T16:47:05.7395801Z PASS: SOL/TRX operator initialization, anonymous access, password checks and container replacement persistence
deployment (ubuntu-24.04-arm)	Run python3 tests/deployment/smoke.py wallet-smoke "$GITHUB_SHA"	2026-09-18T16:47:05.7396659Z PASS: shared mode uses same wallet without login; password and management restrictions verified
deployment (ubuntu-24.04-arm)	Run python3 tests/deployment/smoke.py wallet-smoke "$GITHUB_SHA"	2026-09-18T16:47:05.7397436Z PASS: real image, non-root/read-only runtime, login/CSRF, container replacement persistence, stale session rejection; no live RPC
deployment (ubuntu-24.04-arm)	Post Run actions/checkout@11d5960a326750d5838078e36cf38b85af677262	﻿2026-09-18T16:47:05.7627072Z Node 20 is being deprecated. This workflow is running with Node 24 by default. If you need to temporarily use Node 20, you can set the ACTIONS_ALLOW_USE_UNSECURE_NODE_VERSION=true environment variable. For more information see: https://github.blog/changelog/2025-09-19-deprecation-of-node-20-on-github-actions-runners/
deployment (ubuntu-24.04-arm)	Post Run actions/checkout@11d5960a326750d5838078e36cf38b85af677262	2026-09-18T16:47:05.7629449Z Post job cleanup.
deployment (ubuntu-24.04-arm)	Post Run actions/checkout@11d5960a326750d5838078e36cf38b85af677262	2026-09-18T16:47:05.8368034Z [command]/usr/bin/git version
deployment (ubuntu-24.04-arm)	Post Run actions/checkout@11d5960a326750d5838078e36cf38b85af677262	2026-09-18T16:47:05.8408535Z git version 2.55.0
deployment (ubuntu-24.04-arm)	Post Run actions/checkout@11d5960a326750d5838078e36cf38b85af677262	2026-09-18T16:47:05.8443679Z Temporarily overriding HOME='/home/runner/work/_temp/2ac8e2f2-514f-4bf9-8c7e-761d44603929' before making global git config changes
deployment (ubuntu-24.04-arm)	Post Run actions/checkout@11d5960a326750d5838078e36cf38b85af677262	2026-09-18T16:47:05.8444645Z Adding repository directory to the temporary git global config as a safe directory
deployment (ubuntu-24.04-arm)	Post Run actions/checkout@11d5960a326750d5838078e36cf38b85af677262	2026-09-18T16:47:05.8448607Z [command]/usr/bin/git config --global --add safe.directory /home/runner/work/testnet-wallet-lab/testnet-wallet-lab
deployment (ubuntu-24.04-arm)	Post Run actions/checkout@11d5960a326750d5838078e36cf38b85af677262	2026-09-18T16:47:05.8486175Z [command]/usr/bin/git config --local --name-only --get-regexp core\.sshCommand
deployment (ubuntu-24.04-arm)	Post Run actions/checkout@11d5960a326750d5838078e36cf38b85af677262	2026-09-18T16:47:05.8518070Z [command]/usr/bin/git submodule foreach --recursive sh -c "git config --local --name-only --get-regexp 'core\.sshCommand' && git config --local --unset-all 'core.sshCommand' || :"
deployment (ubuntu-24.04-arm)	Post Run actions/checkout@11d5960a326750d5838078e36cf38b85af677262	2026-09-18T16:47:05.8733765Z [command]/usr/bin/git config --local --name-only --get-regexp http\.https\:\/\/github\.com\/\.extraheader
deployment (ubuntu-24.04-arm)	Post Run actions/checkout@11d5960a326750d5838078e36cf38b85af677262	2026-09-18T16:47:05.8759412Z http.https://github.com/.extraheader
deployment (ubuntu-24.04-arm)	Post Run actions/checkout@11d5960a326750d5838078e36cf38b85af677262	2026-09-18T16:47:05.8769679Z [command]/usr/bin/git config --local --unset-all http.https://github.com/.extraheader
deployment (ubuntu-24.04-arm)	Post Run actions/checkout@11d5960a326750d5838078e36cf38b85af677262	2026-09-18T16:47:05.8803404Z [command]/usr/bin/git submodule foreach --recursive sh -c "git config --local --name-only --get-regexp 'http\.https\:\/\/github\.com\/\.extraheader' && git config --local --unset-all 'http.https://github.com/.extraheader' || :"
deployment (ubuntu-24.04-arm)	Post Run actions/checkout@11d5960a326750d5838078e36cf38b85af677262	2026-09-18T16:47:05.9012614Z [command]/usr/bin/git config --local --name-only --get-regexp ^includeIf\.gitdir:
deployment (ubuntu-24.04-arm)	Post Run actions/checkout@11d5960a326750d5838078e36cf38b85af677262	2026-09-18T16:47:05.9046558Z [command]/usr/bin/git submodule foreach --recursive git config --local --show-origin --name-only --get-regexp remote.origin.url
deployment (ubuntu-24.04-arm)	Complete job	﻿2026-09-18T16:47:05.9409855Z Cleaning up orphan processes
deployment (ubuntu-24.04-arm)	Complete job	2026-09-18T16:47:05.9763690Z ##[warning]Node.js 20 is deprecated. The following actions target Node.js 20 but are being forced to run on Node.js 24: actions/checkout@11d5960a326750d5838078e36cf38b85af677262. For more information see: https://github.blog/changelog/2025-09-19-deprecation-of-node-20-on-github-actions-runners/
solidity	Set up job	﻿2026-09-18T16:45:42.7583050Z Current runner version: '2.337.0'
solidity	Set up job	2026-09-18T16:45:42.7598612Z ##[group]Runner Image Provisioner
solidity	Set up job	2026-09-18T16:45:42.7599137Z Hosted Compute Agent
solidity	Set up job	2026-09-18T16:45:42.7599564Z Version: 20260828.587
solidity	Set up job	2026-09-18T16:45:42.7599972Z Commit: abac92662cab4cc7352de4f9f9d2e2419aad9c29
solidity	Set up job	2026-09-18T16:45:42.7600410Z Build Date: 2026-08-28T16:44:25Z
solidity	Set up job	2026-09-18T16:45:42.7600816Z Worker ID: {3a6ac495-b5bb-4ddb-8bfc-7d7d15a81e49}
solidity	Set up job	2026-09-18T16:45:42.7601229Z Azure Region: centralus
solidity	Set up job	2026-09-18T16:45:42.7601629Z ##[endgroup]
solidity	Set up job	2026-09-18T16:45:42.7602391Z ##[group]Operating System
solidity	Set up job	2026-09-18T16:45:42.7602735Z Ubuntu
solidity	Set up job	2026-09-18T16:45:42.7603086Z 24.04.5
solidity	Set up job	2026-09-18T16:45:42.7603390Z LTS
solidity	Set up job	2026-09-18T16:45:42.7603736Z ##[endgroup]
solidity	Set up job	2026-09-18T16:45:42.7604090Z ##[group]Runner Image
solidity	Set up job	2026-09-18T16:45:42.7604418Z Image: ubuntu-24.04
solidity	Set up job	2026-09-18T16:45:42.7604788Z Version: 20260907.300.1
solidity	Set up job	2026-09-18T16:45:42.7605497Z Included Software: https://github.com/actions/runner-images/blob/ubuntu24/20260907.300/images/ubuntu/Ubuntu2404-Readme.md
solidity	Set up job	2026-09-18T16:45:42.7606512Z Image Release: https://github.com/actions/runner-images/releases/tag/ubuntu24%2F20260907.300
solidity	Set up job	2026-09-18T16:45:42.7607040Z ##[endgroup]
solidity	Set up job	2026-09-18T16:45:42.7607693Z ##[group]GITHUB_TOKEN Permissions
solidity	Set up job	2026-09-18T16:45:42.7608975Z Contents: read
solidity	Set up job	2026-09-18T16:45:42.7609378Z Metadata: read
solidity	Set up job	2026-09-18T16:45:42.7609696Z ##[endgroup]
solidity	Set up job	2026-09-18T16:45:42.7611129Z Secret source: Actions
solidity	Set up job	2026-09-18T16:45:42.7611704Z Cache mode: write
solidity	Set up job	2026-09-18T16:45:42.7612108Z Prepare workflow directory
solidity	Set up job	2026-09-18T16:45:42.7826380Z Prepare all required actions
solidity	Set up job	2026-09-18T16:45:42.7855501Z Getting action download info
solidity	Set up job	2026-09-18T16:45:42.9806496Z Download action repository 'actions/checkout@11d5960a326750d5838078e36cf38b85af677262' (SHA:11d5960a326750d5838078e36cf38b85af677262)
solidity	Set up job	2026-09-18T16:45:43.5192919Z Download action repository 'actions/setup-node@49933ea5288caeca8642d1e84afbd3f7d6820020' (SHA:49933ea5288caeca8642d1e84afbd3f7d6820020)
solidity	Set up job	2026-09-18T16:45:43.7328890Z Complete job name: solidity
solidity	Run actions/checkout@11d5960a326750d5838078e36cf38b85af677262	﻿2026-09-18T16:45:43.7831282Z Node 20 is being deprecated. This workflow is running with Node 24 by default. If you need to temporarily use Node 20, you can set the ACTIONS_ALLOW_USE_UNSECURE_NODE_VERSION=true environment variable. For more information see: https://github.blog/changelog/2025-09-19-deprecation-of-node-20-on-github-actions-runners/
solidity	Run actions/checkout@11d5960a326750d5838078e36cf38b85af677262	2026-09-18T16:45:43.7837153Z ##[group]Run actions/checkout@11d5960a326750d5838078e36cf38b85af677262
solidity	Run actions/checkout@11d5960a326750d5838078e36cf38b85af677262	2026-09-18T16:45:43.7837674Z with:
solidity	Run actions/checkout@11d5960a326750d5838078e36cf38b85af677262	2026-09-18T16:45:43.7837969Z   repository: a861252012/testnet-wallet-lab
solidity	Run actions/checkout@11d5960a326750d5838078e36cf38b85af677262	2026-09-18T16:45:43.7840291Z   token: ***
solidity	Run actions/checkout@11d5960a326750d5838078e36cf38b85af677262	2026-09-18T16:45:43.7840558Z   ssh-strict: true
solidity	Run actions/checkout@11d5960a326750d5838078e36cf38b85af677262	2026-09-18T16:45:43.7840834Z   ssh-user: git
solidity	Run actions/checkout@11d5960a326750d5838078e36cf38b85af677262	2026-09-18T16:45:43.7841114Z   persist-credentials: true
solidity	Run actions/checkout@11d5960a326750d5838078e36cf38b85af677262	2026-09-18T16:45:43.7841418Z   clean: true
solidity	Run actions/checkout@11d5960a326750d5838078e36cf38b85af677262	2026-09-18T16:45:43.7841696Z   sparse-checkout-cone-mode: true
solidity	Run actions/checkout@11d5960a326750d5838078e36cf38b85af677262	2026-09-18T16:45:43.7842023Z   fetch-depth: 1
solidity	Run actions/checkout@11d5960a326750d5838078e36cf38b85af677262	2026-09-18T16:45:43.7842294Z   fetch-tags: false
solidity	Run actions/checkout@11d5960a326750d5838078e36cf38b85af677262	2026-09-18T16:45:43.7842571Z   show-progress: true
solidity	Run actions/checkout@11d5960a326750d5838078e36cf38b85af677262	2026-09-18T16:45:43.7842862Z   lfs: false
solidity	Run actions/checkout@11d5960a326750d5838078e36cf38b85af677262	2026-09-18T16:45:43.7843176Z   submodules: false
solidity	Run actions/checkout@11d5960a326750d5838078e36cf38b85af677262	2026-09-18T16:45:43.7843453Z   set-safe-directory: true
solidity	Run actions/checkout@11d5960a326750d5838078e36cf38b85af677262	2026-09-18T16:45:43.7843765Z   allow-unsafe-pr-checkout: false
solidity	Run actions/checkout@11d5960a326750d5838078e36cf38b85af677262	2026-09-18T16:45:43.7844167Z ##[endgroup]
solidity	Run actions/checkout@11d5960a326750d5838078e36cf38b85af677262	2026-09-18T16:45:43.8503071Z Syncing repository: a861252012/testnet-wallet-lab
solidity	Run actions/checkout@11d5960a326750d5838078e36cf38b85af677262	2026-09-18T16:45:43.8504342Z ##[group]Getting Git version info
solidity	Run actions/checkout@11d5960a326750d5838078e36cf38b85af677262	2026-09-18T16:45:43.8504871Z Working directory is '/home/runner/work/testnet-wallet-lab/testnet-wallet-lab'
solidity	Run actions/checkout@11d5960a326750d5838078e36cf38b85af677262	2026-09-18T16:45:43.8505696Z [command]/usr/bin/git version
solidity	Run actions/checkout@11d5960a326750d5838078e36cf38b85af677262	2026-09-18T16:45:43.9609131Z git version 2.55.0
solidity	Run actions/checkout@11d5960a326750d5838078e36cf38b85af677262	2026-09-18T16:45:43.9622158Z ##[endgroup]
solidity	Run actions/checkout@11d5960a326750d5838078e36cf38b85af677262	2026-09-18T16:45:43.9632556Z Temporarily overriding HOME='/home/runner/work/_temp/8a512009-ba2e-40e2-81c7-a2ff405604fd' before making global git config changes
solidity	Run actions/checkout@11d5960a326750d5838078e36cf38b85af677262	2026-09-18T16:45:43.9636307Z Adding repository directory to the temporary git global config as a safe directory
solidity	Run actions/checkout@11d5960a326750d5838078e36cf38b85af677262	2026-09-18T16:45:43.9637305Z [command]/usr/bin/git config --global --add safe.directory /home/runner/work/testnet-wallet-lab/testnet-wallet-lab
solidity	Run actions/checkout@11d5960a326750d5838078e36cf38b85af677262	2026-09-18T16:45:43.9867379Z Deleting the contents of '/home/runner/work/testnet-wallet-lab/testnet-wallet-lab'
solidity	Run actions/checkout@11d5960a326750d5838078e36cf38b85af677262	2026-09-18T16:45:43.9870748Z ##[group]Initializing the repository
solidity	Run actions/checkout@11d5960a326750d5838078e36cf38b85af677262	2026-09-18T16:45:43.9873956Z [command]/usr/bin/git init /home/runner/work/testnet-wallet-lab/testnet-wallet-lab
solidity	Run actions/checkout@11d5960a326750d5838078e36cf38b85af677262	2026-09-18T16:45:44.0366924Z hint: Using 'master' as the name for the initial branch. This default branch name
solidity	Run actions/checkout@11d5960a326750d5838078e36cf38b85af677262	2026-09-18T16:45:44.0367720Z hint: will change to "main" in Git 3.0. To configure the initial branch name
solidity	Run actions/checkout@11d5960a326750d5838078e36cf38b85af677262	2026-09-18T16:45:44.0368265Z hint: to use in all of your new repositories, which will suppress this warning,
solidity	Run actions/checkout@11d5960a326750d5838078e36cf38b85af677262	2026-09-18T16:45:44.0368699Z hint: call:
solidity	Run actions/checkout@11d5960a326750d5838078e36cf38b85af677262	2026-09-18T16:45:44.0368937Z hint:
solidity	Run actions/checkout@11d5960a326750d5838078e36cf38b85af677262	2026-09-18T16:45:44.0369264Z hint: 	git config --global init.defaultBranch <name>
solidity	Run actions/checkout@11d5960a326750d5838078e36cf38b85af677262	2026-09-18T16:45:44.0369620Z hint:
solidity	Run actions/checkout@11d5960a326750d5838078e36cf38b85af677262	2026-09-18T16:45:44.0369951Z hint: Names commonly chosen instead of 'master' are 'main', 'trunk' and
solidity	Run actions/checkout@11d5960a326750d5838078e36cf38b85af677262	2026-09-18T16:45:44.0370480Z hint: 'development'. The just-created branch can be renamed via this command:
solidity	Run actions/checkout@11d5960a326750d5838078e36cf38b85af677262	2026-09-18T16:45:44.0370971Z hint:
solidity	Run actions/checkout@11d5960a326750d5838078e36cf38b85af677262	2026-09-18T16:45:44.0371215Z hint: 	git branch -m <name>
solidity	Run actions/checkout@11d5960a326750d5838078e36cf38b85af677262	2026-09-18T16:45:44.0371488Z hint:
solidity	Run actions/checkout@11d5960a326750d5838078e36cf38b85af677262	2026-09-18T16:45:44.0371861Z hint: Disable this message with "git config set advice.defaultBranchName false"
solidity	Run actions/checkout@11d5960a326750d5838078e36cf38b85af677262	2026-09-18T16:45:44.0376714Z Initialized empty Git repository in /home/runner/work/testnet-wallet-lab/testnet-wallet-lab/.git/
solidity	Run actions/checkout@11d5960a326750d5838078e36cf38b85af677262	2026-09-18T16:45:44.0384518Z [command]/usr/bin/git remote add origin https://github.com/a861252012/testnet-wallet-lab
solidity	Run actions/checkout@11d5960a326750d5838078e36cf38b85af677262	2026-09-18T16:45:44.0607039Z ##[endgroup]
solidity	Run actions/checkout@11d5960a326750d5838078e36cf38b85af677262	2026-09-18T16:45:44.0607554Z ##[group]Disabling automatic garbage collection
solidity	Run actions/checkout@11d5960a326750d5838078e36cf38b85af677262	2026-09-18T16:45:44.0609544Z [command]/usr/bin/git config --local gc.auto 0
solidity	Run actions/checkout@11d5960a326750d5838078e36cf38b85af677262	2026-09-18T16:45:44.0634910Z ##[endgroup]
solidity	Run actions/checkout@11d5960a326750d5838078e36cf38b85af677262	2026-09-18T16:45:44.0635409Z ##[group]Setting up auth
solidity	Run actions/checkout@11d5960a326750d5838078e36cf38b85af677262	2026-09-18T16:45:44.0640263Z [command]/usr/bin/git config --local --name-only --get-regexp core\.sshCommand
solidity	Run actions/checkout@11d5960a326750d5838078e36cf38b85af677262	2026-09-18T16:45:44.0663780Z [command]/usr/bin/git submodule foreach --recursive sh -c "git config --local --name-only --get-regexp 'core\.sshCommand' && git config --local --unset-all 'core.sshCommand' || :"
solidity	Run actions/checkout@11d5960a326750d5838078e36cf38b85af677262	2026-09-18T16:45:44.2358300Z [command]/usr/bin/git config --local --name-only --get-regexp http\.https\:\/\/github\.com\/\.extraheader
solidity	Run actions/checkout@11d5960a326750d5838078e36cf38b85af677262	2026-09-18T16:45:44.2384649Z [command]/usr/bin/git submodule foreach --recursive sh -c "git config --local --name-only --get-regexp 'http\.https\:\/\/github\.com\/\.extraheader' && git config --local --unset-all 'http.https://github.com/.extraheader' || :"
solidity	Run actions/checkout@11d5960a326750d5838078e36cf38b85af677262	2026-09-18T16:45:44.2551080Z [command]/usr/bin/git config --local --name-only --get-regexp ^includeIf\.gitdir:
solidity	Run actions/checkout@11d5960a326750d5838078e36cf38b85af677262	2026-09-18T16:45:44.2576138Z [command]/usr/bin/git submodule foreach --recursive git config --local --show-origin --name-only --get-regexp remote.origin.url
solidity	Run actions/checkout@11d5960a326750d5838078e36cf38b85af677262	2026-09-18T16:45:44.2737784Z [command]/usr/bin/git config --local http.https://github.com/.extraheader AUTHORIZATION: basic ***
solidity	Run actions/checkout@11d5960a326750d5838078e36cf38b85af677262	2026-09-18T16:45:44.2762980Z ##[endgroup]
solidity	Run actions/checkout@11d5960a326750d5838078e36cf38b85af677262	2026-09-18T16:45:44.2764282Z ##[group]Fetching the repository
solidity	Run actions/checkout@11d5960a326750d5838078e36cf38b85af677262	2026-09-18T16:45:44.2769950Z [command]/usr/bin/git -c protocol.version=2 fetch --no-tags --prune --no-recurse-submodules --depth=1 origin +3a55ab854701074f6fb796ba23fe7953b67fbd8e:refs/remotes/origin/main
solidity	Run actions/checkout@11d5960a326750d5838078e36cf38b85af677262	2026-09-18T16:45:44.9994692Z From https://github.com/a861252012/testnet-wallet-lab
solidity	Run actions/checkout@11d5960a326750d5838078e36cf38b85af677262	2026-09-18T16:45:44.9996493Z  * [new ref]         3a55ab854701074f6fb796ba23fe7953b67fbd8e -> origin/main
solidity	Run actions/checkout@11d5960a326750d5838078e36cf38b85af677262	2026-09-18T16:45:45.0000018Z ##[endgroup]
solidity	Run actions/checkout@11d5960a326750d5838078e36cf38b85af677262	2026-09-18T16:45:45.0001534Z ##[group]Determining the checkout info
solidity	Run actions/checkout@11d5960a326750d5838078e36cf38b85af677262	2026-09-18T16:45:45.0003238Z ##[endgroup]
solidity	Run actions/checkout@11d5960a326750d5838078e36cf38b85af677262	2026-09-18T16:45:45.0004909Z [command]/usr/bin/git sparse-checkout disable
solidity	Run actions/checkout@11d5960a326750d5838078e36cf38b85af677262	2026-09-18T16:45:45.0154306Z [command]/usr/bin/git config --local --unset-all extensions.worktreeConfig
solidity	Run actions/checkout@11d5960a326750d5838078e36cf38b85af677262	2026-09-18T16:45:45.0178024Z ##[group]Checking out the ref
solidity	Run actions/checkout@11d5960a326750d5838078e36cf38b85af677262	2026-09-18T16:45:45.0179816Z [command]/usr/bin/git checkout --progress --force -B main refs/remotes/origin/main
solidity	Run actions/checkout@11d5960a326750d5838078e36cf38b85af677262	2026-09-18T16:45:45.0336164Z Switched to a new branch 'main'
solidity	Run actions/checkout@11d5960a326750d5838078e36cf38b85af677262	2026-09-18T16:45:45.0340541Z branch 'main' set up to track 'origin/main'.
solidity	Run actions/checkout@11d5960a326750d5838078e36cf38b85af677262	2026-09-18T16:45:45.0345349Z ##[endgroup]
solidity	Run actions/checkout@11d5960a326750d5838078e36cf38b85af677262	2026-09-18T16:45:45.0371554Z [command]/usr/bin/git log -1 --format=%H
solidity	Run actions/checkout@11d5960a326750d5838078e36cf38b85af677262	2026-09-18T16:45:45.0388183Z 3a55ab854701074f6fb796ba23fe7953b67fbd8e
solidity	Run actions/setup-node@49933ea5288caeca8642d1e84afbd3f7d6820020	﻿2026-09-18T16:45:45.0629595Z Node 20 is being deprecated. This workflow is running with Node 24 by default. If you need to temporarily use Node 20, you can set the ACTIONS_ALLOW_USE_UNSECURE_NODE_VERSION=true environment variable. For more information see: https://github.blog/changelog/2025-09-19-deprecation-of-node-20-on-github-actions-runners/
solidity	Run actions/setup-node@49933ea5288caeca8642d1e84afbd3f7d6820020	2026-09-18T16:45:45.0633136Z ##[group]Run actions/setup-node@49933ea5288caeca8642d1e84afbd3f7d6820020
solidity	Run actions/setup-node@49933ea5288caeca8642d1e84afbd3f7d6820020	2026-09-18T16:45:45.0634041Z with:
solidity	Run actions/setup-node@49933ea5288caeca8642d1e84afbd3f7d6820020	2026-09-18T16:45:45.0634527Z   node-version: 22
solidity	Run actions/setup-node@49933ea5288caeca8642d1e84afbd3f7d6820020	2026-09-18T16:45:45.0635044Z   cache: npm
solidity	Run actions/setup-node@49933ea5288caeca8642d1e84afbd3f7d6820020	2026-09-18T16:45:45.0635790Z   cache-dependency-path: contracts/package-lock.json
solidity	Run actions/setup-node@49933ea5288caeca8642d1e84afbd3f7d6820020	2026-09-18T16:45:45.0636569Z   always-auth: false
solidity	Run actions/setup-node@49933ea5288caeca8642d1e84afbd3f7d6820020	2026-09-18T16:45:45.0637115Z   check-latest: false
solidity	Run actions/setup-node@49933ea5288caeca8642d1e84afbd3f7d6820020	2026-09-18T16:45:45.0642245Z   token: ***
solidity	Run actions/setup-node@49933ea5288caeca8642d1e84afbd3f7d6820020	2026-09-18T16:45:45.0642739Z ##[endgroup]
solidity	Run actions/setup-node@49933ea5288caeca8642d1e84afbd3f7d6820020	2026-09-18T16:45:45.1774913Z Found in cache @ /opt/hostedtoolcache/node/22.23.2/x64
solidity	Run actions/setup-node@49933ea5288caeca8642d1e84afbd3f7d6820020	2026-09-18T16:45:45.1778751Z (node:2037) [DEP0040] DeprecationWarning: The `punycode` module is deprecated. Please use a userland alternative instead.
solidity	Run actions/setup-node@49933ea5288caeca8642d1e84afbd3f7d6820020	2026-09-18T16:45:45.1781246Z (Use `node --trace-deprecation ...` to show where the warning was created)
solidity	Run actions/setup-node@49933ea5288caeca8642d1e84afbd3f7d6820020	2026-09-18T16:45:45.1783275Z ##[group]Environment details
solidity	Run actions/setup-node@49933ea5288caeca8642d1e84afbd3f7d6820020	2026-09-18T16:45:48.2183230Z node: v22.23.2
solidity	Run actions/setup-node@49933ea5288caeca8642d1e84afbd3f7d6820020	2026-09-18T16:45:48.2183588Z npm: 10.9.8
solidity	Run actions/setup-node@49933ea5288caeca8642d1e84afbd3f7d6820020	2026-09-18T16:45:48.2183771Z yarn: 1.22.22
solidity	Run actions/setup-node@49933ea5288caeca8642d1e84afbd3f7d6820020	2026-09-18T16:45:48.2184782Z ##[endgroup]
solidity	Run actions/setup-node@49933ea5288caeca8642d1e84afbd3f7d6820020	2026-09-18T16:45:48.2196033Z [command]/opt/hostedtoolcache/node/22.23.2/x64/bin/npm config get cache
solidity	Run actions/setup-node@49933ea5288caeca8642d1e84afbd3f7d6820020	2026-09-18T16:45:48.4453504Z /home/runner/.npm
solidity	Run actions/setup-node@49933ea5288caeca8642d1e84afbd3f7d6820020	2026-09-18T16:45:48.6809033Z Cache hit for: node-cache-Linux-x64-npm-d5f27d514670039d7512867e6a6886e3d00476b68b37ad10ebcd2c461ab6257b
solidity	Run actions/setup-node@49933ea5288caeca8642d1e84afbd3f7d6820020	2026-09-18T16:45:48.6871899Z (node:2037) [DEP0169] DeprecationWarning: `url.parse()` behavior is not standardized and prone to errors that have security implications. Use the WHATWG URL API instead. CVEs are not issued for `url.parse()` vulnerabilities.
solidity	Run actions/setup-node@49933ea5288caeca8642d1e84afbd3f7d6820020	2026-09-18T16:45:49.4449784Z Received 6589875 of 6589875 (100.0%), 10.5 MBs/sec
solidity	Run actions/setup-node@49933ea5288caeca8642d1e84afbd3f7d6820020	2026-09-18T16:45:49.4450349Z Cache Size: ~6 MB (6589875 B)
solidity	Run actions/setup-node@49933ea5288caeca8642d1e84afbd3f7d6820020	2026-09-18T16:45:49.4466277Z [command]/usr/bin/tar -xf /home/runner/work/_temp/14675314-31ad-4c1a-99ff-039d2283fd5f/cache.tzst -P -C /home/runner/work/testnet-wallet-lab/testnet-wallet-lab --use-compress-program unzstd
solidity	Run actions/setup-node@49933ea5288caeca8642d1e84afbd3f7d6820020	2026-09-18T16:45:49.4725938Z Cache restored successfully
solidity	Run actions/setup-node@49933ea5288caeca8642d1e84afbd3f7d6820020	2026-09-18T16:45:49.4755962Z Cache restored from key: node-cache-Linux-x64-npm-d5f27d514670039d7512867e6a6886e3d00476b68b37ad10ebcd2c461ab6257b
solidity	Run npm ci --ignore-scripts --prefix contracts	﻿2026-09-18T16:45:49.4917565Z ##[group]Run npm ci --ignore-scripts --prefix contracts
solidity	Run npm ci --ignore-scripts --prefix contracts	2026-09-18T16:45:49.4917857Z [36;1mnpm ci --ignore-scripts --prefix contracts[0m
solidity	Run npm ci --ignore-scripts --prefix contracts	2026-09-18T16:45:49.4956242Z shell: /usr/bin/bash -e {0}
solidity	Run npm ci --ignore-scripts --prefix contracts	2026-09-18T16:45:49.4956416Z ##[endgroup]
solidity	Run npm ci --ignore-scripts --prefix contracts	2026-09-18T16:45:51.0757974Z 
solidity	Run npm ci --ignore-scripts --prefix contracts	2026-09-18T16:45:51.0764826Z added 8 packages, and audited 9 packages in 2s
solidity	Run npm ci --ignore-scripts --prefix contracts	2026-09-18T16:45:51.0765403Z 
solidity	Run npm ci --ignore-scripts --prefix contracts	2026-09-18T16:45:51.0765609Z 1 package is looking for funding
solidity	Run npm ci --ignore-scripts --prefix contracts	2026-09-18T16:45:51.0766009Z   run `npm fund` for details
solidity	Run npm ci --ignore-scripts --prefix contracts	2026-09-18T16:45:51.0766198Z 
solidity	Run npm ci --ignore-scripts --prefix contracts	2026-09-18T16:45:51.0766321Z found 0 vulnerabilities
solidity	Run npm run check --prefix contracts	﻿2026-09-18T16:45:51.1126686Z ##[group]Run npm run check --prefix contracts
solidity	Run npm run check --prefix contracts	2026-09-18T16:45:51.1126970Z [36;1mnpm run check --prefix contracts[0m
solidity	Run npm run check --prefix contracts	2026-09-18T16:45:51.1160005Z shell: /usr/bin/bash -e {0}
solidity	Run npm run check --prefix contracts	2026-09-18T16:45:51.1160176Z ##[endgroup]
solidity	Run npm run check --prefix contracts	2026-09-18T16:45:51.1890225Z 
solidity	Run npm run check --prefix contracts	2026-09-18T16:45:51.1890698Z > check
solidity	Run npm run check --prefix contracts	2026-09-18T16:45:51.1890946Z > node compile.js --check
solidity	Run npm run check --prefix contracts	2026-09-18T16:45:51.1891084Z 
solidity	Run npm run check --prefix contracts	2026-09-18T16:45:51.8453666Z Verified ETHVault
solidity	Run npm run check --prefix contracts	2026-09-18T16:45:51.8456077Z Verified ReentrancyAttacker
solidity	Run npm run check --prefix contracts	2026-09-18T16:45:51.8456724Z Verified RejectingReceiver
solidity	Post Run actions/setup-node@49933ea5288caeca8642d1e84afbd3f7d6820020	﻿2026-09-18T16:45:51.8730087Z Node 20 is being deprecated. This workflow is running with Node 24 by default. If you need to temporarily use Node 20, you can set the ACTIONS_ALLOW_USE_UNSECURE_NODE_VERSION=true environment variable. For more information see: https://github.blog/changelog/2025-09-19-deprecation-of-node-20-on-github-actions-runners/
solidity	Post Run actions/setup-node@49933ea5288caeca8642d1e84afbd3f7d6820020	2026-09-18T16:45:51.8730966Z Post job cleanup.
solidity	Post Run actions/setup-node@49933ea5288caeca8642d1e84afbd3f7d6820020	2026-09-18T16:45:51.9542815Z (node:2124) [DEP0040] DeprecationWarning: The `punycode` module is deprecated. Please use a userland alternative instead.
solidity	Post Run actions/setup-node@49933ea5288caeca8642d1e84afbd3f7d6820020	2026-09-18T16:45:51.9543760Z (Use `node --trace-deprecation ...` to show where the warning was created)
solidity	Post Run actions/setup-node@49933ea5288caeca8642d1e84afbd3f7d6820020	2026-09-18T16:45:51.9544580Z Cache hit occurred on the primary key node-cache-Linux-x64-npm-d5f27d514670039d7512867e6a6886e3d00476b68b37ad10ebcd2c461ab6257b, not saving cache.
solidity	Post Run actions/checkout@11d5960a326750d5838078e36cf38b85af677262	﻿2026-09-18T16:45:51.9661190Z Node 20 is being deprecated. This workflow is running with Node 24 by default. If you need to temporarily use Node 20, you can set the ACTIONS_ALLOW_USE_UNSECURE_NODE_VERSION=true environment variable. For more information see: https://github.blog/changelog/2025-09-19-deprecation-of-node-20-on-github-actions-runners/
solidity	Post Run actions/checkout@11d5960a326750d5838078e36cf38b85af677262	2026-09-18T16:45:51.9661915Z Post job cleanup.
solidity	Post Run actions/checkout@11d5960a326750d5838078e36cf38b85af677262	2026-09-18T16:45:52.0226911Z [command]/usr/bin/git version
solidity	Post Run actions/checkout@11d5960a326750d5838078e36cf38b85af677262	2026-09-18T16:45:52.0256643Z git version 2.55.0
solidity	Post Run actions/checkout@11d5960a326750d5838078e36cf38b85af677262	2026-09-18T16:45:52.0280960Z Temporarily overriding HOME='/home/runner/work/_temp/a99bd65e-f0d5-4fe9-8e8e-1ca70ebb05e4' before making global git config changes
solidity	Post Run actions/checkout@11d5960a326750d5838078e36cf38b85af677262	2026-09-18T16:45:52.0282235Z Adding repository directory to the temporary git global config as a safe directory
solidity	Post Run actions/checkout@11d5960a326750d5838078e36cf38b85af677262	2026-09-18T16:45:52.0284851Z [command]/usr/bin/git config --global --add safe.directory /home/runner/work/testnet-wallet-lab/testnet-wallet-lab
solidity	Post Run actions/checkout@11d5960a326750d5838078e36cf38b85af677262	2026-09-18T16:45:52.0314141Z [command]/usr/bin/git config --local --name-only --get-regexp core\.sshCommand
solidity	Post Run actions/checkout@11d5960a326750d5838078e36cf38b85af677262	2026-09-18T16:45:52.0341004Z [command]/usr/bin/git submodule foreach --recursive sh -c "git config --local --name-only --get-regexp 'core\.sshCommand' && git config --local --unset-all 'core.sshCommand' || :"
solidity	Post Run actions/checkout@11d5960a326750d5838078e36cf38b85af677262	2026-09-18T16:45:52.0559515Z [command]/usr/bin/git config --local --name-only --get-regexp http\.https\:\/\/github\.com\/\.extraheader
solidity	Post Run actions/checkout@11d5960a326750d5838078e36cf38b85af677262	2026-09-18T16:45:52.0581661Z http.https://github.com/.extraheader
solidity	Post Run actions/checkout@11d5960a326750d5838078e36cf38b85af677262	2026-09-18T16:45:52.0589273Z [command]/usr/bin/git config --local --unset-all http.https://github.com/.extraheader
solidity	Post Run actions/checkout@11d5960a326750d5838078e36cf38b85af677262	2026-09-18T16:45:52.0616295Z [command]/usr/bin/git submodule foreach --recursive sh -c "git config --local --name-only --get-regexp 'http\.https\:\/\/github\.com\/\.extraheader' && git config --local --unset-all 'http.https://github.com/.extraheader' || :"
solidity	Post Run actions/checkout@11d5960a326750d5838078e36cf38b85af677262	2026-09-18T16:45:52.0799088Z [command]/usr/bin/git config --local --name-only --get-regexp ^includeIf\.gitdir:
solidity	Post Run actions/checkout@11d5960a326750d5838078e36cf38b85af677262	2026-09-18T16:45:52.0823862Z [command]/usr/bin/git submodule foreach --recursive git config --local --show-origin --name-only --get-regexp remote.origin.url
solidity	Complete job	﻿2026-09-18T16:45:52.1125153Z Cleaning up orphan processes
solidity	Complete job	2026-09-18T16:45:52.1328012Z ##[warning]Node.js 20 is deprecated. The following actions target Node.js 20 but are being forced to run on Node.js 24: actions/checkout@11d5960a326750d5838078e36cf38b85af677262, actions/setup-node@49933ea5288caeca8642d1e84afbd3f7d6820020. For more information see: https://github.blog/changelog/2025-09-19-deprecation-of-node-20-on-github-actions-runners/
browser	Set up job	﻿2026-09-18T16:45:42.9380391Z Current runner version: '2.337.0'
browser	Set up job	2026-09-18T16:45:42.9409903Z ##[group]Runner Image Provisioner
browser	Set up job	2026-09-18T16:45:42.9410914Z Hosted Compute Agent
browser	Set up job	2026-09-18T16:45:42.9411578Z Version: 20260828.587
browser	Set up job	2026-09-18T16:45:42.9412316Z Commit: abac92662cab4cc7352de4f9f9d2e2419aad9c29
browser	Set up job	2026-09-18T16:45:42.9413090Z Build Date: 2026-08-28T16:44:25Z
browser	Set up job	2026-09-18T16:45:42.9413811Z Worker ID: {c88d8de1-a0a8-4985-bf65-f0df9c49902c}
browser	Set up job	2026-09-18T16:45:42.9414627Z Azure Region: northcentralus
browser	Set up job	2026-09-18T16:45:42.9415258Z ##[endgroup]
browser	Set up job	2026-09-18T16:45:42.9416808Z ##[group]Operating System
browser	Set up job	2026-09-18T16:45:42.9417624Z Ubuntu
browser	Set up job	2026-09-18T16:45:42.9418491Z 24.04.5
browser	Set up job	2026-09-18T16:45:42.9419164Z LTS
browser	Set up job	2026-09-18T16:45:42.9419719Z ##[endgroup]
browser	Set up job	2026-09-18T16:45:42.9420369Z ##[group]Runner Image
browser	Set up job	2026-09-18T16:45:42.9421131Z Image: ubuntu-24.04
browser	Set up job	2026-09-18T16:45:42.9421720Z Version: 20260907.300.1
browser	Set up job	2026-09-18T16:45:42.9422900Z Included Software: https://github.com/actions/runner-images/blob/ubuntu24/20260907.300/images/ubuntu/Ubuntu2404-Readme.md
browser	Set up job	2026-09-18T16:45:42.9424693Z Image Release: https://github.com/actions/runner-images/releases/tag/ubuntu24%2F20260907.300
browser	Set up job	2026-09-18T16:45:42.9425740Z ##[endgroup]
browser	Set up job	2026-09-18T16:45:42.9426837Z ##[group]GITHUB_TOKEN Permissions
browser	Set up job	2026-09-18T16:45:42.9429808Z Contents: read
browser	Set up job	2026-09-18T16:45:42.9430504Z Metadata: read
browser	Set up job	2026-09-18T16:45:42.9431154Z ##[endgroup]
browser	Set up job	2026-09-18T16:45:42.9433328Z Secret source: Actions
browser	Set up job	2026-09-18T16:45:42.9434422Z Cache mode: write
browser	Set up job	2026-09-18T16:45:42.9435496Z Prepare workflow directory
browser	Set up job	2026-09-18T16:45:42.9797775Z Prepare all required actions
browser	Set up job	2026-09-18T16:45:42.9846812Z Getting action download info
browser	Set up job	2026-09-18T16:45:43.2756414Z Download action repository 'actions/checkout@11d5960a326750d5838078e36cf38b85af677262' (SHA:11d5960a326750d5838078e36cf38b85af677262)
browser	Set up job	2026-09-18T16:45:43.3880825Z Download action repository 'actions/setup-go@d35c59abb061a4a6fb18e82ac0862c26744d6ab5' (SHA:d35c59abb061a4a6fb18e82ac0862c26744d6ab5)
browser	Set up job	2026-09-18T16:45:43.8114022Z Download action repository 'actions/setup-node@49933ea5288caeca8642d1e84afbd3f7d6820020' (SHA:49933ea5288caeca8642d1e84afbd3f7d6820020)
browser	Set up job	2026-09-18T16:45:43.8973978Z Download action repository 'actions/upload-artifact@ea165f8d65b6e75b540449e92b4886f43607fa02' (SHA:ea165f8d65b6e75b540449e92b4886f43607fa02)
browser	Set up job	2026-09-18T16:45:44.1232365Z Complete job name: browser
browser	Run actions/checkout@11d5960a326750d5838078e36cf38b85af677262	﻿2026-09-18T16:45:44.2040677Z Node 20 is being deprecated. This workflow is running with Node 24 by default. If you need to temporarily use Node 20, you can set the ACTIONS_ALLOW_USE_UNSECURE_NODE_VERSION=true environment variable. For more information see: https://github.blog/changelog/2025-09-19-deprecation-of-node-20-on-github-actions-runners/
browser	Run actions/checkout@11d5960a326750d5838078e36cf38b85af677262	2026-09-18T16:45:44.2050320Z ##[group]Run actions/checkout@11d5960a326750d5838078e36cf38b85af677262
browser	Run actions/checkout@11d5960a326750d5838078e36cf38b85af677262	2026-09-18T16:45:44.2051356Z with:
browser	Run actions/checkout@11d5960a326750d5838078e36cf38b85af677262	2026-09-18T16:45:44.2051880Z   repository: a861252012/testnet-wallet-lab
browser	Run actions/checkout@11d5960a326750d5838078e36cf38b85af677262	2026-09-18T16:45:44.2056137Z   token: ***
browser	Run actions/checkout@11d5960a326750d5838078e36cf38b85af677262	2026-09-18T16:45:44.2056627Z   ssh-strict: true
browser	Run actions/checkout@11d5960a326750d5838078e36cf38b85af677262	2026-09-18T16:45:44.2057130Z   ssh-user: git
browser	Run actions/checkout@11d5960a326750d5838078e36cf38b85af677262	2026-09-18T16:45:44.2057660Z   persist-credentials: true
browser	Run actions/checkout@11d5960a326750d5838078e36cf38b85af677262	2026-09-18T16:45:44.2058416Z   clean: true
browser	Run actions/checkout@11d5960a326750d5838078e36cf38b85af677262	2026-09-18T16:45:44.2058922Z   sparse-checkout-cone-mode: true
browser	Run actions/checkout@11d5960a326750d5838078e36cf38b85af677262	2026-09-18T16:45:44.2059509Z   fetch-depth: 1
browser	Run actions/checkout@11d5960a326750d5838078e36cf38b85af677262	2026-09-18T16:45:44.2060000Z   fetch-tags: false
browser	Run actions/checkout@11d5960a326750d5838078e36cf38b85af677262	2026-09-18T16:45:44.2060506Z   show-progress: true
browser	Run actions/checkout@11d5960a326750d5838078e36cf38b85af677262	2026-09-18T16:45:44.2061000Z   lfs: false
browser	Run actions/checkout@11d5960a326750d5838078e36cf38b85af677262	2026-09-18T16:45:44.2061518Z   submodules: false
browser	Run actions/checkout@11d5960a326750d5838078e36cf38b85af677262	2026-09-18T16:45:44.2062020Z   set-safe-directory: true
browser	Run actions/checkout@11d5960a326750d5838078e36cf38b85af677262	2026-09-18T16:45:44.2062569Z   allow-unsafe-pr-checkout: false
browser	Run actions/checkout@11d5960a326750d5838078e36cf38b85af677262	2026-09-18T16:45:44.2063430Z ##[endgroup]
browser	Run actions/checkout@11d5960a326750d5838078e36cf38b85af677262	2026-09-18T16:45:44.3068923Z Syncing repository: a861252012/testnet-wallet-lab
browser	Run actions/checkout@11d5960a326750d5838078e36cf38b85af677262	2026-09-18T16:45:44.3071350Z ##[group]Getting Git version info
browser	Run actions/checkout@11d5960a326750d5838078e36cf38b85af677262	2026-09-18T16:45:44.3072517Z Working directory is '/home/runner/work/testnet-wallet-lab/testnet-wallet-lab'
browser	Run actions/checkout@11d5960a326750d5838078e36cf38b85af677262	2026-09-18T16:45:44.3073808Z [command]/usr/bin/git version
browser	Run actions/checkout@11d5960a326750d5838078e36cf38b85af677262	2026-09-18T16:45:44.3178428Z git version 2.55.0
browser	Run actions/checkout@11d5960a326750d5838078e36cf38b85af677262	2026-09-18T16:45:44.3207512Z ##[endgroup]
browser	Run actions/checkout@11d5960a326750d5838078e36cf38b85af677262	2026-09-18T16:45:44.3214698Z Temporarily overriding HOME='/home/runner/work/_temp/e02b2498-dcc3-4599-893f-d2c724f0c343' before making global git config changes
browser	Run actions/checkout@11d5960a326750d5838078e36cf38b85af677262	2026-09-18T16:45:44.3217571Z Adding repository directory to the temporary git global config as a safe directory
browser	Run actions/checkout@11d5960a326750d5838078e36cf38b85af677262	2026-09-18T16:45:44.3220471Z [command]/usr/bin/git config --global --add safe.directory /home/runner/work/testnet-wallet-lab/testnet-wallet-lab
browser	Run actions/checkout@11d5960a326750d5838078e36cf38b85af677262	2026-09-18T16:45:44.3271575Z Deleting the contents of '/home/runner/work/testnet-wallet-lab/testnet-wallet-lab'
browser	Run actions/checkout@11d5960a326750d5838078e36cf38b85af677262	2026-09-18T16:45:44.3276671Z ##[group]Initializing the repository
browser	Run actions/checkout@11d5960a326750d5838078e36cf38b85af677262	2026-09-18T16:45:44.3280897Z [command]/usr/bin/git init /home/runner/work/testnet-wallet-lab/testnet-wallet-lab
browser	Run actions/checkout@11d5960a326750d5838078e36cf38b85af677262	2026-09-18T16:45:44.3419632Z hint: Using 'master' as the name for the initial branch. This default branch name
browser	Run actions/checkout@11d5960a326750d5838078e36cf38b85af677262	2026-09-18T16:45:44.3421630Z hint: will change to "main" in Git 3.0. To configure the initial branch name
browser	Run actions/checkout@11d5960a326750d5838078e36cf38b85af677262	2026-09-18T16:45:44.3423500Z hint: to use in all of your new repositories, which will suppress this warning,
browser	Run actions/checkout@11d5960a326750d5838078e36cf38b85af677262	2026-09-18T16:45:44.3424976Z hint: call:
browser	Run actions/checkout@11d5960a326750d5838078e36cf38b85af677262	2026-09-18T16:45:44.3425500Z hint:
browser	Run actions/checkout@11d5960a326750d5838078e36cf38b85af677262	2026-09-18T16:45:44.3426116Z hint: 	git config --global init.defaultBranch <name>
browser	Run actions/checkout@11d5960a326750d5838078e36cf38b85af677262	2026-09-18T16:45:44.3426808Z hint:
browser	Run actions/checkout@11d5960a326750d5838078e36cf38b85af677262	2026-09-18T16:45:44.3427462Z hint: Names commonly chosen instead of 'master' are 'main', 'trunk' and
browser	Run actions/checkout@11d5960a326750d5838078e36cf38b85af677262	2026-09-18T16:45:44.3428897Z hint: 'development'. The just-created branch can be renamed via this command:
browser	Run actions/checkout@11d5960a326750d5838078e36cf38b85af677262	2026-09-18T16:45:44.3429805Z hint:
browser	Run actions/checkout@11d5960a326750d5838078e36cf38b85af677262	2026-09-18T16:45:44.3430294Z hint: 	git branch -m <name>
browser	Run actions/checkout@11d5960a326750d5838078e36cf38b85af677262	2026-09-18T16:45:44.3430827Z hint:
browser	Run actions/checkout@11d5960a326750d5838078e36cf38b85af677262	2026-09-18T16:45:44.3431571Z hint: Disable this message with "git config set advice.defaultBranchName false"
browser	Run actions/checkout@11d5960a326750d5838078e36cf38b85af677262	2026-09-18T16:45:44.3433544Z Initialized empty Git repository in /home/runner/work/testnet-wallet-lab/testnet-wallet-lab/.git/
browser	Run actions/checkout@11d5960a326750d5838078e36cf38b85af677262	2026-09-18T16:45:44.3436066Z [command]/usr/bin/git remote add origin https://github.com/a861252012/testnet-wallet-lab
browser	Run actions/checkout@11d5960a326750d5838078e36cf38b85af677262	2026-09-18T16:45:44.3486094Z ##[endgroup]
browser	Run actions/checkout@11d5960a326750d5838078e36cf38b85af677262	2026-09-18T16:45:44.3487499Z ##[group]Disabling automatic garbage collection
browser	Run actions/checkout@11d5960a326750d5838078e36cf38b85af677262	2026-09-18T16:45:44.3489173Z [command]/usr/bin/git config --local gc.auto 0
browser	Run actions/checkout@11d5960a326750d5838078e36cf38b85af677262	2026-09-18T16:45:44.3519690Z ##[endgroup]
browser	Run actions/checkout@11d5960a326750d5838078e36cf38b85af677262	2026-09-18T16:45:44.3521013Z ##[group]Setting up auth
browser	Run actions/checkout@11d5960a326750d5838078e36cf38b85af677262	2026-09-18T16:45:44.3525697Z [command]/usr/bin/git config --local --name-only --get-regexp core\.sshCommand
browser	Run actions/checkout@11d5960a326750d5838078e36cf38b85af677262	2026-09-18T16:45:44.3556631Z [command]/usr/bin/git submodule foreach --recursive sh -c "git config --local --name-only --get-regexp 'core\.sshCommand' && git config --local --unset-all 'core.sshCommand' || :"
browser	Run actions/checkout@11d5960a326750d5838078e36cf38b85af677262	2026-09-18T16:45:44.3929695Z [command]/usr/bin/git config --local --name-only --get-regexp http\.https\:\/\/github\.com\/\.extraheader
browser	Run actions/checkout@11d5960a326750d5838078e36cf38b85af677262	2026-09-18T16:45:44.3960791Z [command]/usr/bin/git submodule foreach --recursive sh -c "git config --local --name-only --get-regexp 'http\.https\:\/\/github\.com\/\.extraheader' && git config --local --unset-all 'http.https://github.com/.extraheader' || :"
browser	Run actions/checkout@11d5960a326750d5838078e36cf38b85af677262	2026-09-18T16:45:44.4184720Z [command]/usr/bin/git config --local --name-only --get-regexp ^includeIf\.gitdir:
browser	Run actions/checkout@11d5960a326750d5838078e36cf38b85af677262	2026-09-18T16:45:44.4215702Z [command]/usr/bin/git submodule foreach --recursive git config --local --show-origin --name-only --get-regexp remote.origin.url
browser	Run actions/checkout@11d5960a326750d5838078e36cf38b85af677262	2026-09-18T16:45:44.4439342Z [command]/usr/bin/git config --local http.https://github.com/.extraheader AUTHORIZATION: basic ***
browser	Run actions/checkout@11d5960a326750d5838078e36cf38b85af677262	2026-09-18T16:45:44.4473914Z ##[endgroup]
browser	Run actions/checkout@11d5960a326750d5838078e36cf38b85af677262	2026-09-18T16:45:44.4475551Z ##[group]Fetching the repository
browser	Run actions/checkout@11d5960a326750d5838078e36cf38b85af677262	2026-09-18T16:45:44.4484896Z [command]/usr/bin/git -c protocol.version=2 fetch --no-tags --prune --no-recurse-submodules --depth=1 origin +3a55ab854701074f6fb796ba23fe7953b67fbd8e:refs/remotes/origin/main
browser	Run actions/checkout@11d5960a326750d5838078e36cf38b85af677262	2026-09-18T16:45:44.9563218Z From https://github.com/a861252012/testnet-wallet-lab
browser	Run actions/checkout@11d5960a326750d5838078e36cf38b85af677262	2026-09-18T16:45:44.9577255Z  * [new ref]         3a55ab854701074f6fb796ba23fe7953b67fbd8e -> origin/main
browser	Run actions/checkout@11d5960a326750d5838078e36cf38b85af677262	2026-09-18T16:45:44.9581235Z ##[endgroup]
browser	Run actions/checkout@11d5960a326750d5838078e36cf38b85af677262	2026-09-18T16:45:44.9582561Z ##[group]Determining the checkout info
browser	Run actions/checkout@11d5960a326750d5838078e36cf38b85af677262	2026-09-18T16:45:44.9584083Z ##[endgroup]
browser	Run actions/checkout@11d5960a326750d5838078e36cf38b85af677262	2026-09-18T16:45:44.9593803Z [command]/usr/bin/git sparse-checkout disable
browser	Run actions/checkout@11d5960a326750d5838078e36cf38b85af677262	2026-09-18T16:45:44.9640516Z [command]/usr/bin/git config --local --unset-all extensions.worktreeConfig
browser	Run actions/checkout@11d5960a326750d5838078e36cf38b85af677262	2026-09-18T16:45:44.9671505Z ##[group]Checking out the ref
browser	Run actions/checkout@11d5960a326750d5838078e36cf38b85af677262	2026-09-18T16:45:44.9674533Z [command]/usr/bin/git checkout --progress --force -B main refs/remotes/origin/main
browser	Run actions/checkout@11d5960a326750d5838078e36cf38b85af677262	2026-09-18T16:45:44.9897658Z Switched to a new branch 'main'
browser	Run actions/checkout@11d5960a326750d5838078e36cf38b85af677262	2026-09-18T16:45:44.9902600Z branch 'main' set up to track 'origin/main'.
browser	Run actions/checkout@11d5960a326750d5838078e36cf38b85af677262	2026-09-18T16:45:44.9911635Z ##[endgroup]
browser	Run actions/checkout@11d5960a326750d5838078e36cf38b85af677262	2026-09-18T16:45:44.9957137Z [command]/usr/bin/git log -1 --format=%H
browser	Run actions/checkout@11d5960a326750d5838078e36cf38b85af677262	2026-09-18T16:45:44.9997787Z 3a55ab854701074f6fb796ba23fe7953b67fbd8e
browser	Run actions/setup-go@d35c59abb061a4a6fb18e82ac0862c26744d6ab5	﻿2026-09-18T16:45:45.0425474Z Node 20 is being deprecated. This workflow is running with Node 24 by default. If you need to temporarily use Node 20, you can set the ACTIONS_ALLOW_USE_UNSECURE_NODE_VERSION=true environment variable. For more information see: https://github.blog/changelog/2025-09-19-deprecation-of-node-20-on-github-actions-runners/
browser	Run actions/setup-go@d35c59abb061a4a6fb18e82ac0862c26744d6ab5	2026-09-18T16:45:45.0432302Z ##[group]Run actions/setup-go@d35c59abb061a4a6fb18e82ac0862c26744d6ab5
browser	Run actions/setup-go@d35c59abb061a4a6fb18e82ac0862c26744d6ab5	2026-09-18T16:45:45.0433989Z with:
browser	Run actions/setup-go@d35c59abb061a4a6fb18e82ac0862c26744d6ab5	2026-09-18T16:45:45.0434900Z   go-version-file: go.mod
browser	Run actions/setup-go@d35c59abb061a4a6fb18e82ac0862c26744d6ab5	2026-09-18T16:45:45.0435998Z   check-latest: false
browser	Run actions/setup-go@d35c59abb061a4a6fb18e82ac0862c26744d6ab5	2026-09-18T16:45:45.0446998Z   token: ***
browser	Run actions/setup-go@d35c59abb061a4a6fb18e82ac0862c26744d6ab5	2026-09-18T16:45:45.0447936Z   cache: true
browser	Run actions/setup-go@d35c59abb061a4a6fb18e82ac0862c26744d6ab5	2026-09-18T16:45:45.0449051Z ##[endgroup]
browser	Run actions/setup-go@d35c59abb061a4a6fb18e82ac0862c26744d6ab5	2026-09-18T16:45:45.1776856Z Setup go version spec 1.26.1
browser	Run actions/setup-go@d35c59abb061a4a6fb18e82ac0862c26744d6ab5	2026-09-18T16:45:45.1789581Z Attempting to download 1.26.1...
browser	Run actions/setup-go@d35c59abb061a4a6fb18e82ac0862c26744d6ab5	2026-09-18T16:45:45.1899341Z (node:2190) [DEP0040] DeprecationWarning: The `punycode` module is deprecated. Please use a userland alternative instead.
browser	Run actions/setup-go@d35c59abb061a4a6fb18e82ac0862c26744d6ab5	2026-09-18T16:45:45.1902306Z (Use `node --trace-deprecation ...` to show where the warning was created)
browser	Run actions/setup-go@d35c59abb061a4a6fb18e82ac0862c26744d6ab5	2026-09-18T16:45:45.8052133Z matching 1.26.1...
browser	Run actions/setup-go@d35c59abb061a4a6fb18e82ac0862c26744d6ab5	2026-09-18T16:45:45.8122221Z Acquiring 1.26.1 from https://github.com/actions/go-versions/releases/download/1.26.1-22746851271/go-1.26.1-linux-x64.tar.gz
browser	Run actions/setup-go@d35c59abb061a4a6fb18e82ac0862c26744d6ab5	2026-09-18T16:45:46.3080499Z Extracting Go...
browser	Run actions/setup-go@d35c59abb061a4a6fb18e82ac0862c26744d6ab5	2026-09-18T16:45:46.3200240Z [command]/usr/bin/tar xz --warning=no-unknown-keyword --overwrite -C /home/runner/work/_temp/a19e23a7-677a-41bb-ae0b-657562814ed9 -f /home/runner/work/_temp/4bbcc0e4-6f4b-4eb0-8214-a8403716a929
browser	Run actions/setup-go@d35c59abb061a4a6fb18e82ac0862c26744d6ab5	2026-09-18T16:45:47.9512796Z Successfully extracted go to /home/runner/work/_temp/a19e23a7-677a-41bb-ae0b-657562814ed9
browser	Run actions/setup-go@d35c59abb061a4a6fb18e82ac0862c26744d6ab5	2026-09-18T16:45:47.9513414Z Adding to the cache ...
browser	Run actions/setup-go@d35c59abb061a4a6fb18e82ac0862c26744d6ab5	2026-09-18T16:45:53.6561042Z Successfully cached go to /opt/hostedtoolcache/go/1.26.1/x64
browser	Run actions/setup-go@d35c59abb061a4a6fb18e82ac0862c26744d6ab5	2026-09-18T16:45:53.6569251Z Added go to the path
browser	Run actions/setup-go@d35c59abb061a4a6fb18e82ac0862c26744d6ab5	2026-09-18T16:45:53.6570128Z Successfully set up Go version 1.26.1
browser	Run actions/setup-go@d35c59abb061a4a6fb18e82ac0862c26744d6ab5	2026-09-18T16:45:53.6812341Z [command]/opt/hostedtoolcache/go/1.26.1/x64/bin/go env GOMODCACHE
browser	Run actions/setup-go@d35c59abb061a4a6fb18e82ac0862c26744d6ab5	2026-09-18T16:45:53.6857267Z [command]/opt/hostedtoolcache/go/1.26.1/x64/bin/go env GOCACHE
browser	Run actions/setup-go@d35c59abb061a4a6fb18e82ac0862c26744d6ab5	2026-09-18T16:45:53.6896546Z /home/runner/go/pkg/mod
browser	Run actions/setup-go@d35c59abb061a4a6fb18e82ac0862c26744d6ab5	2026-09-18T16:45:53.6913665Z /home/runner/.cache/go-build
browser	Run actions/setup-go@d35c59abb061a4a6fb18e82ac0862c26744d6ab5	2026-09-18T16:45:53.8322264Z Cache hit for: setup-go-Linux-x64-ubuntu24-go-1.26.1-725be9c7636ddca2c9e3d109f16e5c113ecfffb2b73cfa37ae59990ab3118f75
browser	Run actions/setup-go@d35c59abb061a4a6fb18e82ac0862c26744d6ab5	2026-09-18T16:45:53.8464993Z (node:2190) [DEP0169] DeprecationWarning: `url.parse()` behavior is not standardized and prone to errors that have security implications. Use the WHATWG URL API instead. CVEs are not issued for `url.parse()` vulnerabilities.
browser	Run actions/setup-go@d35c59abb061a4a6fb18e82ac0862c26744d6ab5	2026-09-18T16:45:54.9634564Z Received 92274688 of 471452006 (19.6%), 87.9 MBs/sec
browser	Run actions/setup-go@d35c59abb061a4a6fb18e82ac0862c26744d6ab5	2026-09-18T16:45:55.9633382Z Received 205520896 of 471452006 (43.6%), 98.0 MBs/sec
browser	Run actions/setup-go@d35c59abb061a4a6fb18e82ac0862c26744d6ab5	2026-09-18T16:45:56.9640850Z Received 356515840 of 471452006 (75.6%), 113.3 MBs/sec
browser	Run actions/setup-go@d35c59abb061a4a6fb18e82ac0862c26744d6ab5	2026-09-18T16:45:57.7940995Z Received 471452006 of 471452006 (100.0%), 117.4 MBs/sec
browser	Run actions/setup-go@d35c59abb061a4a6fb18e82ac0862c26744d6ab5	2026-09-18T16:45:57.7942214Z Cache Size: ~450 MB (471452006 B)
browser	Run actions/setup-go@d35c59abb061a4a6fb18e82ac0862c26744d6ab5	2026-09-18T16:45:57.7986228Z [command]/usr/bin/tar -xf /home/runner/work/_temp/8f2d54e7-9f22-4040-9590-f53ad0d0dbc0/cache.tzst -P -C /home/runner/work/testnet-wallet-lab/testnet-wallet-lab --use-compress-program unzstd
browser	Run actions/setup-go@d35c59abb061a4a6fb18e82ac0862c26744d6ab5	2026-09-18T16:46:00.8512696Z Cache restored successfully
browser	Run actions/setup-go@d35c59abb061a4a6fb18e82ac0862c26744d6ab5	2026-09-18T16:46:00.8754078Z Cache restored from key: setup-go-Linux-x64-ubuntu24-go-1.26.1-725be9c7636ddca2c9e3d109f16e5c113ecfffb2b73cfa37ae59990ab3118f75
browser	Run actions/setup-go@d35c59abb061a4a6fb18e82ac0862c26744d6ab5	2026-09-18T16:46:00.8782263Z go version go1.26.1 linux/amd64
browser	Run actions/setup-go@d35c59abb061a4a6fb18e82ac0862c26744d6ab5	2026-09-18T16:46:00.8783370Z 
browser	Run actions/setup-go@d35c59abb061a4a6fb18e82ac0862c26744d6ab5	2026-09-18T16:46:00.8783911Z ##[group]go env
browser	Run actions/setup-go@d35c59abb061a4a6fb18e82ac0862c26744d6ab5	2026-09-18T16:46:00.9134695Z AR='ar'
browser	Run actions/setup-go@d35c59abb061a4a6fb18e82ac0862c26744d6ab5	2026-09-18T16:46:00.9135447Z CC='gcc'
browser	Run actions/setup-go@d35c59abb061a4a6fb18e82ac0862c26744d6ab5	2026-09-18T16:46:00.9135788Z CGO_CFLAGS='-O2 -g'
browser	Run actions/setup-go@d35c59abb061a4a6fb18e82ac0862c26744d6ab5	2026-09-18T16:46:00.9136199Z CGO_CPPFLAGS=''
browser	Run actions/setup-go@d35c59abb061a4a6fb18e82ac0862c26744d6ab5	2026-09-18T16:46:00.9136603Z CGO_CXXFLAGS='-O2 -g'
browser	Run actions/setup-go@d35c59abb061a4a6fb18e82ac0862c26744d6ab5	2026-09-18T16:46:00.9137023Z CGO_ENABLED='1'
browser	Run actions/setup-go@d35c59abb061a4a6fb18e82ac0862c26744d6ab5	2026-09-18T16:46:00.9137381Z CGO_FFLAGS='-O2 -g'
browser	Run actions/setup-go@d35c59abb061a4a6fb18e82ac0862c26744d6ab5	2026-09-18T16:46:00.9137750Z CGO_LDFLAGS='-O2 -g'
browser	Run actions/setup-go@d35c59abb061a4a6fb18e82ac0862c26744d6ab5	2026-09-18T16:46:00.9138105Z CXX='g++'
browser	Run actions/setup-go@d35c59abb061a4a6fb18e82ac0862c26744d6ab5	2026-09-18T16:46:00.9138712Z GCCGO='gccgo'
browser	Run actions/setup-go@d35c59abb061a4a6fb18e82ac0862c26744d6ab5	2026-09-18T16:46:00.9139060Z GO111MODULE=''
browser	Run actions/setup-go@d35c59abb061a4a6fb18e82ac0862c26744d6ab5	2026-09-18T16:46:00.9139394Z GOAMD64='v1'
browser	Run actions/setup-go@d35c59abb061a4a6fb18e82ac0862c26744d6ab5	2026-09-18T16:46:00.9139995Z GOARCH='amd64'
browser	Run actions/setup-go@d35c59abb061a4a6fb18e82ac0862c26744d6ab5	2026-09-18T16:46:00.9140334Z GOAUTH='netrc'
browser	Run actions/setup-go@d35c59abb061a4a6fb18e82ac0862c26744d6ab5	2026-09-18T16:46:00.9140661Z GOBIN=''
browser	Run actions/setup-go@d35c59abb061a4a6fb18e82ac0862c26744d6ab5	2026-09-18T16:46:00.9141030Z GOCACHE='/home/runner/.cache/go-build'
browser	Run actions/setup-go@d35c59abb061a4a6fb18e82ac0862c26744d6ab5	2026-09-18T16:46:00.9141504Z GOCACHEPROG=''
browser	Run actions/setup-go@d35c59abb061a4a6fb18e82ac0862c26744d6ab5	2026-09-18T16:46:00.9141843Z GODEBUG=''
browser	Run actions/setup-go@d35c59abb061a4a6fb18e82ac0862c26744d6ab5	2026-09-18T16:46:00.9142256Z GOENV='/home/runner/.config/go/env'
browser	Run actions/setup-go@d35c59abb061a4a6fb18e82ac0862c26744d6ab5	2026-09-18T16:46:00.9142711Z GOEXE=''
browser	Run actions/setup-go@d35c59abb061a4a6fb18e82ac0862c26744d6ab5	2026-09-18T16:46:00.9143037Z GOEXPERIMENT=''
browser	Run actions/setup-go@d35c59abb061a4a6fb18e82ac0862c26744d6ab5	2026-09-18T16:46:00.9143386Z GOFIPS140='off'
browser	Run actions/setup-go@d35c59abb061a4a6fb18e82ac0862c26744d6ab5	2026-09-18T16:46:00.9143732Z GOFLAGS=''
browser	Run actions/setup-go@d35c59abb061a4a6fb18e82ac0862c26744d6ab5	2026-09-18T16:46:00.9144902Z GOGCCFLAGS='-fPIC -m64 -pthread -Wl,--no-gc-sections -fmessage-length=0 -ffile-prefix-map=/tmp/go-build2403478733=/tmp/go-build -gno-record-gcc-switches'
browser	Run actions/setup-go@d35c59abb061a4a6fb18e82ac0862c26744d6ab5	2026-09-18T16:46:00.9146123Z GOHOSTARCH='amd64'
browser	Run actions/setup-go@d35c59abb061a4a6fb18e82ac0862c26744d6ab5	2026-09-18T16:46:00.9146479Z GOHOSTOS='linux'
browser	Run actions/setup-go@d35c59abb061a4a6fb18e82ac0862c26744d6ab5	2026-09-18T16:46:00.9146829Z GOINSECURE=''
browser	Run actions/setup-go@d35c59abb061a4a6fb18e82ac0862c26744d6ab5	2026-09-18T16:46:00.9147398Z GOMOD='/home/runner/work/testnet-wallet-lab/testnet-wallet-lab/go.mod'
browser	Run actions/setup-go@d35c59abb061a4a6fb18e82ac0862c26744d6ab5	2026-09-18T16:46:00.9148110Z GOMODCACHE='/home/runner/go/pkg/mod'
browser	Run actions/setup-go@d35c59abb061a4a6fb18e82ac0862c26744d6ab5	2026-09-18T16:46:00.9148788Z GONOPROXY=''
browser	Run actions/setup-go@d35c59abb061a4a6fb18e82ac0862c26744d6ab5	2026-09-18T16:46:00.9149129Z GONOSUMDB=''
browser	Run actions/setup-go@d35c59abb061a4a6fb18e82ac0862c26744d6ab5	2026-09-18T16:46:00.9149457Z GOOS='linux'
browser	Run actions/setup-go@d35c59abb061a4a6fb18e82ac0862c26744d6ab5	2026-09-18T16:46:00.9149809Z GOPATH='/home/runner/go'
browser	Run actions/setup-go@d35c59abb061a4a6fb18e82ac0862c26744d6ab5	2026-09-18T16:46:00.9150196Z GOPRIVATE=''
browser	Run actions/setup-go@d35c59abb061a4a6fb18e82ac0862c26744d6ab5	2026-09-18T16:46:00.9150710Z GOPROXY='https://proxy.golang.org,direct'
browser	Run actions/setup-go@d35c59abb061a4a6fb18e82ac0862c26744d6ab5	2026-09-18T16:46:00.9151311Z GOROOT='/opt/hostedtoolcache/go/1.26.1/x64'
browser	Run actions/setup-go@d35c59abb061a4a6fb18e82ac0862c26744d6ab5	2026-09-18T16:46:00.9151829Z GOSUMDB='sum.golang.org'
browser	Run actions/setup-go@d35c59abb061a4a6fb18e82ac0862c26744d6ab5	2026-09-18T16:46:00.9152230Z GOTELEMETRY='local'
browser	Run actions/setup-go@d35c59abb061a4a6fb18e82ac0862c26744d6ab5	2026-09-18T16:46:00.9152693Z GOTELEMETRYDIR='/home/runner/.config/go/telemetry'
browser	Run actions/setup-go@d35c59abb061a4a6fb18e82ac0862c26744d6ab5	2026-09-18T16:46:00.9153247Z GOTMPDIR=''
browser	Run actions/setup-go@d35c59abb061a4a6fb18e82ac0862c26744d6ab5	2026-09-18T16:46:00.9153588Z GOTOOLCHAIN='auto'
browser	Run actions/setup-go@d35c59abb061a4a6fb18e82ac0862c26744d6ab5	2026-09-18T16:46:00.9154142Z GOTOOLDIR='/opt/hostedtoolcache/go/1.26.1/x64/pkg/tool/linux_amd64'
browser	Run actions/setup-go@d35c59abb061a4a6fb18e82ac0862c26744d6ab5	2026-09-18T16:46:00.9154769Z GOVCS=''
browser	Run actions/setup-go@d35c59abb061a4a6fb18e82ac0862c26744d6ab5	2026-09-18T16:46:00.9155101Z GOVERSION='go1.26.1'
browser	Run actions/setup-go@d35c59abb061a4a6fb18e82ac0862c26744d6ab5	2026-09-18T16:46:00.9155463Z GOWORK=''
browser	Run actions/setup-go@d35c59abb061a4a6fb18e82ac0862c26744d6ab5	2026-09-18T16:46:00.9155810Z PKG_CONFIG='pkg-config'
browser	Run actions/setup-go@d35c59abb061a4a6fb18e82ac0862c26744d6ab5	2026-09-18T16:46:00.9156061Z 
browser	Run actions/setup-go@d35c59abb061a4a6fb18e82ac0862c26744d6ab5	2026-09-18T16:46:00.9156519Z ##[endgroup]
browser	Run actions/setup-node@49933ea5288caeca8642d1e84afbd3f7d6820020	﻿2026-09-18T16:46:00.9408129Z Node 20 is being deprecated. This workflow is running with Node 24 by default. If you need to temporarily use Node 20, you can set the ACTIONS_ALLOW_USE_UNSECURE_NODE_VERSION=true environment variable. For more information see: https://github.blog/changelog/2025-09-19-deprecation-of-node-20-on-github-actions-runners/
browser	Run actions/setup-node@49933ea5288caeca8642d1e84afbd3f7d6820020	2026-09-18T16:46:00.9409839Z ##[group]Run actions/setup-node@49933ea5288caeca8642d1e84afbd3f7d6820020
browser	Run actions/setup-node@49933ea5288caeca8642d1e84afbd3f7d6820020	2026-09-18T16:46:00.9410225Z with:
browser	Run actions/setup-node@49933ea5288caeca8642d1e84afbd3f7d6820020	2026-09-18T16:46:00.9410422Z   node-version: 22
browser	Run actions/setup-node@49933ea5288caeca8642d1e84afbd3f7d6820020	2026-09-18T16:46:00.9410641Z   cache: npm
browser	Run actions/setup-node@49933ea5288caeca8642d1e84afbd3f7d6820020	2026-09-18T16:46:00.9410932Z   cache-dependency-path: tests/browser/package-lock.json
browser	Run actions/setup-node@49933ea5288caeca8642d1e84afbd3f7d6820020	2026-09-18T16:46:00.9411273Z   always-auth: false
browser	Run actions/setup-node@49933ea5288caeca8642d1e84afbd3f7d6820020	2026-09-18T16:46:00.9411491Z   check-latest: false
browser	Run actions/setup-node@49933ea5288caeca8642d1e84afbd3f7d6820020	2026-09-18T16:46:00.9414181Z   token: ***
browser	Run actions/setup-node@49933ea5288caeca8642d1e84afbd3f7d6820020	2026-09-18T16:46:00.9414387Z ##[endgroup]
browser	Run actions/setup-node@49933ea5288caeca8642d1e84afbd3f7d6820020	2026-09-18T16:46:01.0933429Z Found in cache @ /opt/hostedtoolcache/node/22.23.2/x64
browser	Run actions/setup-node@49933ea5288caeca8642d1e84afbd3f7d6820020	2026-09-18T16:46:01.0939382Z (node:2254) [DEP0040] DeprecationWarning: The `punycode` module is deprecated. Please use a userland alternative instead.
browser	Run actions/setup-node@49933ea5288caeca8642d1e84afbd3f7d6820020	2026-09-18T16:46:01.0940723Z (Use `node --trace-deprecation ...` to show where the warning was created)
browser	Run actions/setup-node@49933ea5288caeca8642d1e84afbd3f7d6820020	2026-09-18T16:46:01.0941735Z ##[group]Environment details
browser	Run actions/setup-node@49933ea5288caeca8642d1e84afbd3f7d6820020	2026-09-18T16:46:01.5970411Z node: v22.23.2
browser	Run actions/setup-node@49933ea5288caeca8642d1e84afbd3f7d6820020	2026-09-18T16:46:01.5970880Z npm: 10.9.8
browser	Run actions/setup-node@49933ea5288caeca8642d1e84afbd3f7d6820020	2026-09-18T16:46:01.5971248Z yarn: 1.22.22
browser	Run actions/setup-node@49933ea5288caeca8642d1e84afbd3f7d6820020	2026-09-18T16:46:01.5971958Z ##[endgroup]
browser	Run actions/setup-node@49933ea5288caeca8642d1e84afbd3f7d6820020	2026-09-18T16:46:01.6000153Z [command]/opt/hostedtoolcache/node/22.23.2/x64/bin/npm config get cache
browser	Run actions/setup-node@49933ea5288caeca8642d1e84afbd3f7d6820020	2026-09-18T16:46:01.7146688Z /home/runner/.npm
browser	Run actions/setup-node@49933ea5288caeca8642d1e84afbd3f7d6820020	2026-09-18T16:46:01.8412238Z Cache hit for: node-cache-Linux-x64-npm-273d4e472d6f8a0fcba29dabcd4003daf05a53ac1c23ce96d23507be46b71abc
browser	Run actions/setup-node@49933ea5288caeca8642d1e84afbd3f7d6820020	2026-09-18T16:46:01.8558684Z (node:2254) [DEP0169] DeprecationWarning: `url.parse()` behavior is not standardized and prone to errors that have security implications. Use the WHATWG URL API instead. CVEs are not issued for `url.parse()` vulnerabilities.
browser	Run actions/setup-node@49933ea5288caeca8642d1e84afbd3f7d6820020	2026-09-18T16:46:02.2225014Z Received 3059394 of 3059394 (100.0%), 10.4 MBs/sec
browser	Run actions/setup-node@49933ea5288caeca8642d1e84afbd3f7d6820020	2026-09-18T16:46:02.2226174Z Cache Size: ~3 MB (3059394 B)
browser	Run actions/setup-node@49933ea5288caeca8642d1e84afbd3f7d6820020	2026-09-18T16:46:02.2255889Z [command]/usr/bin/tar -xf /home/runner/work/_temp/31730b0d-23f0-4a8a-a973-ad7ac4bca4d8/cache.tzst -P -C /home/runner/work/testnet-wallet-lab/testnet-wallet-lab --use-compress-program unzstd
browser	Run actions/setup-node@49933ea5288caeca8642d1e84afbd3f7d6820020	2026-09-18T16:46:02.2383511Z Cache restored successfully
browser	Run actions/setup-node@49933ea5288caeca8642d1e84afbd3f7d6820020	2026-09-18T16:46:02.2390287Z Cache restored from key: node-cache-Linux-x64-npm-273d4e472d6f8a0fcba29dabcd4003daf05a53ac1c23ce96d23507be46b71abc
browser	Run npm ci --prefix tests/browser	﻿2026-09-18T16:46:02.2532555Z ##[group]Run npm ci --prefix tests/browser
browser	Run npm ci --prefix tests/browser	2026-09-18T16:46:02.2532976Z [36;1mnpm ci --prefix tests/browser[0m
browser	Run npm ci --prefix tests/browser	2026-09-18T16:46:02.2582503Z shell: /usr/bin/bash -e {0}
browser	Run npm ci --prefix tests/browser	2026-09-18T16:46:02.2582797Z ##[endgroup]
browser	Run npm ci --prefix tests/browser	2026-09-18T16:46:03.2737898Z 
browser	Run npm ci --prefix tests/browser	2026-09-18T16:46:03.2745113Z added 2 packages, and audited 3 packages in 954ms
browser	Run npm ci --prefix tests/browser	2026-09-18T16:46:03.2745799Z 
browser	Run npm ci --prefix tests/browser	2026-09-18T16:46:03.2746046Z found 0 vulnerabilities
browser	Run cd tests/browser && npx playwright install --with-deps chromium	﻿2026-09-18T16:46:03.3166501Z ##[group]Run cd tests/browser && npx playwright install --with-deps chromium
browser	Run cd tests/browser && npx playwright install --with-deps chromium	2026-09-18T16:46:03.3167115Z [36;1mcd tests/browser && npx playwright install --with-deps chromium[0m
browser	Run cd tests/browser && npx playwright install --with-deps chromium	2026-09-18T16:46:03.3203882Z shell: /usr/bin/bash -e {0}
browser	Run cd tests/browser && npx playwright install --with-deps chromium	2026-09-18T16:46:03.3204159Z ##[endgroup]
browser	Run cd tests/browser && npx playwright install --with-deps chromium	2026-09-18T16:46:04.2672669Z Installing dependencies...
browser	Run cd tests/browser && npx playwright install --with-deps chromium	2026-09-18T16:46:04.2759356Z Switching to root user to install dependencies...
browser	Run cd tests/browser && npx playwright install --with-deps chromium	2026-09-18T16:46:04.3612000Z Get:1 file:/etc/apt/apt-mirrors.txt Mirrorlist [144 B]
browser	Run cd tests/browser && npx playwright install --with-deps chromium	2026-09-18T16:46:04.3925595Z Hit:2 http://azure.archive.ubuntu.com/ubuntu noble InRelease
browser	Run cd tests/browser && npx playwright install --with-deps chromium	2026-09-18T16:46:04.3927578Z Get:6 https://packages.microsoft.com/ubuntu/24.04/prod noble InRelease [3600 B]
browser	Run cd tests/browser && npx playwright install --with-deps chromium	2026-09-18T16:46:04.3943639Z Get:3 http://azure.archive.ubuntu.com/ubuntu noble-updates InRelease [126 kB]
browser	Run cd tests/browser && npx playwright install --with-deps chromium	2026-09-18T16:46:04.4029120Z Get:4 http://azure.archive.ubuntu.com/ubuntu noble-backports InRelease [126 kB]
browser	Run cd tests/browser && npx playwright install --with-deps chromium	2026-09-18T16:46:04.4031027Z Get:5 http://azure.archive.ubuntu.com/ubuntu noble-security InRelease [126 kB]
browser	Run cd tests/browser && npx playwright install --with-deps chromium	2026-09-18T16:46:04.4961346Z Get:7 https://dl.google.com/linux/chrome-stable/deb stable InRelease [2548 B]
browser	Run cd tests/browser && npx playwright install --with-deps chromium	2026-09-18T16:46:04.5280777Z Get:8 https://packages.microsoft.com/ubuntu/24.04/prod noble/main arm64 Packages [429 kB]
browser	Run cd tests/browser && npx playwright install --with-deps chromium	2026-09-18T16:46:04.5467779Z Get:9 https://packages.microsoft.com/ubuntu/24.04/prod noble/main amd64 Packages [478 kB]
browser	Run cd tests/browser && npx playwright install --with-deps chromium	2026-09-18T16:46:04.5789930Z Get:10 http://azure.archive.ubuntu.com/ubuntu noble-updates/main amd64 Packages [1275 kB]
browser	Run cd tests/browser && npx playwright install --with-deps chromium	2026-09-18T16:46:04.5870186Z Get:11 http://azure.archive.ubuntu.com/ubuntu noble-updates/main Translation-en [294 kB]
browser	Run cd tests/browser && npx playwright install --with-deps chromium	2026-09-18T16:46:04.5889819Z Get:12 http://azure.archive.ubuntu.com/ubuntu noble-updates/main amd64 Components [181 kB]
browser	Run cd tests/browser && npx playwright install --with-deps chromium	2026-09-18T16:46:04.5920089Z Get:13 http://azure.archive.ubuntu.com/ubuntu noble-updates/universe amd64 Packages [1689 kB]
browser	Run cd tests/browser && npx playwright install --with-deps chromium	2026-09-18T16:46:04.5997373Z Get:14 http://azure.archive.ubuntu.com/ubuntu noble-updates/universe Translation-en [338 kB]
browser	Run cd tests/browser && npx playwright install --with-deps chromium	2026-09-18T16:46:04.6041016Z Get:15 http://azure.archive.ubuntu.com/ubuntu noble-updates/universe amd64 Components [388 kB]
browser	Run cd tests/browser && npx playwright install --with-deps chromium	2026-09-18T16:46:04.6048061Z Get:16 http://azure.archive.ubuntu.com/ubuntu noble-updates/restricted amd64 Packages [1580 kB]
browser	Run cd tests/browser && npx playwright install --with-deps chromium	2026-09-18T16:46:04.6136133Z Get:17 http://azure.archive.ubuntu.com/ubuntu noble-updates/restricted Translation-en [359 kB]
browser	Run cd tests/browser && npx playwright install --with-deps chromium	2026-09-18T16:46:04.6159120Z Get:18 http://azure.archive.ubuntu.com/ubuntu noble-updates/multiverse amd64 Packages [45.7 kB]
browser	Run cd tests/browser && npx playwright install --with-deps chromium	2026-09-18T16:46:04.6171469Z Get:19 http://azure.archive.ubuntu.com/ubuntu noble-updates/multiverse Translation-en [13.1 kB]
browser	Run cd tests/browser && npx playwright install --with-deps chromium	2026-09-18T16:46:04.6591148Z Get:20 http://azure.archive.ubuntu.com/ubuntu noble-updates/multiverse amd64 Components [940 B]
browser	Run cd tests/browser && npx playwright install --with-deps chromium	2026-09-18T16:46:04.6610116Z Get:21 http://azure.archive.ubuntu.com/ubuntu noble-backports/main amd64 Packages [65.9 kB]
browser	Run cd tests/browser && npx playwright install --with-deps chromium	2026-09-18T16:46:04.6619351Z Get:22 http://azure.archive.ubuntu.com/ubuntu noble-backports/main amd64 Components [5748 B]
browser	Run cd tests/browser && npx playwright install --with-deps chromium	2026-09-18T16:46:04.6626293Z Get:23 http://azure.archive.ubuntu.com/ubuntu noble-backports/universe amd64 Packages [34.6 kB]
browser	Run cd tests/browser && npx playwright install --with-deps chromium	2026-09-18T16:46:04.6643150Z Get:24 http://azure.archive.ubuntu.com/ubuntu noble-backports/universe Translation-en [18.7 kB]
browser	Run cd tests/browser && npx playwright install --with-deps chromium	2026-09-18T16:46:04.6651410Z Get:25 http://azure.archive.ubuntu.com/ubuntu noble-backports/universe amd64 Components [12.6 kB]
browser	Run cd tests/browser && npx playwright install --with-deps chromium	2026-09-18T16:46:04.6866952Z Get:26 http://azure.archive.ubuntu.com/ubuntu noble-security/main amd64 Packages [1009 kB]
browser	Run cd tests/browser && npx playwright install --with-deps chromium	2026-09-18T16:46:04.6922769Z Get:27 http://azure.archive.ubuntu.com/ubuntu noble-security/main Translation-en [214 kB]
browser	Run cd tests/browser && npx playwright install --with-deps chromium	2026-09-18T16:46:04.6945887Z Get:28 http://azure.archive.ubuntu.com/ubuntu noble-security/main amd64 Components [46.4 kB]
browser	Run cd tests/browser && npx playwright install --with-deps chromium	2026-09-18T16:46:04.6962783Z Get:29 http://azure.archive.ubuntu.com/ubuntu noble-security/universe amd64 Packages [1208 kB]
browser	Run cd tests/browser && npx playwright install --with-deps chromium	2026-09-18T16:46:04.7030537Z Get:30 http://azure.archive.ubuntu.com/ubuntu noble-security/universe Translation-en [243 kB]
browser	Run cd tests/browser && npx playwright install --with-deps chromium	2026-09-18T16:46:04.7074873Z Get:31 http://azure.archive.ubuntu.com/ubuntu noble-security/universe amd64 Components [76.2 kB]
browser	Run cd tests/browser && npx playwright install --with-deps chromium	2026-09-18T16:46:04.7082523Z Get:32 http://azure.archive.ubuntu.com/ubuntu noble-security/restricted amd64 Packages [1449 kB]
browser	Run cd tests/browser && npx playwright install --with-deps chromium	2026-09-18T16:46:04.7159927Z Get:33 http://azure.archive.ubuntu.com/ubuntu noble-security/restricted Translation-en [336 kB]
browser	Run cd tests/browser && npx playwright install --with-deps chromium	2026-09-18T16:46:04.7667490Z Get:34 http://azure.archive.ubuntu.com/ubuntu noble-security/multiverse Translation-en [11.3 kB]
browser	Run cd tests/browser && npx playwright install --with-deps chromium	2026-09-18T16:46:04.7891710Z Get:35 https://dl.google.com/linux/chrome-stable/deb stable/main amd64 Packages [1409 B]
browser	Run cd tests/browser && npx playwright install --with-deps chromium	2026-09-18T16:46:09.3163229Z Fetched 12.2 MB in 1s (9111 kB/s)
browser	Run cd tests/browser && npx playwright install --with-deps chromium	2026-09-18T16:46:10.1106944Z Reading package lists...
browser	Run cd tests/browser && npx playwright install --with-deps chromium	2026-09-18T16:46:10.1349785Z Reading package lists...
browser	Run cd tests/browser && npx playwright install --with-deps chromium	2026-09-18T16:46:10.3027939Z Building dependency tree...
browser	Run cd tests/browser && npx playwright install --with-deps chromium	2026-09-18T16:46:10.3035157Z Reading state information...
browser	Run cd tests/browser && npx playwright install --with-deps chromium	2026-09-18T16:46:10.4388588Z libasound2t64 is already the newest version (1.2.11-1ubuntu0.3).
browser	Run cd tests/browser && npx playwright install --with-deps chromium	2026-09-18T16:46:10.4409754Z libasound2t64 set to manually installed.
browser	Run cd tests/browser && npx playwright install --with-deps chromium	2026-09-18T16:46:10.4410701Z libatk-bridge2.0-0t64 is already the newest version (2.52.0-1build1).
browser	Run cd tests/browser && npx playwright install --with-deps chromium	2026-09-18T16:46:10.4411599Z libatk-bridge2.0-0t64 set to manually installed.
browser	Run cd tests/browser && npx playwright install --with-deps chromium	2026-09-18T16:46:10.4412441Z libatk1.0-0t64 is already the newest version (2.52.0-1build1).
browser	Run cd tests/browser && npx playwright install --with-deps chromium	2026-09-18T16:46:10.4413208Z libatk1.0-0t64 set to manually installed.
browser	Run cd tests/browser && npx playwright install --with-deps chromium	2026-09-18T16:46:10.4413743Z libatspi2.0-0t64 is already the newest version (2.52.0-1build1).
browser	Run cd tests/browser && npx playwright install --with-deps chromium	2026-09-18T16:46:10.4414188Z libatspi2.0-0t64 set to manually installed.
browser	Run cd tests/browser && npx playwright install --with-deps chromium	2026-09-18T16:46:10.4414625Z libcairo2 is already the newest version (1.18.0-3build1).
browser	Run cd tests/browser && npx playwright install --with-deps chromium	2026-09-18T16:46:10.4415082Z libcairo2 set to manually installed.
browser	Run cd tests/browser && npx playwright install --with-deps chromium	2026-09-18T16:46:10.4415558Z libcups2t64 is already the newest version (2.4.7-1.2ubuntu7.14).
browser	Run cd tests/browser && npx playwright install --with-deps chromium	2026-09-18T16:46:10.4416001Z libcups2t64 set to manually installed.
browser	Run cd tests/browser && npx playwright install --with-deps chromium	2026-09-18T16:46:10.4416455Z libdbus-1-3 is already the newest version (1.14.10-4ubuntu4.1).
browser	Run cd tests/browser && npx playwright install --with-deps chromium	2026-09-18T16:46:10.4416878Z libdbus-1-3 set to manually installed.
browser	Run cd tests/browser && npx playwright install --with-deps chromium	2026-09-18T16:46:10.4417338Z libdrm2 is already the newest version (2.4.125-1ubuntu0.1~24.04.2).
browser	Run cd tests/browser && npx playwright install --with-deps chromium	2026-09-18T16:46:10.4417768Z libdrm2 set to manually installed.
browser	Run cd tests/browser && npx playwright install --with-deps chromium	2026-09-18T16:46:10.4418378Z libgbm1 is already the newest version (25.2.8-0ubuntu0.24.04.2).
browser	Run cd tests/browser && npx playwright install --with-deps chromium	2026-09-18T16:46:10.4418862Z libgbm1 set to manually installed.
browser	Run cd tests/browser && npx playwright install --with-deps chromium	2026-09-18T16:46:10.4419311Z libglib2.0-0t64 is already the newest version (2.80.0-6ubuntu3.8).
browser	Run cd tests/browser && npx playwright install --with-deps chromium	2026-09-18T16:46:10.4419755Z libglib2.0-0t64 set to manually installed.
browser	Run cd tests/browser && npx playwright install --with-deps chromium	2026-09-18T16:46:10.4420605Z libnspr4 is already the newest version (2:4.35-1.1build1).
browser	Run cd tests/browser && npx playwright install --with-deps chromium	2026-09-18T16:46:10.4421281Z libnspr4 set to manually installed.
browser	Run cd tests/browser && npx playwright install --with-deps chromium	2026-09-18T16:46:10.4421983Z libnss3 is already the newest version (2:3.98-1ubuntu0.2).
browser	Run cd tests/browser && npx playwright install --with-deps chromium	2026-09-18T16:46:10.4422722Z libnss3 set to manually installed.
browser	Run cd tests/browser && npx playwright install --with-deps chromium	2026-09-18T16:46:10.4423563Z libpango-1.0-0 is already the newest version (1.52.1+ds-1build1).
browser	Run cd tests/browser && npx playwright install --with-deps chromium	2026-09-18T16:46:10.4424719Z libpango-1.0-0 set to manually installed.
browser	Run cd tests/browser && npx playwright install --with-deps chromium	2026-09-18T16:46:10.4425208Z libx11-6 is already the newest version (2:1.8.7-1build1).
browser	Run cd tests/browser && npx playwright install --with-deps chromium	2026-09-18T16:46:10.4425632Z libx11-6 set to manually installed.
browser	Run cd tests/browser && npx playwright install --with-deps chromium	2026-09-18T16:46:10.4426042Z libxcb1 is already the newest version (1.15-1ubuntu2).
browser	Run cd tests/browser && npx playwright install --with-deps chromium	2026-09-18T16:46:10.4426433Z libxcb1 set to manually installed.
browser	Run cd tests/browser && npx playwright install --with-deps chromium	2026-09-18T16:46:10.4426881Z libxcomposite1 is already the newest version (1:0.4.5-1build3).
browser	Run cd tests/browser && npx playwright install --with-deps chromium	2026-09-18T16:46:10.4427319Z libxcomposite1 set to manually installed.
browser	Run cd tests/browser && npx playwright install --with-deps chromium	2026-09-18T16:46:10.4427773Z libxdamage1 is already the newest version (1:1.1.6-1build1).
browser	Run cd tests/browser && npx playwright install --with-deps chromium	2026-09-18T16:46:10.4428463Z libxdamage1 set to manually installed.
browser	Run cd tests/browser && npx playwright install --with-deps chromium	2026-09-18T16:46:10.4428967Z libxext6 is already the newest version (2:1.3.4-1build2).
browser	Run cd tests/browser && npx playwright install --with-deps chromium	2026-09-18T16:46:10.4429374Z libxext6 set to manually installed.
browser	Run cd tests/browser && npx playwright install --with-deps chromium	2026-09-18T16:46:10.4429797Z libxfixes3 is already the newest version (1:6.0.0-2build1).
browser	Run cd tests/browser && npx playwright install --with-deps chromium	2026-09-18T16:46:10.4430213Z libxfixes3 set to manually installed.
browser	Run cd tests/browser && npx playwright install --with-deps chromium	2026-09-18T16:46:10.4430652Z libxkbcommon0 is already the newest version (1.6.0-1build1).
browser	Run cd tests/browser && npx playwright install --with-deps chromium	2026-09-18T16:46:10.4431078Z libxkbcommon0 set to manually installed.
browser	Run cd tests/browser && npx playwright install --with-deps chromium	2026-09-18T16:46:10.4431508Z libxrandr2 is already the newest version (2:1.5.2-2build1).
browser	Run cd tests/browser && npx playwright install --with-deps chromium	2026-09-18T16:46:10.4431915Z libxrandr2 set to manually installed.
browser	Run cd tests/browser && npx playwright install --with-deps chromium	2026-09-18T16:46:10.4432544Z xvfb is already the newest version (2:21.1.12-1ubuntu1.6).
browser	Run cd tests/browser && npx playwright install --with-deps chromium	2026-09-18T16:46:10.4433133Z fonts-noto-color-emoji is already the newest version (2.047-0ubuntu0.24.04.1).
browser	Run cd tests/browser && npx playwright install --with-deps chromium	2026-09-18T16:46:10.4433728Z libfontconfig1 is already the newest version (2.15.0-1.1ubuntu2).
browser	Run cd tests/browser && npx playwright install --with-deps chromium	2026-09-18T16:46:10.4434178Z libfontconfig1 set to manually installed.
browser	Run cd tests/browser && npx playwright install --with-deps chromium	2026-09-18T16:46:10.4434661Z libfreetype6 is already the newest version (2.13.2+dfsg-1ubuntu0.1).
browser	Run cd tests/browser && npx playwright install --with-deps chromium	2026-09-18T16:46:10.4435112Z libfreetype6 set to manually installed.
browser	Run cd tests/browser && npx playwright install --with-deps chromium	2026-09-18T16:46:10.4435565Z fonts-liberation is already the newest version (1:2.1.5-3).
browser	Run cd tests/browser && npx playwright install --with-deps chromium	2026-09-18T16:46:10.4435999Z fonts-liberation set to manually installed.
browser	Run cd tests/browser && npx playwright install --with-deps chromium	2026-09-18T16:46:10.4436436Z The following additional packages will be installed:
browser	Run cd tests/browser && npx playwright install --with-deps chromium	2026-09-18T16:46:10.4436831Z   xfonts-encodings xfonts-utils
browser	Run cd tests/browser && npx playwright install --with-deps chromium	2026-09-18T16:46:10.4437132Z Recommended packages:
browser	Run cd tests/browser && npx playwright install --with-deps chromium	2026-09-18T16:46:10.4437448Z   fonts-ipafont-mincho fonts-tlwg-loma
browser	Run cd tests/browser && npx playwright install --with-deps chromium	2026-09-18T16:46:10.4597139Z The following NEW packages will be installed:
browser	Run cd tests/browser && npx playwright install --with-deps chromium	2026-09-18T16:46:10.4598026Z   fonts-freefont-ttf fonts-ipafont-gothic fonts-tlwg-loma-otf fonts-unifont
browser	Run cd tests/browser && npx playwright install --with-deps chromium	2026-09-18T16:46:10.4603056Z   fonts-wqy-zenhei xfonts-cyrillic xfonts-encodings xfonts-scalable
browser	Run cd tests/browser && npx playwright install --with-deps chromium	2026-09-18T16:46:10.4603725Z   xfonts-utils
browser	Run cd tests/browser && npx playwright install --with-deps chromium	2026-09-18T16:46:10.4768873Z 0 upgraded, 9 newly installed, 0 to remove and 73 not upgraded.
browser	Run cd tests/browser && npx playwright install --with-deps chromium	2026-09-18T16:46:10.4769586Z Need to get 21.1 MB of archives.
browser	Run cd tests/browser && npx playwright install --with-deps chromium	2026-09-18T16:46:10.4770072Z After this operation, 79.5 MB of additional disk space will be used.
browser	Run cd tests/browser && npx playwright install --with-deps chromium	2026-09-18T16:46:10.4770607Z Get:1 file:/etc/apt/apt-mirrors.txt Mirrorlist [144 B]
browser	Run cd tests/browser && npx playwright install --with-deps chromium	2026-09-18T16:46:10.5181556Z Get:2 http://azure.archive.ubuntu.com/ubuntu noble/universe amd64 fonts-ipafont-gothic all 00303-21ubuntu1 [3513 kB]
browser	Run cd tests/browser && npx playwright install --with-deps chromium	2026-09-18T16:46:10.5740912Z Get:3 http://azure.archive.ubuntu.com/ubuntu noble/main amd64 fonts-freefont-ttf all 20211204+svn4273-2 [5641 kB]
browser	Run cd tests/browser && npx playwright install --with-deps chromium	2026-09-18T16:46:10.6700116Z Get:4 http://azure.archive.ubuntu.com/ubuntu noble/universe amd64 fonts-tlwg-loma-otf all 1:0.7.3-1 [107 kB]
browser	Run cd tests/browser && npx playwright install --with-deps chromium	2026-09-18T16:46:10.6962066Z Get:5 http://azure.archive.ubuntu.com/ubuntu noble/universe amd64 fonts-unifont all 1:15.1.01-1build1 [2993 kB]
browser	Run cd tests/browser && npx playwright install --with-deps chromium	2026-09-18T16:46:10.7501938Z Get:6 http://azure.archive.ubuntu.com/ubuntu noble/universe amd64 fonts-wqy-zenhei all 0.9.45-8 [7472 kB]
browser	Run cd tests/browser && npx playwright install --with-deps chromium	2026-09-18T16:46:10.8368659Z Get:7 http://azure.archive.ubuntu.com/ubuntu noble/main amd64 xfonts-encodings all 1:1.0.5-0ubuntu2 [578 kB]
browser	Run cd tests/browser && npx playwright install --with-deps chromium	2026-09-18T16:46:10.8680429Z Get:8 http://azure.archive.ubuntu.com/ubuntu noble/main amd64 xfonts-utils amd64 1:7.7+6build3 [94.4 kB]
browser	Run cd tests/browser && npx playwright install --with-deps chromium	2026-09-18T16:46:10.8947603Z Get:9 http://azure.archive.ubuntu.com/ubuntu noble/universe amd64 xfonts-cyrillic all 1:1.0.5+nmu1 [384 kB]
browser	Run cd tests/browser && npx playwright install --with-deps chromium	2026-09-18T16:46:10.9229260Z Get:10 http://azure.archive.ubuntu.com/ubuntu noble/main amd64 xfonts-scalable all 1:1.0.3-1.3 [304 kB]
browser	Run cd tests/browser && npx playwright install --with-deps chromium	2026-09-18T16:46:11.1695452Z Fetched 21.1 MB in 0s (46.0 MB/s)
browser	Run cd tests/browser && npx playwright install --with-deps chromium	2026-09-18T16:46:11.1955614Z Selecting previously unselected package fonts-ipafont-gothic.
browser	Run cd tests/browser && npx playwright install --with-deps chromium	2026-09-18T16:46:11.2279789Z (Reading database ... 
browser	Run cd tests/browser && npx playwright install --with-deps chromium	2026-09-18T16:46:11.2280217Z (Reading database ... 5%
browser	Run cd tests/browser && npx playwright install --with-deps chromium	2026-09-18T16:46:11.2280509Z (Reading database ... 10%
browser	Run cd tests/browser && npx playwright install --with-deps chromium	2026-09-18T16:46:11.2280802Z (Reading database ... 15%
browser	Run cd tests/browser && npx playwright install --with-deps chromium	2026-09-18T16:46:11.2281057Z (Reading database ... 20%
browser	Run cd tests/browser && npx playwright install --with-deps chromium	2026-09-18T16:46:11.2281309Z (Reading database ... 25%
browser	Run cd tests/browser && npx playwright install --with-deps chromium	2026-09-18T16:46:11.2281565Z (Reading database ... 30%
browser	Run cd tests/browser && npx playwright install --with-deps chromium	2026-09-18T16:46:11.2281814Z (Reading database ... 35%
browser	Run cd tests/browser && npx playwright install --with-deps chromium	2026-09-18T16:46:11.2282081Z (Reading database ... 40%
browser	Run cd tests/browser && npx playwright install --with-deps chromium	2026-09-18T16:46:11.2282492Z (Reading database ... 45%
browser	Run cd tests/browser && npx playwright install --with-deps chromium	2026-09-18T16:46:11.2282953Z (Reading database ... 50%
browser	Run cd tests/browser && npx playwright install --with-deps chromium	2026-09-18T16:46:11.2326088Z (Reading database ... 55%
browser	Run cd tests/browser && npx playwright install --with-deps chromium	2026-09-18T16:46:11.3766348Z (Reading database ... 60%
browser	Run cd tests/browser && npx playwright install --with-deps chromium	2026-09-18T16:46:11.5555624Z (Reading database ... 65%
browser	Run cd tests/browser && npx playwright install --with-deps chromium	2026-09-18T16:46:11.7241994Z (Reading database ... 70%
browser	Run cd tests/browser && npx playwright install --with-deps chromium	2026-09-18T16:46:11.9147365Z (Reading database ... 75%
browser	Run cd tests/browser && npx playwright install --with-deps chromium	2026-09-18T16:46:12.0844901Z (Reading database ... 80%
browser	Run cd tests/browser && npx playwright install --with-deps chromium	2026-09-18T16:46:12.3119810Z (Reading database ... 85%
browser	Run cd tests/browser && npx playwright install --with-deps chromium	2026-09-18T16:46:12.5039615Z (Reading database ... 90%
browser	Run cd tests/browser && npx playwright install --with-deps chromium	2026-09-18T16:46:12.7148480Z (Reading database ... 95%
browser	Run cd tests/browser && npx playwright install --with-deps chromium	2026-09-18T16:46:12.7149546Z (Reading database ... 100%
browser	Run cd tests/browser && npx playwright install --with-deps chromium	2026-09-18T16:46:12.7150315Z (Reading database ... 201818 files and directories currently installed.)
browser	Run cd tests/browser && npx playwright install --with-deps chromium	2026-09-18T16:46:12.7191309Z Preparing to unpack .../0-fonts-ipafont-gothic_00303-21ubuntu1_all.deb ...
browser	Run cd tests/browser && npx playwright install --with-deps chromium	2026-09-18T16:46:12.7284607Z Unpacking fonts-ipafont-gothic (00303-21ubuntu1) ...
browser	Run cd tests/browser && npx playwright install --with-deps chromium	2026-09-18T16:46:12.9562966Z Selecting previously unselected package fonts-freefont-ttf.
browser	Run cd tests/browser && npx playwright install --with-deps chromium	2026-09-18T16:46:12.9687688Z Preparing to unpack .../1-fonts-freefont-ttf_20211204+svn4273-2_all.deb ...
browser	Run cd tests/browser && npx playwright install --with-deps chromium	2026-09-18T16:46:12.9696998Z Unpacking fonts-freefont-ttf (20211204+svn4273-2) ...
browser	Run cd tests/browser && npx playwright install --with-deps chromium	2026-09-18T16:46:13.0478537Z Selecting previously unselected package fonts-tlwg-loma-otf.
browser	Run cd tests/browser && npx playwright install --with-deps chromium	2026-09-18T16:46:13.0602643Z Preparing to unpack .../2-fonts-tlwg-loma-otf_1%3a0.7.3-1_all.deb ...
browser	Run cd tests/browser && npx playwright install --with-deps chromium	2026-09-18T16:46:13.0610628Z Unpacking fonts-tlwg-loma-otf (1:0.7.3-1) ...
browser	Run cd tests/browser && npx playwright install --with-deps chromium	2026-09-18T16:46:13.0824371Z Selecting previously unselected package fonts-unifont.
browser	Run cd tests/browser && npx playwright install --with-deps chromium	2026-09-18T16:46:13.0948869Z Preparing to unpack .../3-fonts-unifont_1%3a15.1.01-1build1_all.deb ...
browser	Run cd tests/browser && npx playwright install --with-deps chromium	2026-09-18T16:46:13.0956984Z Unpacking fonts-unifont (1:15.1.01-1build1) ...
browser	Run cd tests/browser && npx playwright install --with-deps chromium	2026-09-18T16:46:13.2031296Z Selecting previously unselected package fonts-wqy-zenhei.
browser	Run cd tests/browser && npx playwright install --with-deps chromium	2026-09-18T16:46:13.2157397Z Preparing to unpack .../4-fonts-wqy-zenhei_0.9.45-8_all.deb ...
browser	Run cd tests/browser && npx playwright install --with-deps chromium	2026-09-18T16:46:13.2258656Z Unpacking fonts-wqy-zenhei (0.9.45-8) ...
browser	Run cd tests/browser && npx playwright install --with-deps chromium	2026-09-18T16:46:13.6838049Z Selecting previously unselected package xfonts-encodings.
browser	Run cd tests/browser && npx playwright install --with-deps chromium	2026-09-18T16:46:13.6962778Z Preparing to unpack .../5-xfonts-encodings_1%3a1.0.5-0ubuntu2_all.deb ...
browser	Run cd tests/browser && npx playwright install --with-deps chromium	2026-09-18T16:46:13.6971553Z Unpacking xfonts-encodings (1:1.0.5-0ubuntu2) ...
browser	Run cd tests/browser && npx playwright install --with-deps chromium	2026-09-18T16:46:13.7268459Z Selecting previously unselected package xfonts-utils.
browser	Run cd tests/browser && npx playwright install --with-deps chromium	2026-09-18T16:46:13.7392333Z Preparing to unpack .../6-xfonts-utils_1%3a7.7+6build3_amd64.deb ...
browser	Run cd tests/browser && npx playwright install --with-deps chromium	2026-09-18T16:46:13.7400510Z Unpacking xfonts-utils (1:7.7+6build3) ...
browser	Run cd tests/browser && npx playwright install --with-deps chromium	2026-09-18T16:46:13.7777547Z Selecting previously unselected package xfonts-cyrillic.
browser	Run cd tests/browser && npx playwright install --with-deps chromium	2026-09-18T16:46:13.7903428Z Preparing to unpack .../7-xfonts-cyrillic_1%3a1.0.5+nmu1_all.deb ...
browser	Run cd tests/browser && npx playwright install --with-deps chromium	2026-09-18T16:46:13.7913890Z Unpacking xfonts-cyrillic (1:1.0.5+nmu1) ...
browser	Run cd tests/browser && npx playwright install --with-deps chromium	2026-09-18T16:46:13.8252819Z Selecting previously unselected package xfonts-scalable.
browser	Run cd tests/browser && npx playwright install --with-deps chromium	2026-09-18T16:46:13.8378063Z Preparing to unpack .../8-xfonts-scalable_1%3a1.0.3-1.3_all.deb ...
browser	Run cd tests/browser && npx playwright install --with-deps chromium	2026-09-18T16:46:13.8385928Z Unpacking xfonts-scalable (1:1.0.3-1.3) ...
browser	Run cd tests/browser && npx playwright install --with-deps chromium	2026-09-18T16:46:13.8794589Z Setting up fonts-wqy-zenhei (0.9.45-8) ...
browser	Run cd tests/browser && npx playwright install --with-deps chromium	2026-09-18T16:46:13.8914849Z Setting up fonts-freefont-ttf (20211204+svn4273-2) ...
browser	Run cd tests/browser && npx playwright install --with-deps chromium	2026-09-18T16:46:13.8935400Z Setting up fonts-tlwg-loma-otf (1:0.7.3-1) ...
browser	Run cd tests/browser && npx playwright install --with-deps chromium	2026-09-18T16:46:13.8955055Z Setting up xfonts-encodings (1:1.0.5-0ubuntu2) ...
browser	Run cd tests/browser && npx playwright install --with-deps chromium	2026-09-18T16:46:13.8974494Z Setting up fonts-ipafont-gothic (00303-21ubuntu1) ...
browser	Run cd tests/browser && npx playwright install --with-deps chromium	2026-09-18T16:46:13.9039811Z update-alternatives: using /usr/share/fonts/opentype/ipafont-gothic/ipag.ttf to provide /usr/share/fonts/truetype/fonts-japanese-gothic.ttf (fonts-japanese-gothic.ttf) in auto mode
browser	Run cd tests/browser && npx playwright install --with-deps chromium	2026-09-18T16:46:13.9055108Z Setting up fonts-unifont (1:15.1.01-1build1) ...
browser	Run cd tests/browser && npx playwright install --with-deps chromium	2026-09-18T16:46:13.9076674Z Setting up xfonts-utils (1:7.7+6build3) ...
browser	Run cd tests/browser && npx playwright install --with-deps chromium	2026-09-18T16:46:13.9116951Z Setting up xfonts-cyrillic (1:1.0.5+nmu1) ...
browser	Run cd tests/browser && npx playwright install --with-deps chromium	2026-09-18T16:46:13.9412934Z Setting up xfonts-scalable (1:1.0.3-1.3) ...
browser	Run cd tests/browser && npx playwright install --with-deps chromium	2026-09-18T16:46:13.9686939Z Processing triggers for man-db (2.12.0-4build2) ...
browser	Run cd tests/browser && npx playwright install --with-deps chromium	2026-09-18T16:46:13.9709981Z Not building database; man-db/auto-update is not 'true'.
browser	Run cd tests/browser && npx playwright install --with-deps chromium	2026-09-18T16:46:13.9723177Z Processing triggers for fontconfig (2.15.0-1.1ubuntu2) ...
browser	Run cd tests/browser && npx playwright install --with-deps chromium	2026-09-18T16:46:14.6990849Z 
browser	Run cd tests/browser && npx playwright install --with-deps chromium	2026-09-18T16:46:14.6991734Z Running kernel seems to be up-to-date.
browser	Run cd tests/browser && npx playwright install --with-deps chromium	2026-09-18T16:46:14.6992082Z 
browser	Run cd tests/browser && npx playwright install --with-deps chromium	2026-09-18T16:46:14.6992341Z No services need to be restarted.
browser	Run cd tests/browser && npx playwright install --with-deps chromium	2026-09-18T16:46:14.6992585Z 
browser	Run cd tests/browser && npx playwright install --with-deps chromium	2026-09-18T16:46:14.6992811Z No containers need to be restarted.
browser	Run cd tests/browser && npx playwright install --with-deps chromium	2026-09-18T16:46:14.6993079Z 
browser	Run cd tests/browser && npx playwright install --with-deps chromium	2026-09-18T16:46:14.6993323Z No user sessions are running outdated binaries.
browser	Run cd tests/browser && npx playwright install --with-deps chromium	2026-09-18T16:46:14.6993599Z 
browser	Run cd tests/browser && npx playwright install --with-deps chromium	2026-09-18T16:46:14.6993997Z No VM guests are running outdated hypervisor (qemu) binaries on this host.
browser	Run cd tests/browser && npx playwright install --with-deps chromium	2026-09-18T16:46:15.5719419Z Downloading Chrome for Testing 145.0.7632.6 (playwright chromium v1208) from https://cdn.playwright.dev/builds/cft/145.0.7632.6/linux64/chrome-linux64.zip
browser	Run cd tests/browser && npx playwright install --with-deps chromium	2026-09-18T16:46:15.7715664Z |                                                                                |   0% of 167.3 MiB
browser	Run cd tests/browser && npx playwright install --with-deps chromium	2026-09-18T16:46:15.9694836Z |■■■■■■■■                                                                        |  10% of 167.3 MiB
browser	Run cd tests/browser && npx playwright install --with-deps chromium	2026-09-18T16:46:16.0525549Z |■■■■■■■■■■■■■■■■                                                                |  20% of 167.3 MiB
browser	Run cd tests/browser && npx playwright install --with-deps chromium	2026-09-18T16:46:16.1414118Z |■■■■■■■■■■■■■■■■■■■■■■■■                                                        |  30% of 167.3 MiB
browser	Run cd tests/browser && npx playwright install --with-deps chromium	2026-09-18T16:46:16.2462295Z |■■■■■■■■■■■■■■■■■■■■■■■■■■■■■■■■                                                |  40% of 167.3 MiB
browser	Run cd tests/browser && npx playwright install --with-deps chromium	2026-09-18T16:46:16.3722075Z |■■■■■■■■■■■■■■■■■■■■■■■■■■■■■■■■■■■■■■■■                                        |  50% of 167.3 MiB
browser	Run cd tests/browser && npx playwright install --with-deps chromium	2026-09-18T16:46:16.4844751Z |■■■■■■■■■■■■■■■■■■■■■■■■■■■■■■■■■■■■■■■■■■■■■■■■                                |  60% of 167.3 MiB
browser	Run cd tests/browser && npx playwright install --with-deps chromium	2026-09-18T16:46:16.5799010Z |■■■■■■■■■■■■■■■■■■■■■■■■■■■■■■■■■■■■■■■■■■■■■■■■■■■■■■■■                        |  70% of 167.3 MiB
browser	Run cd tests/browser && npx playwright install --with-deps chromium	2026-09-18T16:46:16.6638499Z |■■■■■■■■■■■■■■■■■■■■■■■■■■■■■■■■■■■■■■■■■■■■■■■■■■■■■■■■■■■■■■■■                |  80% of 167.3 MiB
browser	Run cd tests/browser && npx playwright install --with-deps chromium	2026-09-18T16:46:16.7993993Z |■■■■■■■■■■■■■■■■■■■■■■■■■■■■■■■■■■■■■■■■■■■■■■■■■■■■■■■■■■■■■■■■■■■■■■■■        |  90% of 167.3 MiB
browser	Run cd tests/browser && npx playwright install --with-deps chromium	2026-09-18T16:46:16.9093541Z |■■■■■■■■■■■■■■■■■■■■■■■■■■■■■■■■■■■■■■■■■■■■■■■■■■■■■■■■■■■■■■■■■■■■■■■■■■■■■■■■| 100% of 167.3 MiB
browser	Run cd tests/browser && npx playwright install --with-deps chromium	2026-09-18T16:46:19.5446941Z Chrome for Testing 145.0.7632.6 (playwright chromium v1208) downloaded to /home/runner/.cache/ms-playwright/chromium-1208
browser	Run cd tests/browser && npx playwright install --with-deps chromium	2026-09-18T16:46:19.5450712Z Downloading FFmpeg (playwright ffmpeg v1011) from https://cdn.playwright.dev/dbazure/download/playwright/builds/ffmpeg/1011/ffmpeg-linux.zip
browser	Run cd tests/browser && npx playwright install --with-deps chromium	2026-09-18T16:46:19.6730166Z |                                                                                |   0% of 2.3 MiB
browser	Run cd tests/browser && npx playwright install --with-deps chromium	2026-09-18T16:46:19.6780240Z |■■■■■■■■                                                                        |  10% of 2.3 MiB
browser	Run cd tests/browser && npx playwright install --with-deps chromium	2026-09-18T16:46:19.6812715Z |■■■■■■■■■■■■■■■■                                                                |  20% of 2.3 MiB
browser	Run cd tests/browser && npx playwright install --with-deps chromium	2026-09-18T16:46:19.6828482Z |■■■■■■■■■■■■■■■■■■■■■■■■                                                        |  30% of 2.3 MiB
browser	Run cd tests/browser && npx playwright install --with-deps chromium	2026-09-18T16:46:19.6848292Z |■■■■■■■■■■■■■■■■■■■■■■■■■■■■■■■■                                                |  40% of 2.3 MiB
browser	Run cd tests/browser && npx playwright install --with-deps chromium	2026-09-18T16:46:19.6863590Z |■■■■■■■■■■■■■■■■■■■■■■■■■■■■■■■■■■■■■■■■                                        |  50% of 2.3 MiB
browser	Run cd tests/browser && npx playwright install --with-deps chromium	2026-09-18T16:46:19.6884337Z |■■■■■■■■■■■■■■■■■■■■■■■■■■■■■■■■■■■■■■■■■■■■■■■■                                |  60% of 2.3 MiB
browser	Run cd tests/browser && npx playwright install --with-deps chromium	2026-09-18T16:46:19.6898477Z |■■■■■■■■■■■■■■■■■■■■■■■■■■■■■■■■■■■■■■■■■■■■■■■■■■■■■■■■                        |  70% of 2.3 MiB
browser	Run cd tests/browser && npx playwright install --with-deps chromium	2026-09-18T16:46:19.6916852Z |■■■■■■■■■■■■■■■■■■■■■■■■■■■■■■■■■■■■■■■■■■■■■■■■■■■■■■■■■■■■■■■■                |  80% of 2.3 MiB
browser	Run cd tests/browser && npx playwright install --with-deps chromium	2026-09-18T16:46:19.6935408Z |■■■■■■■■■■■■■■■■■■■■■■■■■■■■■■■■■■■■■■■■■■■■■■■■■■■■■■■■■■■■■■■■■■■■■■■■        |  90% of 2.3 MiB
browser	Run cd tests/browser && npx playwright install --with-deps chromium	2026-09-18T16:46:19.6947072Z |■■■■■■■■■■■■■■■■■■■■■■■■■■■■■■■■■■■■■■■■■■■■■■■■■■■■■■■■■■■■■■■■■■■■■■■■■■■■■■■■| 100% of 2.3 MiB
browser	Run cd tests/browser && npx playwright install --with-deps chromium	2026-09-18T16:46:19.7521382Z FFmpeg (playwright ffmpeg v1011) downloaded to /home/runner/.cache/ms-playwright/ffmpeg-1011
browser	Run cd tests/browser && npx playwright install --with-deps chromium	2026-09-18T16:46:19.7525018Z Downloading Chrome Headless Shell 145.0.7632.6 (playwright chromium-headless-shell v1208) from https://cdn.playwright.dev/builds/cft/145.0.7632.6/linux64/chrome-headless-shell-linux64.zip
browser	Run cd tests/browser && npx playwright install --with-deps chromium	2026-09-18T16:46:19.9494479Z |                                                                                |   0% of 110.9 MiB
browser	Run cd tests/browser && npx playwright install --with-deps chromium	2026-09-18T16:46:20.0831965Z |■■■■■■■■                                                                        |  10% of 110.9 MiB
browser	Run cd tests/browser && npx playwright install --with-deps chromium	2026-09-18T16:46:20.1428685Z |■■■■■■■■■■■■■■■■                                                                |  20% of 110.9 MiB
browser	Run cd tests/browser && npx playwright install --with-deps chromium	2026-09-18T16:46:20.1945659Z |■■■■■■■■■■■■■■■■■■■■■■■■                                                        |  30% of 110.9 MiB
browser	Run cd tests/browser && npx playwright install --with-deps chromium	2026-09-18T16:46:20.2527274Z |■■■■■■■■■■■■■■■■■■■■■■■■■■■■■■■■                                                |  40% of 110.9 MiB
browser	Run cd tests/browser && npx playwright install --with-deps chromium	2026-09-18T16:46:20.3175897Z |■■■■■■■■■■■■■■■■■■■■■■■■■■■■■■■■■■■■■■■■                                        |  50% of 110.9 MiB
browser	Run cd tests/browser && npx playwright install --with-deps chromium	2026-09-18T16:46:20.3803076Z |■■■■■■■■■■■■■■■■■■■■■■■■■■■■■■■■■■■■■■■■■■■■■■■■                                |  60% of 110.9 MiB
browser	Run cd tests/browser && npx playwright install --with-deps chromium	2026-09-18T16:46:20.4519732Z |■■■■■■■■■■■■■■■■■■■■■■■■■■■■■■■■■■■■■■■■■■■■■■■■■■■■■■■■                        |  70% of 110.9 MiB
browser	Run cd tests/browser && npx playwright install --with-deps chromium	2026-09-18T16:46:20.5222180Z |■■■■■■■■■■■■■■■■■■■■■■■■■■■■■■■■■■■■■■■■■■■■■■■■■■■■■■■■■■■■■■■■                |  80% of 110.9 MiB
browser	Run cd tests/browser && npx playwright install --with-deps chromium	2026-09-18T16:46:20.5832179Z |■■■■■■■■■■■■■■■■■■■■■■■■■■■■■■■■■■■■■■■■■■■■■■■■■■■■■■■■■■■■■■■■■■■■■■■■        |  90% of 110.9 MiB
browser	Run cd tests/browser && npx playwright install --with-deps chromium	2026-09-18T16:46:20.6533236Z |■■■■■■■■■■■■■■■■■■■■■■■■■■■■■■■■■■■■■■■■■■■■■■■■■■■■■■■■■■■■■■■■■■■■■■■■■■■■■■■■| 100% of 110.9 MiB
browser	Run cd tests/browser && npx playwright install --with-deps chromium	2026-09-18T16:46:22.6634834Z Chrome Headless Shell 145.0.7632.6 (playwright chromium-headless-shell v1208) downloaded to /home/runner/.cache/ms-playwright/chromium_headless_shell-1208
browser	Browser fixtures and local simulated EVM E2E	﻿2026-09-18T16:46:22.6916437Z ##[group]Run set -o pipefail
browser	Browser fixtures and local simulated EVM E2E	2026-09-18T16:46:22.6917021Z [36;1mset -o pipefail[0m
browser	Browser fixtures and local simulated EVM E2E	2026-09-18T16:46:22.6917496Z [36;1mmkdir -p test-results[0m
browser	Browser fixtures and local simulated EVM E2E	2026-09-18T16:46:22.6918559Z [36;1mnpm test --prefix tests/browser 2>&1 | tee test-results/browser-fixtures.log[0m
browser	Browser fixtures and local simulated EVM E2E	2026-09-18T16:46:22.6919696Z [36;1mnpm run test:e2e --prefix tests/browser 2>&1 | tee test-results/browser-e2e.log[0m
browser	Browser fixtures and local simulated EVM E2E	2026-09-18T16:46:22.6963486Z shell: /usr/bin/bash --noprofile --norc -e -o pipefail {0}
browser	Browser fixtures and local simulated EVM E2E	2026-09-18T16:46:22.6963895Z ##[endgroup]
browser	Browser fixtures and local simulated EVM E2E	2026-09-18T16:46:22.8005837Z 
browser	Browser fixtures and local simulated EVM E2E	2026-09-18T16:46:22.8006390Z > test
browser	Browser fixtures and local simulated EVM E2E	2026-09-18T16:46:22.8006857Z > node browser.cjs
browser	Browser fixtures and local simulated EVM E2E	2026-09-18T16:46:22.8007037Z 
browser	Browser fixtures and local simulated EVM E2E	2026-09-18T16:46:23.9508857Z PASS: shared public wallet layout, read-only controls, public balance query, no private requests, mobile layout (mock APIs).
browser	Browser fixtures and local simulated EVM E2E	2026-09-18T16:46:26.6699995Z PASS: contract deposit/withdraw confirmation, keyboard action selection and Enter, three locales, 375 px light/dark, zero balance, hidden unavailable states and RPC recovery (mock APIs).
browser	Browser fixtures and local simulated EVM E2E	2026-09-18T16:46:27.3737837Z PASS: shared demo enables named wallet creation and all networks; existing wallet administration restricted.
browser	Browser fixtures and local simulated EVM E2E	2026-09-18T16:46:28.6666657Z PASS: activity navigation/refresh, hidden unavailable controls, faucets, own-wallet recipients, contact rename/search/undo/persistence and EVM/SOL/TRX isolation.
browser	Browser fixtures and local simulated EVM E2E	2026-09-18T16:46:33.4552061Z PASS: Solana/TRON refresh renews rotated CSRF before quoting without automatically signing or sending (mock APIs).
browser	Browser fixtures and local simulated EVM E2E	2026-09-18T16:46:41.0519498Z PASS: all wallet families reflow at 375/768/1024/1440 px in three locales and both themes; keyboard disclosure and reduced motion.
browser	Browser fixtures and local simulated EVM E2E	2026-09-18T16:46:41.0521591Z PASS: task-based navigation, en/zh-CN/zh-TW live switching, draft/password preservation, theme persistence, mobile menu/escape, and cross-chain preferences.
browser	Browser fixtures and local simulated EVM E2E	2026-09-18T16:46:41.0524843Z PASS: five EVM networks including POL, contacts, observation, RPC failures, pool selection, both exchange workflows, lost-response reload recovery, history search, diagnostics, Solana and TRON create/quote/send/finalized UI, TRC20 query, mobile layout (mock APIs only).
browser	Browser fixtures and local simulated EVM E2E	2026-09-18T16:46:41.2095345Z 
browser	Browser fixtures and local simulated EVM E2E	2026-09-18T16:46:41.2095900Z > test:e2e
browser	Browser fixtures and local simulated EVM E2E	2026-09-18T16:46:41.2096294Z > node e2e.cjs
browser	Browser fixtures and local simulated EVM E2E	2026-09-18T16:46:41.2096446Z 
browser	Browser fixtures and local simulated EVM E2E	2026-09-18T16:46:41.5890794Z [INFO] Launching local Go test server and simulated EVM ETHVault with -race...
browser	Browser fixtures and local simulated EVM E2E	2026-09-18T16:48:19.1769401Z === RUN   TestE2EVaultBrowser
browser	Browser fixtures and local simulated EVM E2E	2026-09-18T16:48:19.1773222Z     e2e_test.go:747: [ENV] Local Chromium + Go + simulated EVM; deposit 0.05 ETH, withdraw 0.02 ETH, remaining 0.03 ETH
browser	Browser fixtures and local simulated EVM E2E	2026-09-18T16:48:20.8193462Z     e2e_test.go:853: [ENV] Local simulated EVM; temporary test wallet; no public Sepolia transactions
browser	Browser fixtures and local simulated EVM E2E	2026-09-18T16:48:20.8195346Z         [PASS] Local simulated EVM: deposit 0.05 ETH succeeded; API and UI history match its transaction hash
browser	Browser fixtures and local simulated EVM E2E	2026-09-18T16:48:20.8197427Z         [PASS] Local simulated EVM: withdrawal 0.02 ETH succeeded; API and UI history match its transaction hash; remaining 0.03 ETH
browser	Browser fixtures and local simulated EVM E2E	2026-09-18T16:48:20.8199376Z         [PASS] Local simulated EVM: browser over-withdrawal rejected before send
browser	Browser fixtures and local simulated EVM E2E	2026-09-18T16:48:20.8200680Z         [PASS] Local simulated EVM: browser zero-amount deposit rejected
browser	Browser fixtures and local simulated EVM E2E	2026-09-18T16:48:20.8201906Z         [PASS] Local simulated EVM: browser zero-amount withdrawal rejected
browser	Browser fixtures and local simulated EVM E2E	2026-09-18T16:48:20.8203453Z         PASS: local browser + Go server + simulated EVM contract E2E; public Sepolia was not tested.
browser	Browser fixtures and local simulated EVM E2E	2026-09-18T16:48:20.8204334Z         
browser	Browser fixtures and local simulated EVM E2E	2026-09-18T16:48:20.8231376Z     e2e_test.go:903: [PASS] Independent local EVM verification: browser deposit/withdraw receipts status=1, matching events and balanceOf=0.03 ETH
browser	Browser fixtures and local simulated EVM E2E	2026-09-18T16:48:20.8273813Z --- PASS: TestE2EVaultBrowser (1.65s)
browser	Browser fixtures and local simulated EVM E2E	2026-09-18T16:48:20.8274518Z PASS
browser	Browser fixtures and local simulated EVM E2E	2026-09-18T16:48:21.8328615Z ok  	github.com/a861252012/testnet-wallet-lab/tests/e2e	2.697s
browser	Run actions/upload-artifact@ea165f8d65b6e75b540449e92b4886f43607fa02	﻿2026-09-18T16:48:22.0893837Z Node 20 is being deprecated. This workflow is running with Node 24 by default. If you need to temporarily use Node 20, you can set the ACTIONS_ALLOW_USE_UNSECURE_NODE_VERSION=true environment variable. For more information see: https://github.blog/changelog/2025-09-19-deprecation-of-node-20-on-github-actions-runners/
browser	Run actions/upload-artifact@ea165f8d65b6e75b540449e92b4886f43607fa02	2026-09-18T16:48:22.0895254Z ##[group]Run actions/upload-artifact@ea165f8d65b6e75b540449e92b4886f43607fa02
browser	Run actions/upload-artifact@ea165f8d65b6e75b540449e92b4886f43607fa02	2026-09-18T16:48:22.0895649Z with:
browser	Run actions/upload-artifact@ea165f8d65b6e75b540449e92b4886f43607fa02	2026-09-18T16:48:22.0895848Z   name: browser-test-logs
browser	Run actions/upload-artifact@ea165f8d65b6e75b540449e92b4886f43607fa02	2026-09-18T16:48:22.0896097Z   path: test-results/browser-*.log
browser	Run actions/upload-artifact@ea165f8d65b6e75b540449e92b4886f43607fa02	2026-09-18T16:48:22.0896361Z   retention-days: 14
browser	Run actions/upload-artifact@ea165f8d65b6e75b540449e92b4886f43607fa02	2026-09-18T16:48:22.0896598Z   if-no-files-found: warn
browser	Run actions/upload-artifact@ea165f8d65b6e75b540449e92b4886f43607fa02	2026-09-18T16:48:22.0896832Z   compression-level: 6
browser	Run actions/upload-artifact@ea165f8d65b6e75b540449e92b4886f43607fa02	2026-09-18T16:48:22.0897048Z   overwrite: false
browser	Run actions/upload-artifact@ea165f8d65b6e75b540449e92b4886f43607fa02	2026-09-18T16:48:22.0897264Z   include-hidden-files: false
browser	Run actions/upload-artifact@ea165f8d65b6e75b540449e92b4886f43607fa02	2026-09-18T16:48:22.0897508Z ##[endgroup]
browser	Run actions/upload-artifact@ea165f8d65b6e75b540449e92b4886f43607fa02	2026-09-18T16:48:22.2578527Z (node:13137) [DEP0040] DeprecationWarning: The `punycode` module is deprecated. Please use a userland alternative instead.
browser	Run actions/upload-artifact@ea165f8d65b6e75b540449e92b4886f43607fa02	2026-09-18T16:48:22.2579814Z (Use `node --trace-deprecation ...` to show where the warning was created)
browser	Run actions/upload-artifact@ea165f8d65b6e75b540449e92b4886f43607fa02	2026-09-18T16:48:22.2633006Z With the provided path, there will be 2 files uploaded
browser	Run actions/upload-artifact@ea165f8d65b6e75b540449e92b4886f43607fa02	2026-09-18T16:48:22.2638648Z Artifact name is valid!
browser	Run actions/upload-artifact@ea165f8d65b6e75b540449e92b4886f43607fa02	2026-09-18T16:48:22.2639783Z Root directory input is valid!
browser	Run actions/upload-artifact@ea165f8d65b6e75b540449e92b4886f43607fa02	2026-09-18T16:48:22.5067088Z Beginning upload of artifact content to blob storage
browser	Run actions/upload-artifact@ea165f8d65b6e75b540449e92b4886f43607fa02	2026-09-18T16:48:22.5274206Z (node:13137) [DEP0169] DeprecationWarning: `url.parse()` behavior is not standardized and prone to errors that have security implications. Use the WHATWG URL API instead. CVEs are not issued for `url.parse()` vulnerabilities.
browser	Run actions/upload-artifact@ea165f8d65b6e75b540449e92b4886f43607fa02	2026-09-18T16:48:22.6374364Z Uploaded bytes 1480
browser	Run actions/upload-artifact@ea165f8d65b6e75b540449e92b4886f43607fa02	2026-09-18T16:48:22.6701598Z Finished uploading artifact content to blob storage!
browser	Run actions/upload-artifact@ea165f8d65b6e75b540449e92b4886f43607fa02	2026-09-18T16:48:22.6702646Z SHA256 digest of uploaded artifact zip is 6e040ccf2e64822d1942a82e1c6b33000fceb1310d81318a322d63cb787eb970
browser	Run actions/upload-artifact@ea165f8d65b6e75b540449e92b4886f43607fa02	2026-09-18T16:48:22.6704711Z Finalizing artifact upload
browser	Run actions/upload-artifact@ea165f8d65b6e75b540449e92b4886f43607fa02	2026-09-18T16:48:22.8761929Z Artifact browser-test-logs.zip successfully finalized. Artifact ID 10558681734
browser	Run actions/upload-artifact@ea165f8d65b6e75b540449e92b4886f43607fa02	2026-09-18T16:48:22.8763142Z Artifact browser-test-logs has been successfully uploaded! Final size is 1480 bytes. Artifact ID is 10558681734
browser	Run actions/upload-artifact@ea165f8d65b6e75b540449e92b4886f43607fa02	2026-09-18T16:48:22.8770790Z Artifact download URL: https://github.com/a861252012/testnet-wallet-lab/actions/runs/35370366472/artifacts/10558681734
browser	Post Run actions/setup-node@49933ea5288caeca8642d1e84afbd3f7d6820020	﻿2026-09-18T16:48:22.8944079Z Node 20 is being deprecated. This workflow is running with Node 24 by default. If you need to temporarily use Node 20, you can set the ACTIONS_ALLOW_USE_UNSECURE_NODE_VERSION=true environment variable. For more information see: https://github.blog/changelog/2025-09-19-deprecation-of-node-20-on-github-actions-runners/
browser	Post Run actions/setup-node@49933ea5288caeca8642d1e84afbd3f7d6820020	2026-09-18T16:48:22.8945602Z Post job cleanup.
browser	Post Run actions/setup-node@49933ea5288caeca8642d1e84afbd3f7d6820020	2026-09-18T16:48:23.0199245Z (node:13150) [DEP0040] DeprecationWarning: The `punycode` module is deprecated. Please use a userland alternative instead.
browser	Post Run actions/setup-node@49933ea5288caeca8642d1e84afbd3f7d6820020	2026-09-18T16:48:23.0200186Z (Use `node --trace-deprecation ...` to show where the warning was created)
browser	Post Run actions/setup-node@49933ea5288caeca8642d1e84afbd3f7d6820020	2026-09-18T16:48:23.0203653Z Cache hit occurred on the primary key node-cache-Linux-x64-npm-273d4e472d6f8a0fcba29dabcd4003daf05a53ac1c23ce96d23507be46b71abc, not saving cache.
browser	Post Run actions/setup-go@d35c59abb061a4a6fb18e82ac0862c26744d6ab5	﻿2026-09-18T16:48:23.0319351Z Node 20 is being deprecated. This workflow is running with Node 24 by default. If you need to temporarily use Node 20, you can set the ACTIONS_ALLOW_USE_UNSECURE_NODE_VERSION=true environment variable. For more information see: https://github.blog/changelog/2025-09-19-deprecation-of-node-20-on-github-actions-runners/
browser	Post Run actions/setup-go@d35c59abb061a4a6fb18e82ac0862c26744d6ab5	2026-09-18T16:48:23.0320656Z Post job cleanup.
browser	Post Run actions/setup-go@d35c59abb061a4a6fb18e82ac0862c26744d6ab5	2026-09-18T16:48:23.1610327Z (node:13158) [DEP0040] DeprecationWarning: The `punycode` module is deprecated. Please use a userland alternative instead.
browser	Post Run actions/setup-go@d35c59abb061a4a6fb18e82ac0862c26744d6ab5	2026-09-18T16:48:23.1611879Z (Use `node --trace-deprecation ...` to show where the warning was created)
browser	Post Run actions/setup-go@d35c59abb061a4a6fb18e82ac0862c26744d6ab5	2026-09-18T16:48:23.1669488Z [command]/opt/hostedtoolcache/go/1.26.1/x64/bin/go env GOMODCACHE
browser	Post Run actions/setup-go@d35c59abb061a4a6fb18e82ac0862c26744d6ab5	2026-09-18T16:48:23.1726246Z [command]/opt/hostedtoolcache/go/1.26.1/x64/bin/go env GOCACHE
browser	Post Run actions/setup-go@d35c59abb061a4a6fb18e82ac0862c26744d6ab5	2026-09-18T16:48:23.1741313Z /home/runner/go/pkg/mod
browser	Post Run actions/setup-go@d35c59abb061a4a6fb18e82ac0862c26744d6ab5	2026-09-18T16:48:23.1765531Z /home/runner/.cache/go-build
browser	Post Run actions/setup-go@d35c59abb061a4a6fb18e82ac0862c26744d6ab5	2026-09-18T16:48:23.1773736Z Cache hit occurred on the primary key setup-go-Linux-x64-ubuntu24-go-1.26.1-725be9c7636ddca2c9e3d109f16e5c113ecfffb2b73cfa37ae59990ab3118f75, not saving cache.
browser	Post Run actions/checkout@11d5960a326750d5838078e36cf38b85af677262	﻿2026-09-18T16:48:23.1906842Z Node 20 is being deprecated. This workflow is running with Node 24 by default. If you need to temporarily use Node 20, you can set the ACTIONS_ALLOW_USE_UNSECURE_NODE_VERSION=true environment variable. For more information see: https://github.blog/changelog/2025-09-19-deprecation-of-node-20-on-github-actions-runners/
browser	Post Run actions/checkout@11d5960a326750d5838078e36cf38b85af677262	2026-09-18T16:48:23.1908138Z Post job cleanup.
browser	Post Run actions/checkout@11d5960a326750d5838078e36cf38b85af677262	2026-09-18T16:48:23.2763618Z [command]/usr/bin/git version
browser	Post Run actions/checkout@11d5960a326750d5838078e36cf38b85af677262	2026-09-18T16:48:23.2801579Z git version 2.55.0
browser	Post Run actions/checkout@11d5960a326750d5838078e36cf38b85af677262	2026-09-18T16:48:23.2839529Z Temporarily overriding HOME='/home/runner/work/_temp/a10fb1c3-e223-40fe-a77d-780656596f9c' before making global git config changes
browser	Post Run actions/checkout@11d5960a326750d5838078e36cf38b85af677262	2026-09-18T16:48:23.2841163Z Adding repository directory to the temporary git global config as a safe directory
browser	Post Run actions/checkout@11d5960a326750d5838078e36cf38b85af677262	2026-09-18T16:48:23.2844624Z [command]/usr/bin/git config --global --add safe.directory /home/runner/work/testnet-wallet-lab/testnet-wallet-lab
browser	Post Run actions/checkout@11d5960a326750d5838078e36cf38b85af677262	2026-09-18T16:48:23.2883865Z [command]/usr/bin/git config --local --name-only --get-regexp core\.sshCommand
browser	Post Run actions/checkout@11d5960a326750d5838078e36cf38b85af677262	2026-09-18T16:48:23.2917450Z [command]/usr/bin/git submodule foreach --recursive sh -c "git config --local --name-only --get-regexp 'core\.sshCommand' && git config --local --unset-all 'core.sshCommand' || :"
browser	Post Run actions/checkout@11d5960a326750d5838078e36cf38b85af677262	2026-09-18T16:48:23.3150829Z [command]/usr/bin/git config --local --name-only --get-regexp http\.https\:\/\/github\.com\/\.extraheader
browser	Post Run actions/checkout@11d5960a326750d5838078e36cf38b85af677262	2026-09-18T16:48:23.3179309Z http.https://github.com/.extraheader
browser	Post Run actions/checkout@11d5960a326750d5838078e36cf38b85af677262	2026-09-18T16:48:23.3190512Z [command]/usr/bin/git config --local --unset-all http.https://github.com/.extraheader
browser	Post Run actions/checkout@11d5960a326750d5838078e36cf38b85af677262	2026-09-18T16:48:23.3221444Z [command]/usr/bin/git submodule foreach --recursive sh -c "git config --local --name-only --get-regexp 'http\.https\:\/\/github\.com\/\.extraheader' && git config --local --unset-all 'http.https://github.com/.extraheader' || :"
browser	Post Run actions/checkout@11d5960a326750d5838078e36cf38b85af677262	2026-09-18T16:48:23.3444353Z [command]/usr/bin/git config --local --name-only --get-regexp ^includeIf\.gitdir:
browser	Post Run actions/checkout@11d5960a326750d5838078e36cf38b85af677262	2026-09-18T16:48:23.3475515Z [command]/usr/bin/git submodule foreach --recursive git config --local --show-origin --name-only --get-regexp remote.origin.url
browser	Complete job	﻿2026-09-18T16:48:23.3879078Z Cleaning up orphan processes
browser	Complete job	2026-09-18T16:48:23.4192201Z ##[warning]Node.js 20 is deprecated. The following actions target Node.js 20 but are being forced to run on Node.js 24: actions/checkout@11d5960a326750d5838078e36cf38b85af677262, actions/setup-go@d35c59abb061a4a6fb18e82ac0862c26744d6ab5, actions/setup-node@49933ea5288caeca8642d1e84afbd3f7d6820020, actions/upload-artifact@ea165f8d65b6e75b540449e92b4886f43607fa02. For more information see: https://github.blog/changelog/2025-09-19-deprecation-of-node-20-on-github-actions-runners/
publish	Set up job	﻿2026-09-18T16:50:32.2427092Z Current runner version: '2.337.0'
publish	Set up job	2026-09-18T16:50:32.2454367Z ##[group]Runner Image Provisioner
publish	Set up job	2026-09-18T16:50:32.2455245Z Hosted Compute Agent
publish	Set up job	2026-09-18T16:50:32.2455867Z Version: 20260828.587
publish	Set up job	2026-09-18T16:50:32.2456521Z Commit: abac92662cab4cc7352de4f9f9d2e2419aad9c29
publish	Set up job	2026-09-18T16:50:32.2457210Z Build Date: 2026-08-28T16:44:25Z
publish	Set up job	2026-09-18T16:50:32.2457906Z Worker ID: {3d179107-1f35-4299-8f34-aa13f7cd7da9}
publish	Set up job	2026-09-18T16:50:32.2458591Z Azure Region: northcentralus
publish	Set up job	2026-09-18T16:50:32.2459323Z ##[endgroup]
publish	Set up job	2026-09-18T16:50:32.2460636Z ##[group]Operating System
publish	Set up job	2026-09-18T16:50:32.2461211Z Ubuntu
publish	Set up job	2026-09-18T16:50:32.2461681Z 24.04.5
publish	Set up job	2026-09-18T16:50:32.2462190Z LTS
publish	Set up job	2026-09-18T16:50:32.2462677Z ##[endgroup]
publish	Set up job	2026-09-18T16:50:32.2463217Z ##[group]Runner Image
publish	Set up job	2026-09-18T16:50:32.2463784Z Image: ubuntu-24.04
publish	Set up job	2026-09-18T16:50:32.2464335Z Version: 20260907.300.1
publish	Set up job	2026-09-18T16:50:32.2465351Z Included Software: https://github.com/actions/runner-images/blob/ubuntu24/20260907.300/images/ubuntu/Ubuntu2404-Readme.md
publish	Set up job	2026-09-18T16:50:32.2466944Z Image Release: https://github.com/actions/runner-images/releases/tag/ubuntu24%2F20260907.300
publish	Set up job	2026-09-18T16:50:32.2467881Z ##[endgroup]
publish	Set up job	2026-09-18T16:50:32.2469404Z ##[group]GITHUB_TOKEN Permissions
publish	Set up job	2026-09-18T16:50:32.2471616Z Contents: read
publish	Set up job	2026-09-18T16:50:32.2472191Z Metadata: read
publish	Set up job	2026-09-18T16:50:32.2472770Z Packages: write
publish	Set up job	2026-09-18T16:50:32.2473286Z ##[endgroup]
publish	Set up job	2026-09-18T16:50:32.2475495Z Secret source: Actions
publish	Set up job	2026-09-18T16:50:32.2476425Z Cache mode: write
publish	Set up job	2026-09-18T16:50:32.2477229Z Prepare workflow directory
publish	Set up job	2026-09-18T16:50:32.2789178Z Prepare all required actions
publish	Set up job	2026-09-18T16:50:32.2836070Z Getting action download info
publish	Set up job	2026-09-18T16:50:32.4902018Z Download action repository 'actions/checkout@11d5960a326750d5838078e36cf38b85af677262' (SHA:11d5960a326750d5838078e36cf38b85af677262)
publish	Set up job	2026-09-18T16:50:32.6769590Z Complete job name: publish
publish	Run actions/checkout@11d5960a326750d5838078e36cf38b85af677262	﻿2026-09-18T16:50:32.7417516Z Node 20 is being deprecated. This workflow is running with Node 24 by default. If you need to temporarily use Node 20, you can set the ACTIONS_ALLOW_USE_UNSECURE_NODE_VERSION=true environment variable. For more information see: https://github.blog/changelog/2025-09-19-deprecation-of-node-20-on-github-actions-runners/
publish	Run actions/checkout@11d5960a326750d5838078e36cf38b85af677262	2026-09-18T16:50:32.7426036Z ##[group]Run actions/checkout@11d5960a326750d5838078e36cf38b85af677262
publish	Run actions/checkout@11d5960a326750d5838078e36cf38b85af677262	2026-09-18T16:50:32.7427026Z with:
publish	Run actions/checkout@11d5960a326750d5838078e36cf38b85af677262	2026-09-18T16:50:32.7427577Z   repository: a861252012/testnet-wallet-lab
publish	Run actions/checkout@11d5960a326750d5838078e36cf38b85af677262	2026-09-18T16:50:32.7431843Z   token: ***
publish	Run actions/checkout@11d5960a326750d5838078e36cf38b85af677262	2026-09-18T16:50:32.7432346Z   ssh-strict: true
publish	Run actions/checkout@11d5960a326750d5838078e36cf38b85af677262	2026-09-18T16:50:32.7432825Z   ssh-user: git
publish	Run actions/checkout@11d5960a326750d5838078e36cf38b85af677262	2026-09-18T16:50:32.7433359Z   persist-credentials: true
publish	Run actions/checkout@11d5960a326750d5838078e36cf38b85af677262	2026-09-18T16:50:32.7433925Z   clean: true
publish	Run actions/checkout@11d5960a326750d5838078e36cf38b85af677262	2026-09-18T16:50:32.7434430Z   sparse-checkout-cone-mode: true
publish	Run actions/checkout@11d5960a326750d5838078e36cf38b85af677262	2026-09-18T16:50:32.7435007Z   fetch-depth: 1
publish	Run actions/checkout@11d5960a326750d5838078e36cf38b85af677262	2026-09-18T16:50:32.7435487Z   fetch-tags: false
publish	Run actions/checkout@11d5960a326750d5838078e36cf38b85af677262	2026-09-18T16:50:32.7435993Z   show-progress: true
publish	Run actions/checkout@11d5960a326750d5838078e36cf38b85af677262	2026-09-18T16:50:32.7436512Z   lfs: false
publish	Run actions/checkout@11d5960a326750d5838078e36cf38b85af677262	2026-09-18T16:50:32.7437111Z   submodules: false
publish	Run actions/checkout@11d5960a326750d5838078e36cf38b85af677262	2026-09-18T16:50:32.7437615Z   set-safe-directory: true
publish	Run actions/checkout@11d5960a326750d5838078e36cf38b85af677262	2026-09-18T16:50:32.7438224Z   allow-unsafe-pr-checkout: false
publish	Run actions/checkout@11d5960a326750d5838078e36cf38b85af677262	2026-09-18T16:50:32.7439116Z ##[endgroup]
publish	Run actions/checkout@11d5960a326750d5838078e36cf38b85af677262	2026-09-18T16:50:32.8385270Z Syncing repository: a861252012/testnet-wallet-lab
publish	Run actions/checkout@11d5960a326750d5838078e36cf38b85af677262	2026-09-18T16:50:32.8387218Z ##[group]Getting Git version info
publish	Run actions/checkout@11d5960a326750d5838078e36cf38b85af677262	2026-09-18T16:50:32.8388021Z Working directory is '/home/runner/work/testnet-wallet-lab/testnet-wallet-lab'
publish	Run actions/checkout@11d5960a326750d5838078e36cf38b85af677262	2026-09-18T16:50:32.8389645Z [command]/usr/bin/git version
publish	Run actions/checkout@11d5960a326750d5838078e36cf38b85af677262	2026-09-18T16:50:32.8440235Z git version 2.55.0
publish	Run actions/checkout@11d5960a326750d5838078e36cf38b85af677262	2026-09-18T16:50:32.8456751Z ##[endgroup]
publish	Run actions/checkout@11d5960a326750d5838078e36cf38b85af677262	2026-09-18T16:50:32.8468953Z Temporarily overriding HOME='/home/runner/work/_temp/a19b0e08-5cf0-44a3-b257-a50bb50c99b9' before making global git config changes
publish	Run actions/checkout@11d5960a326750d5838078e36cf38b85af677262	2026-09-18T16:50:32.8470793Z Adding repository directory to the temporary git global config as a safe directory
publish	Run actions/checkout@11d5960a326750d5838078e36cf38b85af677262	2026-09-18T16:50:32.8473460Z [command]/usr/bin/git config --global --add safe.directory /home/runner/work/testnet-wallet-lab/testnet-wallet-lab
publish	Run actions/checkout@11d5960a326750d5838078e36cf38b85af677262	2026-09-18T16:50:32.8522916Z Deleting the contents of '/home/runner/work/testnet-wallet-lab/testnet-wallet-lab'
publish	Run actions/checkout@11d5960a326750d5838078e36cf38b85af677262	2026-09-18T16:50:32.8527204Z ##[group]Initializing the repository
publish	Run actions/checkout@11d5960a326750d5838078e36cf38b85af677262	2026-09-18T16:50:32.8530914Z [command]/usr/bin/git init /home/runner/work/testnet-wallet-lab/testnet-wallet-lab
publish	Run actions/checkout@11d5960a326750d5838078e36cf38b85af677262	2026-09-18T16:50:32.8630113Z hint: Using 'master' as the name for the initial branch. This default branch name
publish	Run actions/checkout@11d5960a326750d5838078e36cf38b85af677262	2026-09-18T16:50:32.8631743Z hint: will change to "main" in Git 3.0. To configure the initial branch name
publish	Run actions/checkout@11d5960a326750d5838078e36cf38b85af677262	2026-09-18T16:50:32.8633111Z hint: to use in all of your new repositories, which will suppress this warning,
publish	Run actions/checkout@11d5960a326750d5838078e36cf38b85af677262	2026-09-18T16:50:32.8634415Z hint: call:
publish	Run actions/checkout@11d5960a326750d5838078e36cf38b85af677262	2026-09-18T16:50:32.8635083Z hint:
publish	Run actions/checkout@11d5960a326750d5838078e36cf38b85af677262	2026-09-18T16:50:32.8635949Z hint: 	git config --global init.defaultBranch <name>
publish	Run actions/checkout@11d5960a326750d5838078e36cf38b85af677262	2026-09-18T16:50:32.8636813Z hint:
publish	Run actions/checkout@11d5960a326750d5838078e36cf38b85af677262	2026-09-18T16:50:32.8637678Z hint: Names commonly chosen instead of 'master' are 'main', 'trunk' and
publish	Run actions/checkout@11d5960a326750d5838078e36cf38b85af677262	2026-09-18T16:50:32.8638860Z hint: 'development'. The just-created branch can be renamed via this command:
publish	Run actions/checkout@11d5960a326750d5838078e36cf38b85af677262	2026-09-18T16:50:32.8639731Z hint:
publish	Run actions/checkout@11d5960a326750d5838078e36cf38b85af677262	2026-09-18T16:50:32.8640396Z hint: 	git branch -m <name>
publish	Run actions/checkout@11d5960a326750d5838078e36cf38b85af677262	2026-09-18T16:50:32.8641163Z hint:
publish	Run actions/checkout@11d5960a326750d5838078e36cf38b85af677262	2026-09-18T16:50:32.8642014Z hint: Disable this message with "git config set advice.defaultBranchName false"
publish	Run actions/checkout@11d5960a326750d5838078e36cf38b85af677262	2026-09-18T16:50:32.8643212Z Initialized empty Git repository in /home/runner/work/testnet-wallet-lab/testnet-wallet-lab/.git/
publish	Run actions/checkout@11d5960a326750d5838078e36cf38b85af677262	2026-09-18T16:50:32.8645054Z [command]/usr/bin/git remote add origin https://github.com/a861252012/testnet-wallet-lab
publish	Run actions/checkout@11d5960a326750d5838078e36cf38b85af677262	2026-09-18T16:50:32.8683131Z ##[endgroup]
publish	Run actions/checkout@11d5960a326750d5838078e36cf38b85af677262	2026-09-18T16:50:32.8683997Z ##[group]Disabling automatic garbage collection
publish	Run actions/checkout@11d5960a326750d5838078e36cf38b85af677262	2026-09-18T16:50:32.8686428Z [command]/usr/bin/git config --local gc.auto 0
publish	Run actions/checkout@11d5960a326750d5838078e36cf38b85af677262	2026-09-18T16:50:32.8711023Z ##[endgroup]
publish	Run actions/checkout@11d5960a326750d5838078e36cf38b85af677262	2026-09-18T16:50:32.8711904Z ##[group]Setting up auth
publish	Run actions/checkout@11d5960a326750d5838078e36cf38b85af677262	2026-09-18T16:50:32.8716925Z [command]/usr/bin/git config --local --name-only --get-regexp core\.sshCommand
publish	Run actions/checkout@11d5960a326750d5838078e36cf38b85af677262	2026-09-18T16:50:32.8743568Z [command]/usr/bin/git submodule foreach --recursive sh -c "git config --local --name-only --get-regexp 'core\.sshCommand' && git config --local --unset-all 'core.sshCommand' || :"
publish	Run actions/checkout@11d5960a326750d5838078e36cf38b85af677262	2026-09-18T16:50:32.9045742Z [command]/usr/bin/git config --local --name-only --get-regexp http\.https\:\/\/github\.com\/\.extraheader
publish	Run actions/checkout@11d5960a326750d5838078e36cf38b85af677262	2026-09-18T16:50:32.9071678Z [command]/usr/bin/git submodule foreach --recursive sh -c "git config --local --name-only --get-regexp 'http\.https\:\/\/github\.com\/\.extraheader' && git config --local --unset-all 'http.https://github.com/.extraheader' || :"
publish	Run actions/checkout@11d5960a326750d5838078e36cf38b85af677262	2026-09-18T16:50:32.9250504Z [command]/usr/bin/git config --local --name-only --get-regexp ^includeIf\.gitdir:
publish	Run actions/checkout@11d5960a326750d5838078e36cf38b85af677262	2026-09-18T16:50:32.9275901Z [command]/usr/bin/git submodule foreach --recursive git config --local --show-origin --name-only --get-regexp remote.origin.url
publish	Run actions/checkout@11d5960a326750d5838078e36cf38b85af677262	2026-09-18T16:50:32.9450122Z [command]/usr/bin/git config --local http.https://github.com/.extraheader AUTHORIZATION: basic ***
publish	Run actions/checkout@11d5960a326750d5838078e36cf38b85af677262	2026-09-18T16:50:32.9478126Z ##[endgroup]
publish	Run actions/checkout@11d5960a326750d5838078e36cf38b85af677262	2026-09-18T16:50:32.9479395Z ##[group]Fetching the repository
publish	Run actions/checkout@11d5960a326750d5838078e36cf38b85af677262	2026-09-18T16:50:32.9486651Z [command]/usr/bin/git -c protocol.version=2 fetch --no-tags --prune --no-recurse-submodules --depth=1 origin +3a55ab854701074f6fb796ba23fe7953b67fbd8e:refs/remotes/origin/main
publish	Run actions/checkout@11d5960a326750d5838078e36cf38b85af677262	2026-09-18T16:50:33.6675250Z From https://github.com/a861252012/testnet-wallet-lab
publish	Run actions/checkout@11d5960a326750d5838078e36cf38b85af677262	2026-09-18T16:50:33.6676820Z  * [new ref]         3a55ab854701074f6fb796ba23fe7953b67fbd8e -> origin/main
publish	Run actions/checkout@11d5960a326750d5838078e36cf38b85af677262	2026-09-18T16:50:33.6679604Z ##[endgroup]
publish	Run actions/checkout@11d5960a326750d5838078e36cf38b85af677262	2026-09-18T16:50:33.6680717Z ##[group]Determining the checkout info
publish	Run actions/checkout@11d5960a326750d5838078e36cf38b85af677262	2026-09-18T16:50:33.6681843Z ##[endgroup]
publish	Run actions/checkout@11d5960a326750d5838078e36cf38b85af677262	2026-09-18T16:50:33.6686039Z [command]/usr/bin/git sparse-checkout disable
publish	Run actions/checkout@11d5960a326750d5838078e36cf38b85af677262	2026-09-18T16:50:33.6730214Z [command]/usr/bin/git config --local --unset-all extensions.worktreeConfig
publish	Run actions/checkout@11d5960a326750d5838078e36cf38b85af677262	2026-09-18T16:50:33.6755837Z ##[group]Checking out the ref
publish	Run actions/checkout@11d5960a326750d5838078e36cf38b85af677262	2026-09-18T16:50:33.6759057Z [command]/usr/bin/git checkout --progress --force -B main refs/remotes/origin/main
publish	Run actions/checkout@11d5960a326750d5838078e36cf38b85af677262	2026-09-18T16:50:33.6949134Z Switched to a new branch 'main'
publish	Run actions/checkout@11d5960a326750d5838078e36cf38b85af677262	2026-09-18T16:50:33.6954453Z branch 'main' set up to track 'origin/main'.
publish	Run actions/checkout@11d5960a326750d5838078e36cf38b85af677262	2026-09-18T16:50:33.6959408Z ##[endgroup]
publish	Run actions/checkout@11d5960a326750d5838078e36cf38b85af677262	2026-09-18T16:50:33.6993010Z [command]/usr/bin/git log -1 --format=%H
publish	Run actions/checkout@11d5960a326750d5838078e36cf38b85af677262	2026-09-18T16:50:33.7013630Z 3a55ab854701074f6fb796ba23fe7953b67fbd8e
publish	Build and test exact release image	﻿2026-09-18T16:50:33.7223348Z ##[group]Run docker build -f Dockerfile.deploy --build-arg APP_VERSION="$GITHUB_SHA" -t "ghcr.io/a861252012/testnet-wallet-lab:sha-$GITHUB_SHA" .
publish	Build and test exact release image	2026-09-18T16:50:33.7225373Z [36;1mdocker build -f Dockerfile.deploy --build-arg APP_VERSION="$GITHUB_SHA" -t "ghcr.io/a861252012/testnet-wallet-lab:sha-$GITHUB_SHA" .[0m
publish	Build and test exact release image	2026-09-18T16:50:33.7227062Z [36;1mpython3 tests/deployment/smoke.py "ghcr.io/a861252012/testnet-wallet-lab:sha-$GITHUB_SHA" "$GITHUB_SHA"[0m
publish	Build and test exact release image	2026-09-18T16:50:33.7254879Z shell: /usr/bin/bash -e {0}
publish	Build and test exact release image	2026-09-18T16:50:33.7255634Z ##[endgroup]
publish	Build and test exact release image	2026-09-18T16:50:34.3269496Z #0 building with "default" instance using docker driver
publish	Build and test exact release image	2026-09-18T16:50:34.3271148Z 
publish	Build and test exact release image	2026-09-18T16:50:34.3271931Z #1 [internal] load build definition from Dockerfile.deploy
publish	Build and test exact release image	2026-09-18T16:50:34.4771116Z #1 transferring dockerfile: 915B done
publish	Build and test exact release image	2026-09-18T16:50:34.4772499Z #1 DONE 0.0s
publish	Build and test exact release image	2026-09-18T16:50:34.4773010Z 
publish	Build and test exact release image	2026-09-18T16:50:34.4773670Z #2 [auth] library/golang:pull token for registry-1.docker.io
publish	Build and test exact release image	2026-09-18T16:50:34.4775141Z #2 DONE 0.0s
publish	Build and test exact release image	2026-09-18T16:50:34.4775726Z 
publish	Build and test exact release image	2026-09-18T16:50:34.4777520Z #3 [internal] load metadata for docker.io/library/golang:1.26-alpine@sha256:ce864e7223ac17b1775e6fd0b4c0db580c2eb50e7953a427916379e4b92a1628
publish	Build and test exact release image	2026-09-18T16:50:34.7843158Z #3 DONE 0.6s
publish	Build and test exact release image	2026-09-18T16:50:34.8929388Z 
publish	Build and test exact release image	2026-09-18T16:50:34.8930832Z #4 [internal] load .dockerignore
publish	Build and test exact release image	2026-09-18T16:50:34.8932372Z #4 transferring context: 85B done
publish	Build and test exact release image	2026-09-18T16:50:34.8939213Z #4 DONE 0.0s
publish	Build and test exact release image	2026-09-18T16:50:34.8939983Z 
publish	Build and test exact release image	2026-09-18T16:50:34.8940291Z #5 [internal] load build context
publish	Build and test exact release image	2026-09-18T16:50:34.8941074Z #5 transferring context: 1.36MB 0.0s done
publish	Build and test exact release image	2026-09-18T16:50:34.8941648Z #5 DONE 0.1s
publish	Build and test exact release image	2026-09-18T16:50:34.8941943Z 
publish	Build and test exact release image	2026-09-18T16:50:34.8950273Z #6 [build 1/7] FROM docker.io/library/golang:1.26-alpine@sha256:ce864e7223ac17b1775e6fd0b4c0db580c2eb50e7953a427916379e4b92a1628
publish	Build and test exact release image	2026-09-18T16:50:35.0331505Z #6 resolve docker.io/library/golang:1.26-alpine@sha256:ce864e7223ac17b1775e6fd0b4c0db580c2eb50e7953a427916379e4b92a1628 0.0s done
publish	Build and test exact release image	2026-09-18T16:50:35.0333440Z #6 sha256:7c3a144dfd2227e5e4aec126921061520351642741e8d4756e18775005b628b1 245.06kB / 245.06kB 0.1s done
publish	Build and test exact release image	2026-09-18T16:50:35.0335452Z #6 sha256:2cb3e687d353c47479f7eb82d6cc1b230f1d252bfefaddbeec9d3de57edf5d49 11.53MB / 67.31MB 0.2s
publish	Build and test exact release image	2026-09-18T16:50:35.0336999Z #6 sha256:a01ef6a6016004d114c97cf04a9708d71f6bb95e2b482f829ae547874376d5c7 126B / 126B 0.1s done
publish	Build and test exact release image	2026-09-18T16:50:35.0338855Z #6 sha256:4f4fb700ef54461cfa02571ae0db9a0dc1e0cdb5577484a6d75e68dc38e8acc1 32B / 32B 0.1s done
publish	Build and test exact release image	2026-09-18T16:50:35.0340209Z #6 sha256:ce864e7223ac17b1775e6fd0b4c0db580c2eb50e7953a427916379e4b92a1628 10.29kB / 10.29kB done
publish	Build and test exact release image	2026-09-18T16:50:35.0341538Z #6 sha256:6e5de3f5b9fb7e30b8bb2ffe8dcbcbdaa2990f0f31267456eabe83f870a623be 1.92kB / 1.92kB done
publish	Build and test exact release image	2026-09-18T16:50:35.0342944Z #6 sha256:2405b2d28673e5a20235c2a3137fb9f7fdc893fe46241d80e8391b7a1f1fca36 2.19kB / 2.19kB done
publish	Build and test exact release image	2026-09-18T16:50:35.0344244Z #6 extracting sha256:7c3a144dfd2227e5e4aec126921061520351642741e8d4756e18775005b628b1 0.0s done
publish	Build and test exact release image	2026-09-18T16:50:35.2329433Z #6 sha256:2cb3e687d353c47479f7eb82d6cc1b230f1d252bfefaddbeec9d3de57edf5d49 38.80MB / 67.31MB 0.4s
publish	Build and test exact release image	2026-09-18T16:50:35.3333436Z #6 sha256:2cb3e687d353c47479f7eb82d6cc1b230f1d252bfefaddbeec9d3de57edf5d49 58.72MB / 67.31MB 0.5s
publish	Build and test exact release image	2026-09-18T16:50:35.4339810Z #6 sha256:2cb3e687d353c47479f7eb82d6cc1b230f1d252bfefaddbeec9d3de57edf5d49 67.31MB / 67.31MB 0.6s
publish	Build and test exact release image	2026-09-18T16:50:35.6343368Z #6 sha256:2cb3e687d353c47479f7eb82d6cc1b230f1d252bfefaddbeec9d3de57edf5d49 67.31MB / 67.31MB 0.7s done
publish	Build and test exact release image	2026-09-18T16:50:35.6345950Z #6 extracting sha256:2cb3e687d353c47479f7eb82d6cc1b230f1d252bfefaddbeec9d3de57edf5d49 0.1s
publish	Build and test exact release image	2026-09-18T16:50:38.7048096Z #6 extracting sha256:2cb3e687d353c47479f7eb82d6cc1b230f1d252bfefaddbeec9d3de57edf5d49 3.2s done
publish	Build and test exact release image	2026-09-18T16:50:40.6977413Z #6 extracting sha256:a01ef6a6016004d114c97cf04a9708d71f6bb95e2b482f829ae547874376d5c7
publish	Build and test exact release image	2026-09-18T16:50:40.9152846Z #6 extracting sha256:a01ef6a6016004d114c97cf04a9708d71f6bb95e2b482f829ae547874376d5c7 done
publish	Build and test exact release image	2026-09-18T16:50:40.9154117Z #6 extracting sha256:4f4fb700ef54461cfa02571ae0db9a0dc1e0cdb5577484a6d75e68dc38e8acc1 done
publish	Build and test exact release image	2026-09-18T16:50:40.9155544Z #6 DONE 5.9s
publish	Build and test exact release image	2026-09-18T16:50:40.9156003Z 
publish	Build and test exact release image	2026-09-18T16:50:40.9156429Z #7 [build 2/7] WORKDIR /src
publish	Build and test exact release image	2026-09-18T16:50:40.9157008Z #7 DONE 0.0s
publish	Build and test exact release image	2026-09-18T16:50:40.9157265Z 
publish	Build and test exact release image	2026-09-18T16:50:40.9157656Z #8 [build 3/7] COPY go.mod go.sum ./
publish	Build and test exact release image	2026-09-18T16:50:40.9158284Z #8 DONE 0.0s
publish	Build and test exact release image	2026-09-18T16:50:40.9158434Z 
publish	Build and test exact release image	2026-09-18T16:50:40.9158595Z #9 [build 4/7] RUN go mod download
publish	Build and test exact release image	2026-09-18T16:50:55.5827121Z #9 DONE 14.8s
publish	Build and test exact release image	2026-09-18T16:50:55.7861752Z 
publish	Build and test exact release image	2026-09-18T16:50:55.7862776Z #10 [build 5/7] COPY cmd/ ./cmd/
publish	Build and test exact release image	2026-09-18T16:50:55.7863648Z #10 DONE 0.0s
publish	Build and test exact release image	2026-09-18T16:50:55.7864041Z 
publish	Build and test exact release image	2026-09-18T16:50:55.7864707Z #11 [build 6/7] COPY internal/ ./internal/
publish	Build and test exact release image	2026-09-18T16:50:55.7865355Z #11 DONE 0.0s
publish	Build and test exact release image	2026-09-18T16:50:55.7865556Z 
publish	Build and test exact release image	2026-09-18T16:50:55.7866462Z #12 [build 7/7] RUN CGO_ENABLED=0 go build -trimpath -ldflags="-s -w -X main.version=3a55ab854701074f6fb796ba23fe7953b67fbd8e" -o /out/wallet ./cmd/testnet-wallet-lab
publish	Build and test exact release image	2026-09-18T16:51:16.1959729Z #12 DONE 20.6s
publish	Build and test exact release image	2026-09-18T16:51:16.3333655Z 
publish	Build and test exact release image	2026-09-18T16:51:16.3335529Z #13 [stage-1 1/2] COPY --from=build /etc/ssl/certs/ca-certificates.crt /etc/ssl/certs/ca-certificates.crt
publish	Build and test exact release image	2026-09-18T16:51:16.3336513Z #13 DONE 0.0s
publish	Build and test exact release image	2026-09-18T16:51:16.3336784Z 
publish	Build and test exact release image	2026-09-18T16:51:16.3337092Z #14 [stage-1 2/2] COPY --from=build /out/wallet /wallet
publish	Build and test exact release image	2026-09-18T16:51:16.3337749Z #14 DONE 0.1s
publish	Build and test exact release image	2026-09-18T16:51:16.4853515Z 
publish	Build and test exact release image	2026-09-18T16:51:16.4854383Z #15 exporting to image
publish	Build and test exact release image	2026-09-18T16:51:16.4854995Z #15 exporting layers
publish	Build and test exact release image	2026-09-18T16:51:17.0044034Z #15 exporting layers 0.7s done
publish	Build and test exact release image	2026-09-18T16:51:17.0326947Z #15 writing image sha256:28423d75aab3f0d539a48eb4da4c69d9ac31d7c951acccfa02ee324fa7a8ecea done
publish	Build and test exact release image	2026-09-18T16:51:17.0327955Z #15 naming to ghcr.io/a861252012/testnet-wallet-lab:sha-3a55ab854701074f6fb796ba23fe7953b67fbd8e done
publish	Build and test exact release image	2026-09-18T16:51:17.0328994Z #15 DONE 0.7s
publish	Build and test exact release image	2026-09-18T16:51:17.1119970Z Unable to find image 'golang:1.26-alpine@sha256:ce864e7223ac17b1775e6fd0b4c0db580c2eb50e7953a427916379e4b92a1628' locally
publish	Build and test exact release image	2026-09-18T16:51:17.3918343Z docker.io/library/golang@sha256:ce864e7223ac17b1775e6fd0b4c0db580c2eb50e7953a427916379e4b92a1628: Pulling from library/golang
publish	Build and test exact release image	2026-09-18T16:51:17.5166095Z 55afa1ecc21d: Already exists
publish	Build and test exact release image	2026-09-18T16:51:17.5187672Z 7c3a144dfd22: Already exists
publish	Build and test exact release image	2026-09-18T16:51:17.5203307Z 2cb3e687d353: Already exists
publish	Build and test exact release image	2026-09-18T16:51:17.5218363Z a01ef6a60160: Already exists
publish	Build and test exact release image	2026-09-18T16:51:17.5384860Z 4f4fb700ef54: Already exists
publish	Build and test exact release image	2026-09-18T16:51:17.6036894Z Digest: sha256:ce864e7223ac17b1775e6fd0b4c0db580c2eb50e7953a427916379e4b92a1628
publish	Build and test exact release image	2026-09-18T16:51:17.6043754Z Status: Downloaded newer image for golang@sha256:ce864e7223ac17b1775e6fd0b4c0db580c2eb50e7953a427916379e4b92a1628
publish	Build and test exact release image	2026-09-18T16:52:05.1875366Z PASS: anonymous named wallet initialization, password-protected backup and persistence
publish	Build and test exact release image	2026-09-18T16:52:05.1876638Z PASS: SOL/TRX operator initialization, anonymous access, password checks and container replacement persistence
publish	Build and test exact release image	2026-09-18T16:52:05.1877877Z PASS: shared mode uses same wallet without login; password and management restrictions verified
publish	Build and test exact release image	2026-09-18T16:52:05.1879156Z PASS: real image, non-root/read-only runtime, login/CSRF, container replacement persistence, stale session rejection; no live RPC
publish	Publish immutable image	﻿2026-09-18T16:52:05.2009507Z ##[group]Run printf '%s' "$GHCR_TOKEN" | docker login ghcr.io -u "$GITHUB_ACTOR" --password-stdin
publish	Publish immutable image	2026-09-18T16:52:05.2010437Z [36;1mprintf '%s' "$GHCR_TOKEN" | docker login ghcr.io -u "$GITHUB_ACTOR" --password-stdin[0m
publish	Publish immutable image	2026-09-18T16:52:05.2011074Z [36;1mimage="ghcr.io/a861252012/testnet-wallet-lab:sha-$GITHUB_SHA"[0m
publish	Publish immutable image	2026-09-18T16:52:05.2011609Z [36;1mdocker push "$image"[0m
publish	Publish immutable image	2026-09-18T16:52:05.2012246Z [36;1mref=$(docker image inspect --format '{{index .RepoDigests 0}}' "$image")[0m
publish	Publish immutable image	2026-09-18T16:52:05.2012769Z [36;1mdigest=${ref#*@}[0m
publish	Publish immutable image	2026-09-18T16:52:05.2013172Z [36;1m[[ "$digest" =~ ^sha256:[a-f0-9]{64}$ ]][0m
publish	Publish immutable image	2026-09-18T16:52:05.2013630Z [36;1mprintf 'digest=%s\n' "$digest" >> "$GITHUB_OUTPUT"[0m
publish	Publish immutable image	2026-09-18T16:52:05.2040393Z shell: /usr/bin/bash -e {0}
publish	Publish immutable image	2026-09-18T16:52:05.2040816Z env:
publish	Publish immutable image	2026-09-18T16:52:05.2043749Z   GHCR_TOKEN: ***
publish	Publish immutable image	2026-09-18T16:52:05.2044060Z ##[endgroup]
publish	Publish immutable image	2026-09-18T16:52:05.5409044Z 
publish	Publish immutable image	2026-09-18T16:52:05.5409868Z Login Succeeded
publish	Publish immutable image	2026-09-18T16:52:05.5410645Z WARNING! Your credentials are stored unencrypted in '/home/runner/.docker/config.json'.
publish	Publish immutable image	2026-09-18T16:52:05.5411773Z Configure a credential helper to remove this warning. See
publish	Publish immutable image	2026-09-18T16:52:05.5412514Z https://docs.docker.com/go/credential-store/
publish	Publish immutable image	2026-09-18T16:52:05.5412776Z 
publish	Publish immutable image	2026-09-18T16:52:05.5768201Z The push refers to repository [ghcr.io/a861252012/testnet-wallet-lab]
publish	Publish immutable image	2026-09-18T16:52:05.6409543Z 611bcf5cd32c: Preparing
publish	Publish immutable image	2026-09-18T16:52:05.6410139Z 547fab816eee: Preparing
publish	Publish immutable image	2026-09-18T16:52:07.2569420Z 547fab816eee: Pushed
publish	Publish immutable image	2026-09-18T16:52:08.1332280Z 611bcf5cd32c: Pushed
publish	Publish immutable image	2026-09-18T16:52:10.6353154Z sha-3a55ab854701074f6fb796ba23fe7953b67fbd8e: digest: sha256:37ca634d51b67c79445f73d7d5a8109bda569cddc1bbbb6a37ffd0a4b222ec18 size: 738
publish	Run docker logout ghcr.io	﻿2026-09-18T16:52:10.6561984Z ##[group]Run docker logout ghcr.io
publish	Run docker logout ghcr.io	2026-09-18T16:52:10.6562529Z [36;1mdocker logout ghcr.io[0m
publish	Run docker logout ghcr.io	2026-09-18T16:52:10.6586618Z shell: /usr/bin/bash -e {0}
publish	Run docker logout ghcr.io	2026-09-18T16:52:10.6586981Z ##[endgroup]
publish	Run docker logout ghcr.io	2026-09-18T16:52:10.6725583Z Removing login credentials for ghcr.io
publish	Post Run actions/checkout@11d5960a326750d5838078e36cf38b85af677262	﻿2026-09-18T16:52:10.6847379Z Node 20 is being deprecated. This workflow is running with Node 24 by default. If you need to temporarily use Node 20, you can set the ACTIONS_ALLOW_USE_UNSECURE_NODE_VERSION=true environment variable. For more information see: https://github.blog/changelog/2025-09-19-deprecation-of-node-20-on-github-actions-runners/
publish	Post Run actions/checkout@11d5960a326750d5838078e36cf38b85af677262	2026-09-18T16:52:10.6849171Z Post job cleanup.
publish	Post Run actions/checkout@11d5960a326750d5838078e36cf38b85af677262	2026-09-18T16:52:10.7627219Z [command]/usr/bin/git version
publish	Post Run actions/checkout@11d5960a326750d5838078e36cf38b85af677262	2026-09-18T16:52:10.7661053Z git version 2.55.0
publish	Post Run actions/checkout@11d5960a326750d5838078e36cf38b85af677262	2026-09-18T16:52:10.7691306Z Temporarily overriding HOME='/home/runner/work/_temp/3affe177-db20-4ccd-930e-ad62a51eaa8e' before making global git config changes
publish	Post Run actions/checkout@11d5960a326750d5838078e36cf38b85af677262	2026-09-18T16:52:10.7692546Z Adding repository directory to the temporary git global config as a safe directory
publish	Post Run actions/checkout@11d5960a326750d5838078e36cf38b85af677262	2026-09-18T16:52:10.7695840Z [command]/usr/bin/git config --global --add safe.directory /home/runner/work/testnet-wallet-lab/testnet-wallet-lab
publish	Post Run actions/checkout@11d5960a326750d5838078e36cf38b85af677262	2026-09-18T16:52:10.7730753Z [command]/usr/bin/git config --local --name-only --get-regexp core\.sshCommand
publish	Post Run actions/checkout@11d5960a326750d5838078e36cf38b85af677262	2026-09-18T16:52:10.7759526Z [command]/usr/bin/git submodule foreach --recursive sh -c "git config --local --name-only --get-regexp 'core\.sshCommand' && git config --local --unset-all 'core.sshCommand' || :"
publish	Post Run actions/checkout@11d5960a326750d5838078e36cf38b85af677262	2026-09-18T16:52:10.7943492Z [command]/usr/bin/git config --local --name-only --get-regexp http\.https\:\/\/github\.com\/\.extraheader
publish	Post Run actions/checkout@11d5960a326750d5838078e36cf38b85af677262	2026-09-18T16:52:10.7966884Z http.https://github.com/.extraheader
publish	Post Run actions/checkout@11d5960a326750d5838078e36cf38b85af677262	2026-09-18T16:52:10.7976051Z [command]/usr/bin/git config --local --unset-all http.https://github.com/.extraheader
publish	Post Run actions/checkout@11d5960a326750d5838078e36cf38b85af677262	2026-09-18T16:52:10.8005064Z [command]/usr/bin/git submodule foreach --recursive sh -c "git config --local --name-only --get-regexp 'http\.https\:\/\/github\.com\/\.extraheader' && git config --local --unset-all 'http.https://github.com/.extraheader' || :"
publish	Post Run actions/checkout@11d5960a326750d5838078e36cf38b85af677262	2026-09-18T16:52:10.8179240Z [command]/usr/bin/git config --local --name-only --get-regexp ^includeIf\.gitdir:
publish	Post Run actions/checkout@11d5960a326750d5838078e36cf38b85af677262	2026-09-18T16:52:10.8204695Z [command]/usr/bin/git submodule foreach --recursive git config --local --show-origin --name-only --get-regexp remote.origin.url
publish	Complete job	﻿2026-09-18T16:52:10.8503499Z Evaluate and set job outputs
publish	Complete job	2026-09-18T16:52:10.8510755Z Set output 'digest'
publish	Complete job	2026-09-18T16:52:10.8512968Z Cleaning up orphan processes
publish	Complete job	2026-09-18T16:52:10.8773688Z ##[warning]Node.js 20 is deprecated. The following actions target Node.js 20 but are being forced to run on Node.js 24: actions/checkout@11d5960a326750d5838078e36cf38b85af677262. For more information see: https://github.blog/changelog/2025-09-19-deprecation-of-node-20-on-github-actions-runners/
live	Set up job	﻿2026-09-18T16:52:15.8384661Z Current runner version: '2.337.0'
live	Set up job	2026-09-18T16:52:15.8420679Z ##[group]Runner Image Provisioner
live	Set up job	2026-09-18T16:52:15.8422193Z Hosted Compute Agent
live	Set up job	2026-09-18T16:52:15.8423694Z Version: 20260828.587
live	Set up job	2026-09-18T16:52:15.8424864Z Commit: abac92662cab4cc7352de4f9f9d2e2419aad9c29
live	Set up job	2026-09-18T16:52:15.8426312Z Build Date: 2026-08-28T16:44:25Z
live	Set up job	2026-09-18T16:52:15.8427565Z Worker ID: {b2062a58-0cb2-458d-b461-def4a1d980f1}
live	Set up job	2026-09-18T16:52:15.8428927Z Azure Region: eastus2
live	Set up job	2026-09-18T16:52:15.8430103Z ##[endgroup]
live	Set up job	2026-09-18T16:52:15.8432467Z ##[group]Operating System
live	Set up job	2026-09-18T16:52:15.8433822Z Ubuntu
live	Set up job	2026-09-18T16:52:15.8434884Z 24.04.5
live	Set up job	2026-09-18T16:52:15.8435845Z LTS
live	Set up job	2026-09-18T16:52:15.8436797Z ##[endgroup]
live	Set up job	2026-09-18T16:52:15.8437744Z ##[group]Runner Image
live	Set up job	2026-09-18T16:52:15.8439298Z Image: ubuntu-24.04
live	Set up job	2026-09-18T16:52:15.8440363Z Version: 20260907.300.1
live	Set up job	2026-09-18T16:52:15.8442315Z Included Software: https://github.com/actions/runner-images/blob/ubuntu24/20260907.300/images/ubuntu/Ubuntu2404-Readme.md
live	Set up job	2026-09-18T16:52:15.8445765Z Image Release: https://github.com/actions/runner-images/releases/tag/ubuntu24%2F20260907.300
live	Set up job	2026-09-18T16:52:15.8447804Z ##[endgroup]
live	Set up job	2026-09-18T16:52:15.8450007Z ##[group]GITHUB_TOKEN Permissions
live	Set up job	2026-09-18T16:52:15.8453177Z Contents: read
live	Set up job	2026-09-18T16:52:15.8454216Z Metadata: read
live	Set up job	2026-09-18T16:52:15.8455102Z ##[endgroup]
live	Set up job	2026-09-18T16:52:15.8458133Z Secret source: Actions
live	Set up job	2026-09-18T16:52:15.8459753Z Cache mode: write
live	Set up job	2026-09-18T16:52:15.8460833Z Prepare workflow directory
live	Set up job	2026-09-18T16:52:15.8929403Z Prepare all required actions
live	Set up job	2026-09-18T16:52:15.8998593Z Getting action download info
live	Set up job	2026-09-18T16:52:16.1149897Z Download action repository 'actions/checkout@11d5960a326750d5838078e36cf38b85af677262' (SHA:11d5960a326750d5838078e36cf38b85af677262)
live	Set up job	2026-09-18T16:52:16.2297409Z Download action repository 'actions/setup-node@49933ea5288caeca8642d1e84afbd3f7d6820020' (SHA:49933ea5288caeca8642d1e84afbd3f7d6820020)
live	Set up job	2026-09-18T16:52:16.3211768Z Download action repository 'actions/upload-artifact@ea165f8d65b6e75b540449e92b4886f43607fa02' (SHA:ea165f8d65b6e75b540449e92b4886f43607fa02)
live	Set up job	2026-09-18T16:52:16.5370785Z Complete job name: live
live	Run actions/checkout@11d5960a326750d5838078e36cf38b85af677262	﻿2026-09-18T16:52:16.6128478Z Node 20 is being deprecated. This workflow is running with Node 24 by default. If you need to temporarily use Node 20, you can set the ACTIONS_ALLOW_USE_UNSECURE_NODE_VERSION=true environment variable. For more information see: https://github.blog/changelog/2025-09-19-deprecation-of-node-20-on-github-actions-runners/
live	Run actions/checkout@11d5960a326750d5838078e36cf38b85af677262	2026-09-18T16:52:16.6137758Z ##[group]Run actions/checkout@11d5960a326750d5838078e36cf38b85af677262
live	Run actions/checkout@11d5960a326750d5838078e36cf38b85af677262	2026-09-18T16:52:16.6138702Z with:
live	Run actions/checkout@11d5960a326750d5838078e36cf38b85af677262	2026-09-18T16:52:16.6139179Z   repository: a861252012/testnet-wallet-lab
live	Run actions/checkout@11d5960a326750d5838078e36cf38b85af677262	2026-09-18T16:52:16.6143090Z   token: ***
live	Run actions/checkout@11d5960a326750d5838078e36cf38b85af677262	2026-09-18T16:52:16.6143545Z   ssh-strict: true
live	Run actions/checkout@11d5960a326750d5838078e36cf38b85af677262	2026-09-18T16:52:16.6143981Z   ssh-user: git
live	Run actions/checkout@11d5960a326750d5838078e36cf38b85af677262	2026-09-18T16:52:16.6144438Z   persist-credentials: true
live	Run actions/checkout@11d5960a326750d5838078e36cf38b85af677262	2026-09-18T16:52:16.6145087Z   clean: true
live	Run actions/checkout@11d5960a326750d5838078e36cf38b85af677262	2026-09-18T16:52:16.6145547Z   sparse-checkout-cone-mode: true
live	Run actions/checkout@11d5960a326750d5838078e36cf38b85af677262	2026-09-18T16:52:16.6146104Z   fetch-depth: 1
live	Run actions/checkout@11d5960a326750d5838078e36cf38b85af677262	2026-09-18T16:52:16.6146537Z   fetch-tags: false
live	Run actions/checkout@11d5960a326750d5838078e36cf38b85af677262	2026-09-18T16:52:16.6146977Z   show-progress: true
live	Run actions/checkout@11d5960a326750d5838078e36cf38b85af677262	2026-09-18T16:52:16.6147417Z   lfs: false
live	Run actions/checkout@11d5960a326750d5838078e36cf38b85af677262	2026-09-18T16:52:16.6147867Z   submodules: false
live	Run actions/checkout@11d5960a326750d5838078e36cf38b85af677262	2026-09-18T16:52:16.6148313Z   set-safe-directory: true
live	Run actions/checkout@11d5960a326750d5838078e36cf38b85af677262	2026-09-18T16:52:16.6148822Z   allow-unsafe-pr-checkout: false
live	Run actions/checkout@11d5960a326750d5838078e36cf38b85af677262	2026-09-18T16:52:16.6149630Z ##[endgroup]
live	Run actions/checkout@11d5960a326750d5838078e36cf38b85af677262	2026-09-18T16:52:16.7128753Z Syncing repository: a861252012/testnet-wallet-lab
live	Run actions/checkout@11d5960a326750d5838078e36cf38b85af677262	2026-09-18T16:52:16.7130656Z ##[group]Getting Git version info
live	Run actions/checkout@11d5960a326750d5838078e36cf38b85af677262	2026-09-18T16:52:16.7131681Z Working directory is '/home/runner/work/testnet-wallet-lab/testnet-wallet-lab'
live	Run actions/checkout@11d5960a326750d5838078e36cf38b85af677262	2026-09-18T16:52:16.7133064Z [command]/usr/bin/git version
live	Run actions/checkout@11d5960a326750d5838078e36cf38b85af677262	2026-09-18T16:52:16.7194312Z git version 2.55.0
live	Run actions/checkout@11d5960a326750d5838078e36cf38b85af677262	2026-09-18T16:52:16.7215211Z ##[endgroup]
live	Run actions/checkout@11d5960a326750d5838078e36cf38b85af677262	2026-09-18T16:52:16.7228454Z Temporarily overriding HOME='/home/runner/work/_temp/b60b6657-62c0-46f1-ad3c-716257652d24' before making global git config changes
live	Run actions/checkout@11d5960a326750d5838078e36cf38b85af677262	2026-09-18T16:52:16.7229872Z Adding repository directory to the temporary git global config as a safe directory
live	Run actions/checkout@11d5960a326750d5838078e36cf38b85af677262	2026-09-18T16:52:16.7233998Z [command]/usr/bin/git config --global --add safe.directory /home/runner/work/testnet-wallet-lab/testnet-wallet-lab
live	Run actions/checkout@11d5960a326750d5838078e36cf38b85af677262	2026-09-18T16:52:16.7281682Z Deleting the contents of '/home/runner/work/testnet-wallet-lab/testnet-wallet-lab'
live	Run actions/checkout@11d5960a326750d5838078e36cf38b85af677262	2026-09-18T16:52:16.7286780Z ##[group]Initializing the repository
live	Run actions/checkout@11d5960a326750d5838078e36cf38b85af677262	2026-09-18T16:52:16.7290736Z [command]/usr/bin/git init /home/runner/work/testnet-wallet-lab/testnet-wallet-lab
live	Run actions/checkout@11d5960a326750d5838078e36cf38b85af677262	2026-09-18T16:52:16.7400978Z hint: Using 'master' as the name for the initial branch. This default branch name
live	Run actions/checkout@11d5960a326750d5838078e36cf38b85af677262	2026-09-18T16:52:16.7402929Z hint: will change to "main" in Git 3.0. To configure the initial branch name
live	Run actions/checkout@11d5960a326750d5838078e36cf38b85af677262	2026-09-18T16:52:16.7403962Z hint: to use in all of your new repositories, which will suppress this warning,
live	Run actions/checkout@11d5960a326750d5838078e36cf38b85af677262	2026-09-18T16:52:16.7404862Z hint: call:
live	Run actions/checkout@11d5960a326750d5838078e36cf38b85af677262	2026-09-18T16:52:16.7405286Z hint:
live	Run actions/checkout@11d5960a326750d5838078e36cf38b85af677262	2026-09-18T16:52:16.7405831Z hint: 	git config --global init.defaultBranch <name>
live	Run actions/checkout@11d5960a326750d5838078e36cf38b85af677262	2026-09-18T16:52:16.7406510Z hint:
live	Run actions/checkout@11d5960a326750d5838078e36cf38b85af677262	2026-09-18T16:52:16.7407138Z hint: Names commonly chosen instead of 'master' are 'main', 'trunk' and
live	Run actions/checkout@11d5960a326750d5838078e36cf38b85af677262	2026-09-18T16:52:16.7408177Z hint: 'development'. The just-created branch can be renamed via this command:
live	Run actions/checkout@11d5960a326750d5838078e36cf38b85af677262	2026-09-18T16:52:16.7408999Z hint:
live	Run actions/checkout@11d5960a326750d5838078e36cf38b85af677262	2026-09-18T16:52:16.7409446Z hint: 	git branch -m <name>
live	Run actions/checkout@11d5960a326750d5838078e36cf38b85af677262	2026-09-18T16:52:16.7409964Z hint:
live	Run actions/checkout@11d5960a326750d5838078e36cf38b85af677262	2026-09-18T16:52:16.7410632Z hint: Disable this message with "git config set advice.defaultBranchName false"
live	Run actions/checkout@11d5960a326750d5838078e36cf38b85af677262	2026-09-18T16:52:16.7415665Z Initialized empty Git repository in /home/runner/work/testnet-wallet-lab/testnet-wallet-lab/.git/
live	Run actions/checkout@11d5960a326750d5838078e36cf38b85af677262	2026-09-18T16:52:16.7425921Z [command]/usr/bin/git remote add origin https://github.com/a861252012/testnet-wallet-lab
live	Run actions/checkout@11d5960a326750d5838078e36cf38b85af677262	2026-09-18T16:52:16.7469654Z ##[endgroup]
live	Run actions/checkout@11d5960a326750d5838078e36cf38b85af677262	2026-09-18T16:52:16.7470431Z ##[group]Disabling automatic garbage collection
live	Run actions/checkout@11d5960a326750d5838078e36cf38b85af677262	2026-09-18T16:52:16.7473347Z [command]/usr/bin/git config --local gc.auto 0
live	Run actions/checkout@11d5960a326750d5838078e36cf38b85af677262	2026-09-18T16:52:16.7501749Z ##[endgroup]
live	Run actions/checkout@11d5960a326750d5838078e36cf38b85af677262	2026-09-18T16:52:16.7502801Z ##[group]Setting up auth
live	Run actions/checkout@11d5960a326750d5838078e36cf38b85af677262	2026-09-18T16:52:16.7508312Z [command]/usr/bin/git config --local --name-only --get-regexp core\.sshCommand
live	Run actions/checkout@11d5960a326750d5838078e36cf38b85af677262	2026-09-18T16:52:16.7538099Z [command]/usr/bin/git submodule foreach --recursive sh -c "git config --local --name-only --get-regexp 'core\.sshCommand' && git config --local --unset-all 'core.sshCommand' || :"
live	Run actions/checkout@11d5960a326750d5838078e36cf38b85af677262	2026-09-18T16:52:16.7894882Z [command]/usr/bin/git config --local --name-only --get-regexp http\.https\:\/\/github\.com\/\.extraheader
live	Run actions/checkout@11d5960a326750d5838078e36cf38b85af677262	2026-09-18T16:52:16.7924078Z [command]/usr/bin/git submodule foreach --recursive sh -c "git config --local --name-only --get-regexp 'http\.https\:\/\/github\.com\/\.extraheader' && git config --local --unset-all 'http.https://github.com/.extraheader' || :"
live	Run actions/checkout@11d5960a326750d5838078e36cf38b85af677262	2026-09-18T16:52:16.8153611Z [command]/usr/bin/git config --local --name-only --get-regexp ^includeIf\.gitdir:
live	Run actions/checkout@11d5960a326750d5838078e36cf38b85af677262	2026-09-18T16:52:16.8184627Z [command]/usr/bin/git submodule foreach --recursive git config --local --show-origin --name-only --get-regexp remote.origin.url
live	Run actions/checkout@11d5960a326750d5838078e36cf38b85af677262	2026-09-18T16:52:16.8424077Z [command]/usr/bin/git config --local http.https://github.com/.extraheader AUTHORIZATION: basic ***
live	Run actions/checkout@11d5960a326750d5838078e36cf38b85af677262	2026-09-18T16:52:16.8461129Z ##[endgroup]
live	Run actions/checkout@11d5960a326750d5838078e36cf38b85af677262	2026-09-18T16:52:16.8462897Z ##[group]Fetching the repository
live	Run actions/checkout@11d5960a326750d5838078e36cf38b85af677262	2026-09-18T16:52:16.8471934Z [command]/usr/bin/git -c protocol.version=2 fetch --no-tags --prune --no-recurse-submodules --depth=1 origin +3a55ab854701074f6fb796ba23fe7953b67fbd8e:refs/remotes/origin/main
live	Run actions/checkout@11d5960a326750d5838078e36cf38b85af677262	2026-09-18T16:52:17.2031992Z From https://github.com/a861252012/testnet-wallet-lab
live	Run actions/checkout@11d5960a326750d5838078e36cf38b85af677262	2026-09-18T16:52:17.2034863Z  * [new ref]         3a55ab854701074f6fb796ba23fe7953b67fbd8e -> origin/main
live	Run actions/checkout@11d5960a326750d5838078e36cf38b85af677262	2026-09-18T16:52:17.2045935Z ##[endgroup]
live	Run actions/checkout@11d5960a326750d5838078e36cf38b85af677262	2026-09-18T16:52:17.2047423Z ##[group]Determining the checkout info
live	Run actions/checkout@11d5960a326750d5838078e36cf38b85af677262	2026-09-18T16:52:17.2048855Z ##[endgroup]
live	Run actions/checkout@11d5960a326750d5838078e36cf38b85af677262	2026-09-18T16:52:17.2049690Z [command]/usr/bin/git sparse-checkout disable
live	Run actions/checkout@11d5960a326750d5838078e36cf38b85af677262	2026-09-18T16:52:17.2099157Z [command]/usr/bin/git config --local --unset-all extensions.worktreeConfig
live	Run actions/checkout@11d5960a326750d5838078e36cf38b85af677262	2026-09-18T16:52:17.2129870Z ##[group]Checking out the ref
live	Run actions/checkout@11d5960a326750d5838078e36cf38b85af677262	2026-09-18T16:52:17.2135022Z [command]/usr/bin/git checkout --progress --force -B main refs/remotes/origin/main
live	Run actions/checkout@11d5960a326750d5838078e36cf38b85af677262	2026-09-18T16:52:17.2367403Z Switched to a new branch 'main'
live	Run actions/checkout@11d5960a326750d5838078e36cf38b85af677262	2026-09-18T16:52:17.2374129Z branch 'main' set up to track 'origin/main'.
live	Run actions/checkout@11d5960a326750d5838078e36cf38b85af677262	2026-09-18T16:52:17.2381417Z ##[endgroup]
live	Run actions/checkout@11d5960a326750d5838078e36cf38b85af677262	2026-09-18T16:52:17.2423485Z [command]/usr/bin/git log -1 --format=%H
live	Run actions/checkout@11d5960a326750d5838078e36cf38b85af677262	2026-09-18T16:52:17.2445591Z 3a55ab854701074f6fb796ba23fe7953b67fbd8e
live	Run actions/setup-node@49933ea5288caeca8642d1e84afbd3f7d6820020	﻿2026-09-18T16:52:17.2818567Z Node 20 is being deprecated. This workflow is running with Node 24 by default. If you need to temporarily use Node 20, you can set the ACTIONS_ALLOW_USE_UNSECURE_NODE_VERSION=true environment variable. For more information see: https://github.blog/changelog/2025-09-19-deprecation-of-node-20-on-github-actions-runners/
live	Run actions/setup-node@49933ea5288caeca8642d1e84afbd3f7d6820020	2026-09-18T16:52:17.2825113Z ##[group]Run actions/setup-node@49933ea5288caeca8642d1e84afbd3f7d6820020
live	Run actions/setup-node@49933ea5288caeca8642d1e84afbd3f7d6820020	2026-09-18T16:52:17.2826736Z with:
live	Run actions/setup-node@49933ea5288caeca8642d1e84afbd3f7d6820020	2026-09-18T16:52:17.2827554Z   node-version: 22
live	Run actions/setup-node@49933ea5288caeca8642d1e84afbd3f7d6820020	2026-09-18T16:52:17.2828445Z   cache: npm
live	Run actions/setup-node@49933ea5288caeca8642d1e84afbd3f7d6820020	2026-09-18T16:52:17.2829560Z   cache-dependency-path: tests/browser/package-lock.json
live	Run actions/setup-node@49933ea5288caeca8642d1e84afbd3f7d6820020	2026-09-18T16:52:17.2830994Z   always-auth: false
live	Run actions/setup-node@49933ea5288caeca8642d1e84afbd3f7d6820020	2026-09-18T16:52:17.2831934Z   check-latest: false
live	Run actions/setup-node@49933ea5288caeca8642d1e84afbd3f7d6820020	2026-09-18T16:52:17.2841597Z   token: ***
live	Run actions/setup-node@49933ea5288caeca8642d1e84afbd3f7d6820020	2026-09-18T16:52:17.2842593Z ##[endgroup]
live	Run actions/setup-node@49933ea5288caeca8642d1e84afbd3f7d6820020	2026-09-18T16:52:17.4358269Z Found in cache @ /opt/hostedtoolcache/node/22.23.2/x64
live	Run actions/setup-node@49933ea5288caeca8642d1e84afbd3f7d6820020	2026-09-18T16:52:17.4363904Z (node:2260) [DEP0040] DeprecationWarning: The `punycode` module is deprecated. Please use a userland alternative instead.
live	Run actions/setup-node@49933ea5288caeca8642d1e84afbd3f7d6820020	2026-09-18T16:52:17.4367500Z (Use `node --trace-deprecation ...` to show where the warning was created)
live	Run actions/setup-node@49933ea5288caeca8642d1e84afbd3f7d6820020	2026-09-18T16:52:17.4369876Z ##[group]Environment details
live	Run actions/setup-node@49933ea5288caeca8642d1e84afbd3f7d6820020	2026-09-18T16:52:17.9004392Z node: v22.23.2
live	Run actions/setup-node@49933ea5288caeca8642d1e84afbd3f7d6820020	2026-09-18T16:52:17.9005099Z npm: 10.9.8
live	Run actions/setup-node@49933ea5288caeca8642d1e84afbd3f7d6820020	2026-09-18T16:52:17.9005571Z yarn: 1.22.22
live	Run actions/setup-node@49933ea5288caeca8642d1e84afbd3f7d6820020	2026-09-18T16:52:17.9006936Z ##[endgroup]
live	Run actions/setup-node@49933ea5288caeca8642d1e84afbd3f7d6820020	2026-09-18T16:52:17.9066780Z [command]/opt/hostedtoolcache/node/22.23.2/x64/bin/npm config get cache
live	Run actions/setup-node@49933ea5288caeca8642d1e84afbd3f7d6820020	2026-09-18T16:52:18.0252243Z /home/runner/.npm
live	Run actions/setup-node@49933ea5288caeca8642d1e84afbd3f7d6820020	2026-09-18T16:52:18.1100773Z Cache hit for: node-cache-Linux-x64-npm-273d4e472d6f8a0fcba29dabcd4003daf05a53ac1c23ce96d23507be46b71abc
live	Run actions/setup-node@49933ea5288caeca8642d1e84afbd3f7d6820020	2026-09-18T16:52:18.1205473Z (node:2260) [DEP0169] DeprecationWarning: `url.parse()` behavior is not standardized and prone to errors that have security implications. Use the WHATWG URL API instead. CVEs are not issued for `url.parse()` vulnerabilities.
live	Run actions/setup-node@49933ea5288caeca8642d1e84afbd3f7d6820020	2026-09-18T16:52:18.2717953Z Received 3059394 of 3059394 (100.0%), 25.6 MBs/sec
live	Run actions/setup-node@49933ea5288caeca8642d1e84afbd3f7d6820020	2026-09-18T16:52:18.2718796Z Cache Size: ~3 MB (3059394 B)
live	Run actions/setup-node@49933ea5288caeca8642d1e84afbd3f7d6820020	2026-09-18T16:52:18.2753702Z [command]/usr/bin/tar -xf /home/runner/work/_temp/b4746036-6245-461a-8bcb-02665dc5ed87/cache.tzst -P -C /home/runner/work/testnet-wallet-lab/testnet-wallet-lab --use-compress-program unzstd
live	Run actions/setup-node@49933ea5288caeca8642d1e84afbd3f7d6820020	2026-09-18T16:52:18.2881673Z Cache restored successfully
live	Run actions/setup-node@49933ea5288caeca8642d1e84afbd3f7d6820020	2026-09-18T16:52:18.2887687Z Cache restored from key: node-cache-Linux-x64-npm-273d4e472d6f8a0fcba29dabcd4003daf05a53ac1c23ce96d23507be46b71abc
live	Run npm ci --prefix tests/browser	﻿2026-09-18T16:52:18.3029309Z ##[group]Run npm ci --prefix tests/browser
live	Run npm ci --prefix tests/browser	2026-09-18T16:52:18.3029803Z [36;1mnpm ci --prefix tests/browser[0m
live	Run npm ci --prefix tests/browser	2026-09-18T16:52:18.3086716Z shell: /usr/bin/bash -e {0}
live	Run npm ci --prefix tests/browser	2026-09-18T16:52:18.3087071Z ##[endgroup]
live	Run npm ci --prefix tests/browser	2026-09-18T16:52:19.3141760Z 
live	Run npm ci --prefix tests/browser	2026-09-18T16:52:19.3147560Z added 2 packages, and audited 3 packages in 945ms
live	Run npm ci --prefix tests/browser	2026-09-18T16:52:19.3153196Z 
live	Run npm ci --prefix tests/browser	2026-09-18T16:52:19.3153571Z found 0 vulnerabilities
live	Run cd tests/browser && npx playwright install --with-deps chromium	﻿2026-09-18T16:52:19.3567551Z ##[group]Run cd tests/browser && npx playwright install --with-deps chromium
live	Run cd tests/browser && npx playwright install --with-deps chromium	2026-09-18T16:52:19.3568147Z [36;1mcd tests/browser && npx playwright install --with-deps chromium[0m
live	Run cd tests/browser && npx playwright install --with-deps chromium	2026-09-18T16:52:19.3606721Z shell: /usr/bin/bash -e {0}
live	Run cd tests/browser && npx playwright install --with-deps chromium	2026-09-18T16:52:19.3607016Z ##[endgroup]
live	Run cd tests/browser && npx playwright install --with-deps chromium	2026-09-18T16:52:20.2951978Z Installing dependencies...
live	Run cd tests/browser && npx playwright install --with-deps chromium	2026-09-18T16:52:20.3031796Z Switching to root user to install dependencies...
live	Run cd tests/browser && npx playwright install --with-deps chromium	2026-09-18T16:52:20.3944814Z Get:1 file:/etc/apt/apt-mirrors.txt Mirrorlist [144 B]
live	Run cd tests/browser && npx playwright install --with-deps chromium	2026-09-18T16:52:20.4300646Z Hit:2 http://azure.archive.ubuntu.com/ubuntu noble InRelease
live	Run cd tests/browser && npx playwright install --with-deps chromium	2026-09-18T16:52:20.4302756Z Get:6 https://packages.microsoft.com/ubuntu/24.04/prod noble InRelease [3600 B]
live	Run cd tests/browser && npx playwright install --with-deps chromium	2026-09-18T16:52:20.4334530Z Get:3 http://azure.archive.ubuntu.com/ubuntu noble-updates InRelease [126 kB]
live	Run cd tests/browser && npx playwright install --with-deps chromium	2026-09-18T16:52:20.4384008Z Get:4 http://azure.archive.ubuntu.com/ubuntu noble-backports InRelease [126 kB]
live	Run cd tests/browser && npx playwright install --with-deps chromium	2026-09-18T16:52:20.4408030Z Get:5 http://azure.archive.ubuntu.com/ubuntu noble-security InRelease [126 kB]
live	Run cd tests/browser && npx playwright install --with-deps chromium	2026-09-18T16:52:20.4518478Z Get:7 https://dl.google.com/linux/chrome-stable/deb stable InRelease [2548 B]
live	Run cd tests/browser && npx playwright install --with-deps chromium	2026-09-18T16:52:20.5536813Z Get:8 https://packages.microsoft.com/ubuntu/24.04/prod noble/main amd64 Packages [478 kB]
live	Run cd tests/browser && npx playwright install --with-deps chromium	2026-09-18T16:52:20.5675659Z Get:9 https://packages.microsoft.com/ubuntu/24.04/prod noble/main arm64 Packages [429 kB]
live	Run cd tests/browser && npx playwright install --with-deps chromium	2026-09-18T16:52:20.6021867Z Get:10 http://azure.archive.ubuntu.com/ubuntu noble-updates/main amd64 Packages [1275 kB]
live	Run cd tests/browser && npx playwright install --with-deps chromium	2026-09-18T16:52:20.6101035Z Get:11 http://azure.archive.ubuntu.com/ubuntu noble-updates/main Translation-en [294 kB]
live	Run cd tests/browser && npx playwright install --with-deps chromium	2026-09-18T16:52:20.6126162Z Get:12 http://azure.archive.ubuntu.com/ubuntu noble-updates/main amd64 Components [181 kB]
live	Run cd tests/browser && npx playwright install --with-deps chromium	2026-09-18T16:52:20.6164868Z Get:13 http://azure.archive.ubuntu.com/ubuntu noble-updates/universe amd64 Packages [1689 kB]
live	Run cd tests/browser && npx playwright install --with-deps chromium	2026-09-18T16:52:20.6262472Z Get:14 http://azure.archive.ubuntu.com/ubuntu noble-updates/universe Translation-en [338 kB]
live	Run cd tests/browser && npx playwright install --with-deps chromium	2026-09-18T16:52:20.6284851Z Get:15 http://azure.archive.ubuntu.com/ubuntu noble-updates/universe amd64 Components [388 kB]
live	Run cd tests/browser && npx playwright install --with-deps chromium	2026-09-18T16:52:20.6313850Z Get:16 http://azure.archive.ubuntu.com/ubuntu noble-updates/restricted amd64 Packages [1580 kB]
live	Run cd tests/browser && npx playwright install --with-deps chromium	2026-09-18T16:52:20.6395841Z Get:17 http://azure.archive.ubuntu.com/ubuntu noble-updates/restricted Translation-en [359 kB]
live	Run cd tests/browser && npx playwright install --with-deps chromium	2026-09-18T16:52:20.6422393Z Get:18 http://azure.archive.ubuntu.com/ubuntu noble-updates/multiverse amd64 Packages [45.7 kB]
live	Run cd tests/browser && npx playwright install --with-deps chromium	2026-09-18T16:52:20.6425568Z Get:19 http://azure.archive.ubuntu.com/ubuntu noble-updates/multiverse Translation-en [13.1 kB]
live	Run cd tests/browser && npx playwright install --with-deps chromium	2026-09-18T16:52:20.6840978Z Get:20 http://azure.archive.ubuntu.com/ubuntu noble-updates/multiverse amd64 Components [940 B]
live	Run cd tests/browser && npx playwright install --with-deps chromium	2026-09-18T16:52:20.6849757Z Get:21 http://azure.archive.ubuntu.com/ubuntu noble-backports/main amd64 Packages [65.9 kB]
live	Run cd tests/browser && npx playwright install --with-deps chromium	2026-09-18T16:52:20.6859683Z Get:22 http://azure.archive.ubuntu.com/ubuntu noble-backports/main amd64 Components [5748 B]
live	Run cd tests/browser && npx playwright install --with-deps chromium	2026-09-18T16:52:20.6865685Z Get:23 http://azure.archive.ubuntu.com/ubuntu noble-backports/universe amd64 Packages [34.6 kB]
live	Run cd tests/browser && npx playwright install --with-deps chromium	2026-09-18T16:52:20.6883824Z Get:24 http://azure.archive.ubuntu.com/ubuntu noble-backports/universe Translation-en [18.7 kB]
live	Run cd tests/browser && npx playwright install --with-deps chromium	2026-09-18T16:52:20.6904173Z Get:25 http://azure.archive.ubuntu.com/ubuntu noble-backports/universe amd64 Components [12.6 kB]
live	Run cd tests/browser && npx playwright install --with-deps chromium	2026-09-18T16:52:20.7100774Z Get:26 http://azure.archive.ubuntu.com/ubuntu noble-security/main amd64 Packages [1009 kB]
live	Run cd tests/browser && npx playwright install --with-deps chromium	2026-09-18T16:52:20.7169996Z Get:27 http://azure.archive.ubuntu.com/ubuntu noble-security/main Translation-en [214 kB]
live	Run cd tests/browser && npx playwright install --with-deps chromium	2026-09-18T16:52:20.7213743Z Get:28 http://azure.archive.ubuntu.com/ubuntu noble-security/main amd64 Components [46.4 kB]
live	Run cd tests/browser && npx playwright install --with-deps chromium	2026-09-18T16:52:20.7243682Z Get:29 http://azure.archive.ubuntu.com/ubuntu noble-security/universe amd64 Packages [1208 kB]
live	Run cd tests/browser && npx playwright install --with-deps chromium	2026-09-18T16:52:20.7263985Z Get:30 http://azure.archive.ubuntu.com/ubuntu noble-security/universe Translation-en [243 kB]
live	Run cd tests/browser && npx playwright install --with-deps chromium	2026-09-18T16:52:20.7273984Z Get:31 http://azure.archive.ubuntu.com/ubuntu noble-security/universe amd64 Components [76.2 kB]
live	Run cd tests/browser && npx playwright install --with-deps chromium	2026-09-18T16:52:20.7283037Z Get:32 http://azure.archive.ubuntu.com/ubuntu noble-security/restricted amd64 Packages [1449 kB]
live	Run cd tests/browser && npx playwright install --with-deps chromium	2026-09-18T16:52:20.7384028Z Get:33 http://azure.archive.ubuntu.com/ubuntu noble-security/restricted Translation-en [336 kB]
live	Run cd tests/browser && npx playwright install --with-deps chromium	2026-09-18T16:52:20.7800581Z Get:34 http://azure.archive.ubuntu.com/ubuntu noble-security/multiverse Translation-en [11.3 kB]
live	Run cd tests/browser && npx playwright install --with-deps chromium	2026-09-18T16:52:20.7831549Z Get:35 https://dl.google.com/linux/chrome-stable/deb stable/main amd64 Packages [1413 B]
live	Run cd tests/browser && npx playwright install --with-deps chromium	2026-09-18T16:52:24.8680062Z Fetched 12.2 MB in 1s (9200 kB/s)
live	Run cd tests/browser && npx playwright install --with-deps chromium	2026-09-18T16:52:25.6547540Z Reading package lists...
live	Run cd tests/browser && npx playwright install --with-deps chromium	2026-09-18T16:52:25.6794582Z Reading package lists...
live	Run cd tests/browser && npx playwright install --with-deps chromium	2026-09-18T16:52:25.8441682Z Building dependency tree...
live	Run cd tests/browser && npx playwright install --with-deps chromium	2026-09-18T16:52:25.8449237Z Reading state information...
live	Run cd tests/browser && npx playwright install --with-deps chromium	2026-09-18T16:52:25.9778558Z libasound2t64 is already the newest version (1.2.11-1ubuntu0.3).
live	Run cd tests/browser && npx playwright install --with-deps chromium	2026-09-18T16:52:25.9780207Z libasound2t64 set to manually installed.
live	Run cd tests/browser && npx playwright install --with-deps chromium	2026-09-18T16:52:25.9781083Z libatk-bridge2.0-0t64 is already the newest version (2.52.0-1build1).
live	Run cd tests/browser && npx playwright install --with-deps chromium	2026-09-18T16:52:25.9781999Z libatk-bridge2.0-0t64 set to manually installed.
live	Run cd tests/browser && npx playwright install --with-deps chromium	2026-09-18T16:52:25.9783110Z libatk1.0-0t64 is already the newest version (2.52.0-1build1).
live	Run cd tests/browser && npx playwright install --with-deps chromium	2026-09-18T16:52:25.9783885Z libatk1.0-0t64 set to manually installed.
live	Run cd tests/browser && npx playwright install --with-deps chromium	2026-09-18T16:52:25.9784704Z libatspi2.0-0t64 is already the newest version (2.52.0-1build1).
live	Run cd tests/browser && npx playwright install --with-deps chromium	2026-09-18T16:52:25.9785496Z libatspi2.0-0t64 set to manually installed.
live	Run cd tests/browser && npx playwright install --with-deps chromium	2026-09-18T16:52:25.9786261Z libcairo2 is already the newest version (1.18.0-3build1).
live	Run cd tests/browser && npx playwright install --with-deps chromium	2026-09-18T16:52:25.9786988Z libcairo2 set to manually installed.
live	Run cd tests/browser && npx playwright install --with-deps chromium	2026-09-18T16:52:25.9787781Z libcups2t64 is already the newest version (2.4.7-1.2ubuntu7.14).
live	Run cd tests/browser && npx playwright install --with-deps chromium	2026-09-18T16:52:25.9788561Z libcups2t64 set to manually installed.
live	Run cd tests/browser && npx playwright install --with-deps chromium	2026-09-18T16:52:25.9789092Z libdbus-1-3 is already the newest version (1.14.10-4ubuntu4.1).
live	Run cd tests/browser && npx playwright install --with-deps chromium	2026-09-18T16:52:25.9789580Z libdbus-1-3 set to manually installed.
live	Run cd tests/browser && npx playwright install --with-deps chromium	2026-09-18T16:52:25.9790231Z libdrm2 is already the newest version (2.4.125-1ubuntu0.1~24.04.2).
live	Run cd tests/browser && npx playwright install --with-deps chromium	2026-09-18T16:52:25.9790729Z libdrm2 set to manually installed.
live	Run cd tests/browser && npx playwright install --with-deps chromium	2026-09-18T16:52:25.9791223Z libgbm1 is already the newest version (25.2.8-0ubuntu0.24.04.2).
live	Run cd tests/browser && npx playwright install --with-deps chromium	2026-09-18T16:52:25.9791765Z libgbm1 set to manually installed.
live	Run cd tests/browser && npx playwright install --with-deps chromium	2026-09-18T16:52:25.9792270Z libglib2.0-0t64 is already the newest version (2.80.0-6ubuntu3.8).
live	Run cd tests/browser && npx playwright install --with-deps chromium	2026-09-18T16:52:25.9793048Z libglib2.0-0t64 set to manually installed.
live	Run cd tests/browser && npx playwright install --with-deps chromium	2026-09-18T16:52:25.9793560Z libnspr4 is already the newest version (2:4.35-1.1build1).
live	Run cd tests/browser && npx playwright install --with-deps chromium	2026-09-18T16:52:25.9794027Z libnspr4 set to manually installed.
live	Run cd tests/browser && npx playwright install --with-deps chromium	2026-09-18T16:52:25.9794533Z libnss3 is already the newest version (2:3.98-1ubuntu0.2).
live	Run cd tests/browser && npx playwright install --with-deps chromium	2026-09-18T16:52:25.9794995Z libnss3 set to manually installed.
live	Run cd tests/browser && npx playwright install --with-deps chromium	2026-09-18T16:52:25.9795504Z libpango-1.0-0 is already the newest version (1.52.1+ds-1build1).
live	Run cd tests/browser && npx playwright install --with-deps chromium	2026-09-18T16:52:25.9796010Z libpango-1.0-0 set to manually installed.
live	Run cd tests/browser && npx playwright install --with-deps chromium	2026-09-18T16:52:25.9796499Z libx11-6 is already the newest version (2:1.8.7-1build1).
live	Run cd tests/browser && npx playwright install --with-deps chromium	2026-09-18T16:52:25.9796967Z libx11-6 set to manually installed.
live	Run cd tests/browser && npx playwright install --with-deps chromium	2026-09-18T16:52:25.9797419Z libxcb1 is already the newest version (1.15-1ubuntu2).
live	Run cd tests/browser && npx playwright install --with-deps chromium	2026-09-18T16:52:25.9797866Z libxcb1 set to manually installed.
live	Run cd tests/browser && npx playwright install --with-deps chromium	2026-09-18T16:52:25.9798379Z libxcomposite1 is already the newest version (1:0.4.5-1build3).
live	Run cd tests/browser && npx playwright install --with-deps chromium	2026-09-18T16:52:25.9798897Z libxcomposite1 set to manually installed.
live	Run cd tests/browser && npx playwright install --with-deps chromium	2026-09-18T16:52:25.9799412Z libxdamage1 is already the newest version (1:1.1.6-1build1).
live	Run cd tests/browser && npx playwright install --with-deps chromium	2026-09-18T16:52:25.9799907Z libxdamage1 set to manually installed.
live	Run cd tests/browser && npx playwright install --with-deps chromium	2026-09-18T16:52:25.9800391Z libxext6 is already the newest version (2:1.3.4-1build2).
live	Run cd tests/browser && npx playwright install --with-deps chromium	2026-09-18T16:52:25.9800847Z libxext6 set to manually installed.
live	Run cd tests/browser && npx playwright install --with-deps chromium	2026-09-18T16:52:25.9801252Z libxfixes3 is already the newest version (1:6.0.0-2build1).
live	Run cd tests/browser && npx playwright install --with-deps chromium	2026-09-18T16:52:25.9801653Z libxfixes3 set to manually installed.
live	Run cd tests/browser && npx playwright install --with-deps chromium	2026-09-18T16:52:25.9802058Z libxkbcommon0 is already the newest version (1.6.0-1build1).
live	Run cd tests/browser && npx playwright install --with-deps chromium	2026-09-18T16:52:25.9802456Z libxkbcommon0 set to manually installed.
live	Run cd tests/browser && npx playwright install --with-deps chromium	2026-09-18T16:52:25.9803024Z libxrandr2 is already the newest version (2:1.5.2-2build1).
live	Run cd tests/browser && npx playwright install --with-deps chromium	2026-09-18T16:52:25.9803409Z libxrandr2 set to manually installed.
live	Run cd tests/browser && npx playwright install --with-deps chromium	2026-09-18T16:52:25.9804022Z xvfb is already the newest version (2:21.1.12-1ubuntu1.6).
live	Run cd tests/browser && npx playwright install --with-deps chromium	2026-09-18T16:52:25.9804558Z fonts-noto-color-emoji is already the newest version (2.047-0ubuntu0.24.04.1).
live	Run cd tests/browser && npx playwright install --with-deps chromium	2026-09-18T16:52:25.9805121Z libfontconfig1 is already the newest version (2.15.0-1.1ubuntu2).
live	Run cd tests/browser && npx playwright install --with-deps chromium	2026-09-18T16:52:25.9805540Z libfontconfig1 set to manually installed.
live	Run cd tests/browser && npx playwright install --with-deps chromium	2026-09-18T16:52:25.9805995Z libfreetype6 is already the newest version (2.13.2+dfsg-1ubuntu0.1).
live	Run cd tests/browser && npx playwright install --with-deps chromium	2026-09-18T16:52:25.9806419Z libfreetype6 set to manually installed.
live	Run cd tests/browser && npx playwright install --with-deps chromium	2026-09-18T16:52:25.9806831Z fonts-liberation is already the newest version (1:2.1.5-3).
live	Run cd tests/browser && npx playwright install --with-deps chromium	2026-09-18T16:52:25.9807250Z fonts-liberation set to manually installed.
live	Run cd tests/browser && npx playwright install --with-deps chromium	2026-09-18T16:52:25.9807655Z The following additional packages will be installed:
live	Run cd tests/browser && npx playwright install --with-deps chromium	2026-09-18T16:52:25.9808012Z   xfonts-encodings xfonts-utils
live	Run cd tests/browser && npx playwright install --with-deps chromium	2026-09-18T16:52:25.9808442Z Recommended packages:
live	Run cd tests/browser && npx playwright install --with-deps chromium	2026-09-18T16:52:25.9808718Z   fonts-ipafont-mincho fonts-tlwg-loma
live	Run cd tests/browser && npx playwright install --with-deps chromium	2026-09-18T16:52:25.9972078Z The following NEW packages will be installed:
live	Run cd tests/browser && npx playwright install --with-deps chromium	2026-09-18T16:52:25.9973123Z   fonts-freefont-ttf fonts-ipafont-gothic fonts-tlwg-loma-otf fonts-unifont
live	Run cd tests/browser && npx playwright install --with-deps chromium	2026-09-18T16:52:25.9977724Z   fonts-wqy-zenhei xfonts-cyrillic xfonts-encodings xfonts-scalable
live	Run cd tests/browser && npx playwright install --with-deps chromium	2026-09-18T16:52:25.9978378Z   xfonts-utils
live	Run cd tests/browser && npx playwright install --with-deps chromium	2026-09-18T16:52:26.0143876Z 0 upgraded, 9 newly installed, 0 to remove and 73 not upgraded.
live	Run cd tests/browser && npx playwright install --with-deps chromium	2026-09-18T16:52:26.0144629Z Need to get 21.1 MB of archives.
live	Run cd tests/browser && npx playwright install --with-deps chromium	2026-09-18T16:52:26.0145169Z After this operation, 79.5 MB of additional disk space will be used.
live	Run cd tests/browser && npx playwright install --with-deps chromium	2026-09-18T16:52:26.0145692Z Get:1 file:/etc/apt/apt-mirrors.txt Mirrorlist [144 B]
live	Run cd tests/browser && npx playwright install --with-deps chromium	2026-09-18T16:52:26.1198211Z Get:2 http://azure.archive.ubuntu.com/ubuntu noble/universe amd64 fonts-ipafont-gothic all 00303-21ubuntu1 [3513 kB]
live	Run cd tests/browser && npx playwright install --with-deps chromium	2026-09-18T16:52:26.1603135Z Get:3 http://azure.archive.ubuntu.com/ubuntu noble/main amd64 fonts-freefont-ttf all 20211204+svn4273-2 [5641 kB]
live	Run cd tests/browser && npx playwright install --with-deps chromium	2026-09-18T16:52:26.2482877Z Get:4 http://azure.archive.ubuntu.com/ubuntu noble/universe amd64 fonts-tlwg-loma-otf all 1:0.7.3-1 [107 kB]
live	Run cd tests/browser && npx playwright install --with-deps chromium	2026-09-18T16:52:26.2512779Z Get:5 http://azure.archive.ubuntu.com/ubuntu noble/universe amd64 fonts-unifont all 1:15.1.01-1build1 [2993 kB]
live	Run cd tests/browser && npx playwright install --with-deps chromium	2026-09-18T16:52:26.2907737Z Get:6 http://azure.archive.ubuntu.com/ubuntu noble/universe amd64 fonts-wqy-zenhei all 0.9.45-8 [7472 kB]
live	Run cd tests/browser && npx playwright install --with-deps chromium	2026-09-18T16:52:26.4125092Z Get:7 http://azure.archive.ubuntu.com/ubuntu noble/main amd64 xfonts-encodings all 1:1.0.5-0ubuntu2 [578 kB]
live	Run cd tests/browser && npx playwright install --with-deps chromium	2026-09-18T16:52:26.4244485Z Get:8 http://azure.archive.ubuntu.com/ubuntu noble/main amd64 xfonts-utils amd64 1:7.7+6build3 [94.4 kB]
live	Run cd tests/browser && npx playwright install --with-deps chromium	2026-09-18T16:52:26.4269256Z Get:9 http://azure.archive.ubuntu.com/ubuntu noble/universe amd64 xfonts-cyrillic all 1:1.0.5+nmu1 [384 kB]
live	Run cd tests/browser && npx playwright install --with-deps chromium	2026-09-18T16:52:26.4360898Z Get:10 http://azure.archive.ubuntu.com/ubuntu noble/main amd64 xfonts-scalable all 1:1.0.3-1.3 [304 kB]
live	Run cd tests/browser && npx playwright install --with-deps chromium	2026-09-18T16:52:26.6892386Z Fetched 21.1 MB in 0s (48.2 MB/s)
live	Run cd tests/browser && npx playwright install --with-deps chromium	2026-09-18T16:52:26.7159837Z Selecting previously unselected package fonts-ipafont-gothic.
live	Run cd tests/browser && npx playwright install --with-deps chromium	2026-09-18T16:52:26.7490436Z (Reading database ... 
live	Run cd tests/browser && npx playwright install --with-deps chromium	2026-09-18T16:52:26.7491114Z (Reading database ... 5%
live	Run cd tests/browser && npx playwright install --with-deps chromium	2026-09-18T16:52:26.7491573Z (Reading database ... 10%
live	Run cd tests/browser && npx playwright install --with-deps chromium	2026-09-18T16:52:26.7491888Z (Reading database ... 15%
live	Run cd tests/browser && npx playwright install --with-deps chromium	2026-09-18T16:52:26.7492194Z (Reading database ... 20%
live	Run cd tests/browser && npx playwright install --with-deps chromium	2026-09-18T16:52:26.7492868Z (Reading database ... 25%
live	Run cd tests/browser && npx playwright install --with-deps chromium	2026-09-18T16:52:26.7493229Z (Reading database ... 30%
live	Run cd tests/browser && npx playwright install --with-deps chromium	2026-09-18T16:52:26.7493680Z (Reading database ... 35%
live	Run cd tests/browser && npx playwright install --with-deps chromium	2026-09-18T16:52:26.7494086Z (Reading database ... 40%
live	Run cd tests/browser && npx playwright install --with-deps chromium	2026-09-18T16:52:26.7494542Z (Reading database ... 45%
live	Run cd tests/browser && npx playwright install --with-deps chromium	2026-09-18T16:52:26.7494993Z (Reading database ... 50%
live	Run cd tests/browser && npx playwright install --with-deps chromium	2026-09-18T16:52:26.7543577Z (Reading database ... 55%
live	Run cd tests/browser && npx playwright install --with-deps chromium	2026-09-18T16:52:26.9138609Z (Reading database ... 60%
live	Run cd tests/browser && npx playwright install --with-deps chromium	2026-09-18T16:52:27.0545579Z (Reading database ... 65%
live	Run cd tests/browser && npx playwright install --with-deps chromium	2026-09-18T16:52:27.2627215Z (Reading database ... 70%
live	Run cd tests/browser && npx playwright install --with-deps chromium	2026-09-18T16:52:27.4127043Z (Reading database ... 75%
live	Run cd tests/browser && npx playwright install --with-deps chromium	2026-09-18T16:52:27.5357496Z (Reading database ... 80%
live	Run cd tests/browser && npx playwright install --with-deps chromium	2026-09-18T16:52:27.7002752Z (Reading database ... 85%
live	Run cd tests/browser && npx playwright install --with-deps chromium	2026-09-18T16:52:27.8559605Z (Reading database ... 90%
live	Run cd tests/browser && npx playwright install --with-deps chromium	2026-09-18T16:52:27.9695743Z (Reading database ... 95%
live	Run cd tests/browser && npx playwright install --with-deps chromium	2026-09-18T16:52:27.9696589Z (Reading database ... 100%
live	Run cd tests/browser && npx playwright install --with-deps chromium	2026-09-18T16:52:27.9697221Z (Reading database ... 201818 files and directories currently installed.)
live	Run cd tests/browser && npx playwright install --with-deps chromium	2026-09-18T16:52:27.9739247Z Preparing to unpack .../0-fonts-ipafont-gothic_00303-21ubuntu1_all.deb ...
live	Run cd tests/browser && npx playwright install --with-deps chromium	2026-09-18T16:52:27.9839258Z Unpacking fonts-ipafont-gothic (00303-21ubuntu1) ...
live	Run cd tests/browser && npx playwright install --with-deps chromium	2026-09-18T16:52:28.2116467Z Selecting previously unselected package fonts-freefont-ttf.
live	Run cd tests/browser && npx playwright install --with-deps chromium	2026-09-18T16:52:28.2244092Z Preparing to unpack .../1-fonts-freefont-ttf_20211204+svn4273-2_all.deb ...
live	Run cd tests/browser && npx playwright install --with-deps chromium	2026-09-18T16:52:28.2254794Z Unpacking fonts-freefont-ttf (20211204+svn4273-2) ...
live	Run cd tests/browser && npx playwright install --with-deps chromium	2026-09-18T16:52:28.3058582Z Selecting previously unselected package fonts-tlwg-loma-otf.
live	Run cd tests/browser && npx playwright install --with-deps chromium	2026-09-18T16:52:28.3185096Z Preparing to unpack .../2-fonts-tlwg-loma-otf_1%3a0.7.3-1_all.deb ...
live	Run cd tests/browser && npx playwright install --with-deps chromium	2026-09-18T16:52:28.3194510Z Unpacking fonts-tlwg-loma-otf (1:0.7.3-1) ...
live	Run cd tests/browser && npx playwright install --with-deps chromium	2026-09-18T16:52:28.3448816Z Selecting previously unselected package fonts-unifont.
live	Run cd tests/browser && npx playwright install --with-deps chromium	2026-09-18T16:52:28.3574931Z Preparing to unpack .../3-fonts-unifont_1%3a15.1.01-1build1_all.deb ...
live	Run cd tests/browser && npx playwright install --with-deps chromium	2026-09-18T16:52:28.3585959Z Unpacking fonts-unifont (1:15.1.01-1build1) ...
live	Run cd tests/browser && npx playwright install --with-deps chromium	2026-09-18T16:52:28.4828267Z Selecting previously unselected package fonts-wqy-zenhei.
live	Run cd tests/browser && npx playwright install --with-deps chromium	2026-09-18T16:52:28.4954261Z Preparing to unpack .../4-fonts-wqy-zenhei_0.9.45-8_all.deb ...
live	Run cd tests/browser && npx playwright install --with-deps chromium	2026-09-18T16:52:28.5052288Z Unpacking fonts-wqy-zenhei (0.9.45-8) ...
live	Run cd tests/browser && npx playwright install --with-deps chromium	2026-09-18T16:52:28.9668811Z Selecting previously unselected package xfonts-encodings.
live	Run cd tests/browser && npx playwright install --with-deps chromium	2026-09-18T16:52:28.9794379Z Preparing to unpack .../5-xfonts-encodings_1%3a1.0.5-0ubuntu2_all.deb ...
live	Run cd tests/browser && npx playwright install --with-deps chromium	2026-09-18T16:52:28.9805529Z Unpacking xfonts-encodings (1:1.0.5-0ubuntu2) ...
live	Run cd tests/browser && npx playwright install --with-deps chromium	2026-09-18T16:52:29.0109580Z Selecting previously unselected package xfonts-utils.
live	Run cd tests/browser && npx playwright install --with-deps chromium	2026-09-18T16:52:29.0235866Z Preparing to unpack .../6-xfonts-utils_1%3a7.7+6build3_amd64.deb ...
live	Run cd tests/browser && npx playwright install --with-deps chromium	2026-09-18T16:52:29.0246121Z Unpacking xfonts-utils (1:7.7+6build3) ...
live	Run cd tests/browser && npx playwright install --with-deps chromium	2026-09-18T16:52:29.0824286Z Selecting previously unselected package xfonts-cyrillic.
live	Run cd tests/browser && npx playwright install --with-deps chromium	2026-09-18T16:52:29.0970294Z Preparing to unpack .../7-xfonts-cyrillic_1%3a1.0.5+nmu1_all.deb ...
live	Run cd tests/browser && npx playwright install --with-deps chromium	2026-09-18T16:52:29.0983005Z Unpacking xfonts-cyrillic (1:1.0.5+nmu1) ...
live	Run cd tests/browser && npx playwright install --with-deps chromium	2026-09-18T16:52:29.1334591Z Selecting previously unselected package xfonts-scalable.
live	Run cd tests/browser && npx playwright install --with-deps chromium	2026-09-18T16:52:29.1458996Z Preparing to unpack .../8-xfonts-scalable_1%3a1.0.3-1.3_all.deb ...
live	Run cd tests/browser && npx playwright install --with-deps chromium	2026-09-18T16:52:29.1469628Z Unpacking xfonts-scalable (1:1.0.3-1.3) ...
live	Run cd tests/browser && npx playwright install --with-deps chromium	2026-09-18T16:52:29.1870356Z Setting up fonts-wqy-zenhei (0.9.45-8) ...
live	Run cd tests/browser && npx playwright install --with-deps chromium	2026-09-18T16:52:29.2002289Z Setting up fonts-freefont-ttf (20211204+svn4273-2) ...
live	Run cd tests/browser && npx playwright install --with-deps chromium	2026-09-18T16:52:29.2029052Z Setting up fonts-tlwg-loma-otf (1:0.7.3-1) ...
live	Run cd tests/browser && npx playwright install --with-deps chromium	2026-09-18T16:52:29.2056566Z Setting up xfonts-encodings (1:1.0.5-0ubuntu2) ...
live	Run cd tests/browser && npx playwright install --with-deps chromium	2026-09-18T16:52:29.2084545Z Setting up fonts-ipafont-gothic (00303-21ubuntu1) ...
live	Run cd tests/browser && npx playwright install --with-deps chromium	2026-09-18T16:52:29.2158020Z update-alternatives: using /usr/share/fonts/opentype/ipafont-gothic/ipag.ttf to provide /usr/share/fonts/truetype/fonts-japanese-gothic.ttf (fonts-japanese-gothic.ttf) in auto mode
live	Run cd tests/browser && npx playwright install --with-deps chromium	2026-09-18T16:52:29.2178610Z Setting up fonts-unifont (1:15.1.01-1build1) ...
live	Run cd tests/browser && npx playwright install --with-deps chromium	2026-09-18T16:52:29.2204602Z Setting up xfonts-utils (1:7.7+6build3) ...
live	Run cd tests/browser && npx playwright install --with-deps chromium	2026-09-18T16:52:29.2254059Z Setting up xfonts-cyrillic (1:1.0.5+nmu1) ...
live	Run cd tests/browser && npx playwright install --with-deps chromium	2026-09-18T16:52:29.2565084Z Setting up xfonts-scalable (1:1.0.3-1.3) ...
live	Run cd tests/browser && npx playwright install --with-deps chromium	2026-09-18T16:52:29.2863877Z Processing triggers for man-db (2.12.0-4build2) ...
live	Run cd tests/browser && npx playwright install --with-deps chromium	2026-09-18T16:52:29.2889048Z Not building database; man-db/auto-update is not 'true'.
live	Run cd tests/browser && npx playwright install --with-deps chromium	2026-09-18T16:52:29.2904649Z Processing triggers for fontconfig (2.15.0-1.1ubuntu2) ...
live	Run cd tests/browser && npx playwright install --with-deps chromium	2026-09-18T16:52:30.0164873Z 
live	Run cd tests/browser && npx playwright install --with-deps chromium	2026-09-18T16:52:30.0165545Z Running kernel seems to be up-to-date.
live	Run cd tests/browser && npx playwright install --with-deps chromium	2026-09-18T16:52:30.0165869Z 
live	Run cd tests/browser && npx playwright install --with-deps chromium	2026-09-18T16:52:30.0166073Z No services need to be restarted.
live	Run cd tests/browser && npx playwright install --with-deps chromium	2026-09-18T16:52:30.0166461Z 
live	Run cd tests/browser && npx playwright install --with-deps chromium	2026-09-18T16:52:30.0166780Z No containers need to be restarted.
live	Run cd tests/browser && npx playwright install --with-deps chromium	2026-09-18T16:52:30.0167198Z 
live	Run cd tests/browser && npx playwright install --with-deps chromium	2026-09-18T16:52:30.0167578Z No user sessions are running outdated binaries.
live	Run cd tests/browser && npx playwright install --with-deps chromium	2026-09-18T16:52:30.0168044Z 
live	Run cd tests/browser && npx playwright install --with-deps chromium	2026-09-18T16:52:30.0168580Z No VM guests are running outdated hypervisor (qemu) binaries on this host.
live	Run cd tests/browser && npx playwright install --with-deps chromium	2026-09-18T16:52:30.8782313Z Downloading Chrome for Testing 145.0.7632.6 (playwright chromium v1208) from https://cdn.playwright.dev/builds/cft/145.0.7632.6/linux64/chrome-linux64.zip
live	Run cd tests/browser && npx playwright install --with-deps chromium	2026-09-18T16:52:31.0449582Z |                                                                                |   0% of 167.3 MiB
live	Run cd tests/browser && npx playwright install --with-deps chromium	2026-09-18T16:52:31.2175524Z |■■■■■■■■                                                                        |  10% of 167.3 MiB
live	Run cd tests/browser && npx playwright install --with-deps chromium	2026-09-18T16:52:31.2895377Z |■■■■■■■■■■■■■■■■                                                                |  20% of 167.3 MiB
live	Run cd tests/browser && npx playwright install --with-deps chromium	2026-09-18T16:52:31.3690654Z |■■■■■■■■■■■■■■■■■■■■■■■■                                                        |  30% of 167.3 MiB
live	Run cd tests/browser && npx playwright install --with-deps chromium	2026-09-18T16:52:31.4388315Z |■■■■■■■■■■■■■■■■■■■■■■■■■■■■■■■■                                                |  40% of 167.3 MiB
live	Run cd tests/browser && npx playwright install --with-deps chromium	2026-09-18T16:52:31.5035414Z |■■■■■■■■■■■■■■■■■■■■■■■■■■■■■■■■■■■■■■■■                                        |  50% of 167.3 MiB
live	Run cd tests/browser && npx playwright install --with-deps chromium	2026-09-18T16:52:31.5721667Z |■■■■■■■■■■■■■■■■■■■■■■■■■■■■■■■■■■■■■■■■■■■■■■■■                                |  60% of 167.3 MiB
live	Run cd tests/browser && npx playwright install --with-deps chromium	2026-09-18T16:52:31.6398502Z |■■■■■■■■■■■■■■■■■■■■■■■■■■■■■■■■■■■■■■■■■■■■■■■■■■■■■■■■                        |  70% of 167.3 MiB
live	Run cd tests/browser && npx playwright install --with-deps chromium	2026-09-18T16:52:31.7057675Z |■■■■■■■■■■■■■■■■■■■■■■■■■■■■■■■■■■■■■■■■■■■■■■■■■■■■■■■■■■■■■■■■                |  80% of 167.3 MiB
live	Run cd tests/browser && npx playwright install --with-deps chromium	2026-09-18T16:52:31.7754974Z |■■■■■■■■■■■■■■■■■■■■■■■■■■■■■■■■■■■■■■■■■■■■■■■■■■■■■■■■■■■■■■■■■■■■■■■■        |  90% of 167.3 MiB
live	Run cd tests/browser && npx playwright install --with-deps chromium	2026-09-18T16:52:31.8360635Z |■■■■■■■■■■■■■■■■■■■■■■■■■■■■■■■■■■■■■■■■■■■■■■■■■■■■■■■■■■■■■■■■■■■■■■■■■■■■■■■■| 100% of 167.3 MiB
live	Run cd tests/browser && npx playwright install --with-deps chromium	2026-09-18T16:52:34.6652952Z Chrome for Testing 145.0.7632.6 (playwright chromium v1208) downloaded to /home/runner/.cache/ms-playwright/chromium-1208
live	Run cd tests/browser && npx playwright install --with-deps chromium	2026-09-18T16:52:34.6656042Z Downloading FFmpeg (playwright ffmpeg v1011) from https://cdn.playwright.dev/dbazure/download/playwright/builds/ffmpeg/1011/ffmpeg-linux.zip
live	Run cd tests/browser && npx playwright install --with-deps chromium	2026-09-18T16:52:34.8244232Z |                                                                                |   0% of 2.3 MiB
live	Run cd tests/browser && npx playwright install --with-deps chromium	2026-09-18T16:52:34.8360741Z |■■■■■■■■                                                                        |  10% of 2.3 MiB
live	Run cd tests/browser && npx playwright install --with-deps chromium	2026-09-18T16:52:34.8446863Z |■■■■■■■■■■■■■■■■                                                                |  20% of 2.3 MiB
live	Run cd tests/browser && npx playwright install --with-deps chromium	2026-09-18T16:52:34.8497840Z |■■■■■■■■■■■■■■■■■■■■■■■■                                                        |  30% of 2.3 MiB
live	Run cd tests/browser && npx playwright install --with-deps chromium	2026-09-18T16:52:34.8538009Z |■■■■■■■■■■■■■■■■■■■■■■■■■■■■■■■■                                                |  40% of 2.3 MiB
live	Run cd tests/browser && npx playwright install --with-deps chromium	2026-09-18T16:52:34.8588837Z |■■■■■■■■■■■■■■■■■■■■■■■■■■■■■■■■■■■■■■■■                                        |  50% of 2.3 MiB
live	Run cd tests/browser && npx playwright install --with-deps chromium	2026-09-18T16:52:34.8606346Z |■■■■■■■■■■■■■■■■■■■■■■■■■■■■■■■■■■■■■■■■■■■■■■■■                                |  60% of 2.3 MiB
live	Run cd tests/browser && npx playwright install --with-deps chromium	2026-09-18T16:52:34.8631239Z |■■■■■■■■■■■■■■■■■■■■■■■■■■■■■■■■■■■■■■■■■■■■■■■■■■■■■■■■                        |  70% of 2.3 MiB
live	Run cd tests/browser && npx playwright install --with-deps chromium	2026-09-18T16:52:34.8653323Z |■■■■■■■■■■■■■■■■■■■■■■■■■■■■■■■■■■■■■■■■■■■■■■■■■■■■■■■■■■■■■■■■                |  80% of 2.3 MiB
live	Run cd tests/browser && npx playwright install --with-deps chromium	2026-09-18T16:52:34.8677779Z |■■■■■■■■■■■■■■■■■■■■■■■■■■■■■■■■■■■■■■■■■■■■■■■■■■■■■■■■■■■■■■■■■■■■■■■■        |  90% of 2.3 MiB
live	Run cd tests/browser && npx playwright install --with-deps chromium	2026-09-18T16:52:34.8694065Z |■■■■■■■■■■■■■■■■■■■■■■■■■■■■■■■■■■■■■■■■■■■■■■■■■■■■■■■■■■■■■■■■■■■■■■■■■■■■■■■■| 100% of 2.3 MiB
live	Run cd tests/browser && npx playwright install --with-deps chromium	2026-09-18T16:52:34.9315443Z FFmpeg (playwright ffmpeg v1011) downloaded to /home/runner/.cache/ms-playwright/ffmpeg-1011
live	Run cd tests/browser && npx playwright install --with-deps chromium	2026-09-18T16:52:34.9320142Z Downloading Chrome Headless Shell 145.0.7632.6 (playwright chromium-headless-shell v1208) from https://cdn.playwright.dev/builds/cft/145.0.7632.6/linux64/chrome-headless-shell-linux64.zip
live	Run cd tests/browser && npx playwright install --with-deps chromium	2026-09-18T16:52:35.1004926Z |                                                                                |   0% of 110.9 MiB
live	Run cd tests/browser && npx playwright install --with-deps chromium	2026-09-18T16:52:35.3597254Z |■■■■■■■■                                                                        |  10% of 110.9 MiB
live	Run cd tests/browser && npx playwright install --with-deps chromium	2026-09-18T16:52:35.5051206Z |■■■■■■■■■■■■■■■■                                                                |  20% of 110.9 MiB
live	Run cd tests/browser && npx playwright install --with-deps chromium	2026-09-18T16:52:35.6231405Z |■■■■■■■■■■■■■■■■■■■■■■■■                                                        |  30% of 110.9 MiB
live	Run cd tests/browser && npx playwright install --with-deps chromium	2026-09-18T16:52:35.7030408Z |■■■■■■■■■■■■■■■■■■■■■■■■■■■■■■■■                                                |  40% of 110.9 MiB
live	Run cd tests/browser && npx playwright install --with-deps chromium	2026-09-18T16:52:35.7954548Z |■■■■■■■■■■■■■■■■■■■■■■■■■■■■■■■■■■■■■■■■                                        |  50% of 110.9 MiB
live	Run cd tests/browser && npx playwright install --with-deps chromium	2026-09-18T16:52:35.8658271Z |■■■■■■■■■■■■■■■■■■■■■■■■■■■■■■■■■■■■■■■■■■■■■■■■                                |  60% of 110.9 MiB
live	Run cd tests/browser && npx playwright install --with-deps chromium	2026-09-18T16:52:35.9436064Z |■■■■■■■■■■■■■■■■■■■■■■■■■■■■■■■■■■■■■■■■■■■■■■■■■■■■■■■■                        |  70% of 110.9 MiB
live	Run cd tests/browser && npx playwright install --with-deps chromium	2026-09-18T16:52:36.0144693Z |■■■■■■■■■■■■■■■■■■■■■■■■■■■■■■■■■■■■■■■■■■■■■■■■■■■■■■■■■■■■■■■■                |  80% of 110.9 MiB
live	Run cd tests/browser && npx playwright install --with-deps chromium	2026-09-18T16:52:36.1184013Z |■■■■■■■■■■■■■■■■■■■■■■■■■■■■■■■■■■■■■■■■■■■■■■■■■■■■■■■■■■■■■■■■■■■■■■■■        |  90% of 110.9 MiB
live	Run cd tests/browser && npx playwright install --with-deps chromium	2026-09-18T16:52:36.1687958Z |■■■■■■■■■■■■■■■■■■■■■■■■■■■■■■■■■■■■■■■■■■■■■■■■■■■■■■■■■■■■■■■■■■■■■■■■■■■■■■■■| 100% of 110.9 MiB
live	Run cd tests/browser && npx playwright install --with-deps chromium	2026-09-18T16:52:38.0980537Z Chrome Headless Shell 145.0.7632.6 (playwright chromium-headless-shell v1208) downloaded to /home/runner/.cache/ms-playwright/chromium_headless_shell-1208
live	Verify deployed revision and browser flows	﻿2026-09-18T16:52:38.1250476Z ##[group]Run set -o pipefail
live	Verify deployed revision and browser flows	2026-09-18T16:52:38.1250812Z [36;1mset -o pipefail[0m
live	Verify deployed revision and browser flows	2026-09-18T16:52:38.1251073Z [36;1mmkdir -p test-results[0m
live	Verify deployed revision and browser flows	2026-09-18T16:52:38.1251467Z [36;1mnpm run test:live --prefix tests/browser 2>&1 | tee test-results/live.log[0m
live	Verify deployed revision and browser flows	2026-09-18T16:52:38.1289194Z shell: /usr/bin/bash --noprofile --norc -e -o pipefail {0}
live	Verify deployed revision and browser flows	2026-09-18T16:52:38.1289547Z env:
live	Verify deployed revision and browser flows	2026-09-18T16:52:38.1289828Z   EXPECTED_REVISION: 3a55ab854701074f6fb796ba23fe7953b67fbd8e
live	Verify deployed revision and browser flows	2026-09-18T16:52:38.1290174Z   EXPECTED_VAULT_ADDRESS: 
live	Verify deployed revision and browser flows	2026-09-18T16:52:38.1290450Z   WALLET_DEMO_URL: https://wallet.tedlin.fyi
live	Verify deployed revision and browser flows	2026-09-18T16:52:38.1290759Z ##[endgroup]
live	Verify deployed revision and browser flows	2026-09-18T16:52:38.2325809Z 
live	Verify deployed revision and browser flows	2026-09-18T16:52:38.2326098Z > test:live
live	Verify deployed revision and browser flows	2026-09-18T16:52:38.2326541Z > node live.cjs
live	Verify deployed revision and browser flows	2026-09-18T16:52:38.2326806Z 
live	Verify deployed revision and browser flows	2026-09-18T16:54:22.0864101Z PASS: deployed revision 3a55ab854701074f6fb796ba23fe7953b67fbd8e
live	Verify deployed revision and browser flows	2026-09-18T16:54:25.7070432Z PASS: read-only EVM navigation; vault disabled (no deployed contract configured)
live	Verify deployed revision and browser flows	2026-09-18T16:54:25.7071382Z SCOPE: UI and configuration only; no deposit, withdrawal or public Sepolia receipt acceptance
live	Verify deployed revision and browser flows	2026-09-18T16:54:27.4443682Z PASS: solana status and network switch preserve history panel
live	Verify deployed revision and browser flows	2026-09-18T16:54:28.5433327Z PASS: tron status and network switch preserve history panel
live	Verify deployed revision and browser flows	2026-09-18T16:54:29.0680134Z PASS: mobile navigation, no horizontal overflow, no page errors, revision unchanged
live	Run actions/upload-artifact@ea165f8d65b6e75b540449e92b4886f43607fa02	﻿2026-09-18T16:54:29.1180777Z Node 20 is being deprecated. This workflow is running with Node 24 by default. If you need to temporarily use Node 20, you can set the ACTIONS_ALLOW_USE_UNSECURE_NODE_VERSION=true environment variable. For more information see: https://github.blog/changelog/2025-09-19-deprecation-of-node-20-on-github-actions-runners/
live	Run actions/upload-artifact@ea165f8d65b6e75b540449e92b4886f43607fa02	2026-09-18T16:54:29.1182356Z ##[group]Run actions/upload-artifact@ea165f8d65b6e75b540449e92b4886f43607fa02
live	Run actions/upload-artifact@ea165f8d65b6e75b540449e92b4886f43607fa02	2026-09-18T16:54:29.1183096Z with:
live	Run actions/upload-artifact@ea165f8d65b6e75b540449e92b4886f43607fa02	2026-09-18T16:54:29.1183303Z   name: live-ui-test-log
live	Run actions/upload-artifact@ea165f8d65b6e75b540449e92b4886f43607fa02	2026-09-18T16:54:29.1183550Z   path: test-results/live.log
live	Run actions/upload-artifact@ea165f8d65b6e75b540449e92b4886f43607fa02	2026-09-18T16:54:29.1183795Z   retention-days: 14
live	Run actions/upload-artifact@ea165f8d65b6e75b540449e92b4886f43607fa02	2026-09-18T16:54:29.1184034Z   if-no-files-found: warn
live	Run actions/upload-artifact@ea165f8d65b6e75b540449e92b4886f43607fa02	2026-09-18T16:54:29.1184265Z   compression-level: 6
live	Run actions/upload-artifact@ea165f8d65b6e75b540449e92b4886f43607fa02	2026-09-18T16:54:29.1184479Z   overwrite: false
live	Run actions/upload-artifact@ea165f8d65b6e75b540449e92b4886f43607fa02	2026-09-18T16:54:29.1184701Z   include-hidden-files: false
live	Run actions/upload-artifact@ea165f8d65b6e75b540449e92b4886f43607fa02	2026-09-18T16:54:29.1184943Z ##[endgroup]
live	Run actions/upload-artifact@ea165f8d65b6e75b540449e92b4886f43607fa02	2026-09-18T16:54:29.2872208Z (node:3088) [DEP0040] DeprecationWarning: The `punycode` module is deprecated. Please use a userland alternative instead.
live	Run actions/upload-artifact@ea165f8d65b6e75b540449e92b4886f43607fa02	2026-09-18T16:54:29.2873897Z (Use `node --trace-deprecation ...` to show where the warning was created)
live	Run actions/upload-artifact@ea165f8d65b6e75b540449e92b4886f43607fa02	2026-09-18T16:54:29.2919028Z With the provided path, there will be 1 file uploaded
live	Run actions/upload-artifact@ea165f8d65b6e75b540449e92b4886f43607fa02	2026-09-18T16:54:29.2924811Z Artifact name is valid!
live	Run actions/upload-artifact@ea165f8d65b6e75b540449e92b4886f43607fa02	2026-09-18T16:54:29.2925628Z Root directory input is valid!
live	Run actions/upload-artifact@ea165f8d65b6e75b540449e92b4886f43607fa02	2026-09-18T16:54:29.4903091Z Beginning upload of artifact content to blob storage
live	Run actions/upload-artifact@ea165f8d65b6e75b540449e92b4886f43607fa02	2026-09-18T16:54:29.5091808Z (node:3088) [DEP0169] DeprecationWarning: `url.parse()` behavior is not standardized and prone to errors that have security implications. Use the WHATWG URL API instead. CVEs are not issued for `url.parse()` vulnerabilities.
live	Run actions/upload-artifact@ea165f8d65b6e75b540449e92b4886f43607fa02	2026-09-18T16:54:29.5295625Z Uploaded bytes 417
live	Run actions/upload-artifact@ea165f8d65b6e75b540449e92b4886f43607fa02	2026-09-18T16:54:29.5420463Z Finished uploading artifact content to blob storage!
live	Run actions/upload-artifact@ea165f8d65b6e75b540449e92b4886f43607fa02	2026-09-18T16:54:29.5421823Z SHA256 digest of uploaded artifact zip is 73285ec5b1cc7b0451e40da05963defc6bd3c830378be6d02f0e2835c0ebeb04
live	Run actions/upload-artifact@ea165f8d65b6e75b540449e92b4886f43607fa02	2026-09-18T16:54:29.5423078Z Finalizing artifact upload
live	Run actions/upload-artifact@ea165f8d65b6e75b540449e92b4886f43607fa02	2026-09-18T16:54:29.7618386Z Artifact live-ui-test-log.zip successfully finalized. Artifact ID 10558188215
live	Run actions/upload-artifact@ea165f8d65b6e75b540449e92b4886f43607fa02	2026-09-18T16:54:29.7619897Z Artifact live-ui-test-log has been successfully uploaded! Final size is 417 bytes. Artifact ID is 10558188215
live	Run actions/upload-artifact@ea165f8d65b6e75b540449e92b4886f43607fa02	2026-09-18T16:54:29.7626052Z Artifact download URL: https://github.com/a861252012/testnet-wallet-lab/actions/runs/35370366472/artifacts/10558188215
live	Post Run actions/setup-node@49933ea5288caeca8642d1e84afbd3f7d6820020	﻿2026-09-18T16:54:29.7791381Z Node 20 is being deprecated. This workflow is running with Node 24 by default. If you need to temporarily use Node 20, you can set the ACTIONS_ALLOW_USE_UNSECURE_NODE_VERSION=true environment variable. For more information see: https://github.blog/changelog/2025-09-19-deprecation-of-node-20-on-github-actions-runners/
live	Post Run actions/setup-node@49933ea5288caeca8642d1e84afbd3f7d6820020	2026-09-18T16:54:29.7792994Z Post job cleanup.
live	Post Run actions/setup-node@49933ea5288caeca8642d1e84afbd3f7d6820020	2026-09-18T16:54:29.9021805Z (node:3102) [DEP0040] DeprecationWarning: The `punycode` module is deprecated. Please use a userland alternative instead.
live	Post Run actions/setup-node@49933ea5288caeca8642d1e84afbd3f7d6820020	2026-09-18T16:54:29.9023259Z (Use `node --trace-deprecation ...` to show where the warning was created)
live	Post Run actions/setup-node@49933ea5288caeca8642d1e84afbd3f7d6820020	2026-09-18T16:54:29.9026932Z Cache hit occurred on the primary key node-cache-Linux-x64-npm-273d4e472d6f8a0fcba29dabcd4003daf05a53ac1c23ce96d23507be46b71abc, not saving cache.
live	Post Run actions/checkout@11d5960a326750d5838078e36cf38b85af677262	﻿2026-09-18T16:54:29.9152985Z Node 20 is being deprecated. This workflow is running with Node 24 by default. If you need to temporarily use Node 20, you can set the ACTIONS_ALLOW_USE_UNSECURE_NODE_VERSION=true environment variable. For more information see: https://github.blog/changelog/2025-09-19-deprecation-of-node-20-on-github-actions-runners/
live	Post Run actions/checkout@11d5960a326750d5838078e36cf38b85af677262	2026-09-18T16:54:29.9154284Z Post job cleanup.
live	Post Run actions/checkout@11d5960a326750d5838078e36cf38b85af677262	2026-09-18T16:54:30.0053093Z [command]/usr/bin/git version
live	Post Run actions/checkout@11d5960a326750d5838078e36cf38b85af677262	2026-09-18T16:54:30.0094479Z git version 2.55.0
live	Post Run actions/checkout@11d5960a326750d5838078e36cf38b85af677262	2026-09-18T16:54:30.0134263Z Temporarily overriding HOME='/home/runner/work/_temp/4ee54dd7-80d6-475e-afba-a82228bbaf19' before making global git config changes
live	Post Run actions/checkout@11d5960a326750d5838078e36cf38b85af677262	2026-09-18T16:54:30.0136388Z Adding repository directory to the temporary git global config as a safe directory
live	Post Run actions/checkout@11d5960a326750d5838078e36cf38b85af677262	2026-09-18T16:54:30.0138309Z [command]/usr/bin/git config --global --add safe.directory /home/runner/work/testnet-wallet-lab/testnet-wallet-lab
live	Post Run actions/checkout@11d5960a326750d5838078e36cf38b85af677262	2026-09-18T16:54:30.0176034Z [command]/usr/bin/git config --local --name-only --get-regexp core\.sshCommand
live	Post Run actions/checkout@11d5960a326750d5838078e36cf38b85af677262	2026-09-18T16:54:30.0212344Z [command]/usr/bin/git submodule foreach --recursive sh -c "git config --local --name-only --get-regexp 'core\.sshCommand' && git config --local --unset-all 'core.sshCommand' || :"
live	Post Run actions/checkout@11d5960a326750d5838078e36cf38b85af677262	2026-09-18T16:54:30.0461350Z [command]/usr/bin/git config --local --name-only --get-regexp http\.https\:\/\/github\.com\/\.extraheader
live	Post Run actions/checkout@11d5960a326750d5838078e36cf38b85af677262	2026-09-18T16:54:30.0490264Z http.https://github.com/.extraheader
live	Post Run actions/checkout@11d5960a326750d5838078e36cf38b85af677262	2026-09-18T16:54:30.0502019Z [command]/usr/bin/git config --local --unset-all http.https://github.com/.extraheader
live	Post Run actions/checkout@11d5960a326750d5838078e36cf38b85af677262	2026-09-18T16:54:30.0537796Z [command]/usr/bin/git submodule foreach --recursive sh -c "git config --local --name-only --get-regexp 'http\.https\:\/\/github\.com\/\.extraheader' && git config --local --unset-all 'http.https://github.com/.extraheader' || :"
live	Post Run actions/checkout@11d5960a326750d5838078e36cf38b85af677262	2026-09-18T16:54:30.0775284Z [command]/usr/bin/git config --local --name-only --get-regexp ^includeIf\.gitdir:
live	Post Run actions/checkout@11d5960a326750d5838078e36cf38b85af677262	2026-09-18T16:54:30.0806913Z [command]/usr/bin/git submodule foreach --recursive git config --local --show-origin --name-only --get-regexp remote.origin.url
live	Complete job	﻿2026-09-18T16:54:30.1177758Z Cleaning up orphan processes
live	Complete job	2026-09-18T16:54:30.1503682Z ##[warning]Node.js 20 is deprecated. The following actions target Node.js 20 but are being forced to run on Node.js 24: actions/checkout@11d5960a326750d5838078e36cf38b85af677262, actions/setup-node@49933ea5288caeca8642d1e84afbd3f7d6820020, actions/upload-artifact@ea165f8d65b6e75b540449e92b4886f43607fa02. For more information see: https://github.blog/changelog/2025-09-19-deprecation-of-node-20-on-github-actions-runners/
